股票代码,交易日期,开盘价,最高价,最低价,收盘价,昨收价,涨跌额,涨跌幅,成交量(手),成交额(千元)
600036.SH,2002-04-09,10.51,10.88,10.51,10.66,7.3,3.36,46.03,4141088.31,4418821.513
600036.SH,2002-04-10,10.66,10.7,10.39,10.6,10.66,-0.06,-0.56,679454.75,716684.277
600036.SH,2002-04-11,10.6,10.68,10.49,10.52,10.6,-0.08,-0.75,227882.55,240963.54
600036.SH,2002-04-12,10.5,10.64,10.48,10.57,10.52,0.05,0.48,212564.63,224059.896
600036.SH,2002-04-15,10.57,10.6,10.35,10.39,10.57,-0.18,-1.7,185311.04,193306.921
600036.SH,2002-04-16,10.35,10.39,10.14,10.16,10.39,-0.23,-2.21,249254.91,254942.372
600036.SH,2002-04-17,10.15,10.26,10.09,10.22,10.16,0.06,0.59,114593.39,116550.894
600036.SH,2002-04-18,10.2,10.2,10.1,10.12,10.22,-0.1,-0.98,85332.79,86436.774
600036.SH,2002-04-19,10.1,10.15,9.99,10.14,10.12,0.02,0.2,157222.49,157784.095
600036.SH,2002-04-22,10.1,10.1,9.99,10.01,10.14,-0.13,-1.28,65938.27,66105.563
600036.SH,2002-04-23,10.0,10.09,9.91,10.0,10.01,-0.01,-0.1,73765.44,73759.692
600036.SH,2002-04-24,10.0,10.0,9.7,9.77,10.0,-0.23,-2.3,172413.56,169554.787
600036.SH,2002-04-25,9.75,9.85,9.74,9.81,9.77,0.04,0.41,99602.72,97420.59
600036.SH,2002-04-26,9.82,9.89,9.8,9.84,9.81,0.03,0.31,81692.13,80382.992
600036.SH,2002-04-29,9.84,9.88,9.71,9.85,9.84,0.01,0.1,90360.87,88537.531
600036.SH,2002-04-30,9.89,10.15,9.8,10.02,9.85,0.17,1.73,182625.05,182699.162
600036.SH,2002-05-08,10.0,10.03,9.88,9.9,10.02,-0.12,-1.2,42283.58,41990.478
600036.SH,2002-05-09,9.89,10.08,9.88,9.94,9.9,0.04,0.4,44703.94,44552.493
600036.SH,2002-05-10,9.91,9.93,9.8,9.81,9.94,-0.13,-1.31,46384.8,45667.174
600036.SH,2002-05-13,9.8,9.8,9.58,9.62,9.81,-0.19,-1.94,127254.97,122595.409
600036.SH,2002-05-14,9.6,9.64,9.46,9.48,9.62,-0.14,-1.46,82399.48,78664.998
600036.SH,2002-05-15,9.46,9.55,9.28,9.29,9.48,-0.19,-2.0,97083.85,91212.164
600036.SH,2002-05-16,9.28,9.28,9.07,9.15,9.29,-0.14,-1.51,195171.41,178313.622
600036.SH,2002-05-17,9.18,9.3,9.05,9.25,9.15,0.1,1.09,100101.12,91833.344
600036.SH,2002-05-20,9.13,9.18,8.93,8.98,9.25,-0.27,-2.92,112970.72,101667.315
600036.SH,2002-05-21,9.18,9.25,9.03,9.18,8.98,0.2,2.23,126083.52,115523.918
600036.SH,2002-05-22,9.19,9.2,8.91,8.94,9.18,-0.24,-2.61,73383.58,66043.321
600036.SH,2002-05-23,8.95,9.13,8.94,8.98,8.94,0.04,0.45,71889.25,64749.341
600036.SH,2002-05-24,8.98,9.04,8.76,8.87,8.98,-0.11,-1.22,105260.0,92941.498
600036.SH,2002-05-27,8.89,8.95,8.78,8.91,8.87,0.04,0.45,54394.44,48160.843
600036.SH,2002-05-28,8.91,8.99,8.9,8.92,8.91,0.01,0.11,56076.77,50176.39
600036.SH,2002-05-29,8.92,8.94,8.62,8.67,8.92,-0.25,-2.8,74801.5,65398.179
600036.SH,2002-05-30,8.66,8.78,8.52,8.75,8.67,0.08,0.92,131798.29,113645.564
600036.SH,2002-05-31,8.73,8.86,8.66,8.7,8.75,-0.05,-0.57,46691.99,40944.136
600036.SH,2002-06-04,8.63,9.0,8.54,8.86,8.7,0.16,1.84,213157.6,188202.674
600036.SH,2002-06-05,9.22,9.22,8.72,8.74,8.86,-0.12,-1.35,91494.76,80995.385
600036.SH,2002-06-06,8.74,9.08,8.68,9.0,8.74,0.26,2.97,125309.92,112008.796
600036.SH,2002-06-07,9.01,9.06,8.9,8.98,9.0,-0.02,-0.22,117606.56,105772.506
600036.SH,2002-06-10,8.98,9.06,8.93,8.99,8.98,0.01,0.11,49101.42,44206.174
600036.SH,2002-06-11,8.99,9.01,8.92,8.94,8.99,-0.05,-0.56,28481.53,25522.714
600036.SH,2002-06-12,9.0,9.0,8.8,8.87,8.94,-0.07,-0.78,30367.53,26911.353
600036.SH,2002-06-13,8.87,8.87,8.75,8.76,8.87,-0.11,-1.24,28614.62,25179.53
600036.SH,2002-06-14,8.75,8.75,8.67,8.68,8.76,-0.08,-0.91,29395.0,25580.232
600036.SH,2002-06-17,8.65,8.66,8.58,8.66,8.68,-0.02,-0.23,30367.71,26183.428
600036.SH,2002-06-18,8.66,8.85,8.65,8.81,8.66,0.15,1.73,53175.74,46624.766
600036.SH,2002-06-19,8.81,8.82,8.65,8.68,8.81,-0.13,-1.48,27745.19,24170.101
600036.SH,2002-06-20,8.68,8.83,8.67,8.73,8.68,0.05,0.58,41083.0,36035.751
600036.SH,2002-06-21,8.75,9.09,8.72,8.97,8.73,0.24,2.75,149473.63,133912.68
600036.SH,2002-06-24,9.87,9.87,9.51,9.87,8.97,0.9,10.03,950650.27,934303.729
600036.SH,2002-06-25,9.99,10.85,9.81,10.45,9.87,0.58,5.88,1495149.53,1563269.915
600036.SH,2002-06-26,10.35,10.6,10.15,10.23,10.45,-0.22,-2.11,419636.72,436232.331
600036.SH,2002-06-27,10.23,10.6,10.18,10.5,10.23,0.27,2.64,414427.17,431029.64
600036.SH,2002-06-28,10.51,11.55,10.51,11.55,10.5,1.05,10.0,1560153.69,1785125.038
600036.SH,2002-07-01,11.7,11.84,11.4,11.58,11.55,0.03,0.26,905836.32,1050421.243
600036.SH,2002-07-02,11.55,11.56,11.18,11.44,11.58,-0.14,-1.21,379552.68,431511.885
600036.SH,2002-07-03,11.4,11.69,11.31,11.47,11.44,0.03,0.26,256837.2,295008.712
600036.SH,2002-07-04,11.5,11.58,10.94,11.11,11.47,-0.36,-3.14,419516.94,469443.695
600036.SH,2002-07-05,11.0,11.34,10.92,11.3,11.11,0.19,1.71,337472.27,375133.047
600036.SH,2002-07-08,11.19,11.7,11.19,11.34,11.3,0.04,0.35,419315.94,482217.366
600036.SH,2002-07-09,11.35,11.73,11.35,11.65,11.34,0.31,2.73,539128.74,625233.348
600036.SH,2002-07-10,11.65,11.92,11.29,11.31,11.65,-0.34,-2.92,1036685.59,1203566.183
600036.SH,2002-07-11,11.22,11.4,11.15,11.19,11.31,-0.12,-1.06,313053.63,352569.995
600036.SH,2002-07-12,11.19,11.25,10.98,11.03,11.19,-0.16,-1.43,324936.6,359020.954
600036.SH,2002-07-15,11.0,11.05,10.75,10.84,11.03,-0.19,-1.72,234483.28,254515.311
600036.SH,2002-07-16,10.87,11.05,10.79,10.86,10.84,0.02,0.18,185946.02,203553.086
600036.SH,2002-07-17,10.88,11.04,10.79,11.03,10.86,0.17,1.57,84799.98,92305.411
600036.SH,2002-07-18,11.09,11.22,10.98,11.1,11.03,0.07,0.63,200920.68,223753.099
600036.SH,2002-07-19,11.15,11.19,11.0,11.14,11.1,0.04,0.36,96841.95,107533.034
600036.SH,2002-07-22,11.16,11.16,10.66,10.69,11.14,-0.45,-4.04,215105.42,233006.983
600036.SH,2002-07-23,10.65,11.04,10.61,10.79,10.69,0.1,0.94,186667.49,202301.214
600036.SH,2002-07-24,10.75,10.93,10.69,10.78,10.79,-0.01,-0.09,80158.58,86608.486
600036.SH,2002-07-25,10.75,10.85,10.59,10.66,10.78,-0.12,-1.11,104706.32,111641.666
600036.SH,2002-07-26,10.68,10.74,10.6,10.62,10.66,-0.04,-0.38,76788.34,81922.996
600036.SH,2002-07-29,10.6,10.7,10.5,10.69,10.62,0.07,0.66,87368.92,92498.906
600036.SH,2002-07-30,10.75,11.15,10.69,10.95,10.69,0.26,2.43,330969.69,361697.367
600036.SH,2002-07-31,10.89,11.05,10.65,10.7,10.95,-0.25,-2.28,146379.18,159111.273
600036.SH,2002-08-01,10.69,10.81,10.59,10.73,10.7,0.03,0.28,65010.91,69443.717
600036.SH,2002-08-02,10.76,10.8,10.65,10.73,10.73,0.0,0.0,37555.25,40261.575
600036.SH,2002-08-05,10.73,10.73,10.51,10.52,10.73,-0.21,-1.96,58495.96,61924.219
600036.SH,2002-08-06,10.5,10.83,10.36,10.56,10.52,0.04,0.38,131368.11,139434.08
600036.SH,2002-08-07,10.56,10.69,10.52,10.6,10.56,0.04,0.38,80281.76,85042.728
600036.SH,2002-08-08,10.65,10.85,10.62,10.65,10.6,0.05,0.47,144101.44,154749.354
600036.SH,2002-08-09,10.6,10.66,10.53,10.53,10.65,-0.12,-1.13,109416.29,115834.566
600036.SH,2002-08-12,10.32,10.44,10.24,10.34,10.53,-0.19,-1.8,605204.78,624023.407
600036.SH,2002-08-13,10.34,10.51,10.28,10.34,10.34,0.0,0.0,158778.98,164963.341
600036.SH,2002-08-14,10.36,10.5,10.36,10.46,10.34,0.12,1.16,86809.32,90676.674
600036.SH,2002-08-15,10.46,10.52,10.39,10.44,10.46,-0.02,-0.19,63829.01,66765.253
600036.SH,2002-08-16,10.42,10.55,10.29,10.44,10.44,0.0,0.0,128143.39,133810.306
600036.SH,2002-08-19,10.46,10.68,10.36,10.56,10.44,0.12,1.15,112279.06,118801.544
600036.SH,2002-08-20,10.57,11.04,10.57,10.92,10.56,0.36,3.41,381492.19,414593.204
600036.SH,2002-08-21,10.93,11.02,10.86,10.87,10.92,-0.05,-0.46,162159.53,177359.948
600036.SH,2002-08-22,10.88,11.02,10.84,10.89,10.87,0.02,0.18,215196.26,235240.919
600036.SH,2002-08-23,10.89,11.05,10.87,10.92,10.89,0.03,0.28,136801.19,149877.585
600036.SH,2002-08-26,10.92,10.96,10.73,10.76,10.92,-0.16,-1.47,105065.3,113568.984
600036.SH,2002-08-27,10.73,10.95,10.71,10.8,10.76,0.04,0.37,114815.83,124134.413
600036.SH,2002-08-28,10.8,10.95,10.75,10.84,10.8,0.04,0.37,86611.0,93863.555
600036.SH,2002-08-29,10.84,10.95,10.77,10.79,10.84,-0.05,-0.46,74632.58,80791.865
600036.SH,2002-08-30,10.84,10.86,10.78,10.81,10.79,0.02,0.19,54321.07,58690.029
600036.SH,2002-09-02,10.71,10.86,10.71,10.79,10.81,-0.02,-0.19,38488.18,41425.559
600036.SH,2002-09-03,10.8,10.94,10.8,10.94,10.79,0.15,1.39,82129.24,89472.421
600036.SH,2002-09-04,10.95,10.98,10.83,10.84,10.94,-0.1,-0.91,63243.75,68694.146
600036.SH,2002-09-05,10.81,10.81,10.58,10.62,10.84,-0.22,-2.03,150403.76,160328.874
600036.SH,2002-09-06,10.6,10.62,10.4,10.42,10.62,-0.2,-1.88,108768.82,114196.799
600036.SH,2002-09-09,10.36,10.42,10.31,10.37,10.42,-0.05,-0.48,78148.09,81058.055
600036.SH,2002-09-10,10.37,10.48,10.36,10.38,10.37,0.01,0.1,31311.34,32544.129
600036.SH,2002-09-11,10.4,10.47,10.1,10.33,10.38,-0.05,-0.48,136566.52,140278.842
600036.SH,2002-09-12,10.33,10.42,10.25,10.31,10.33,-0.02,-0.19,25743.61,26584.099
600036.SH,2002-09-13,10.33,10.41,10.3,10.36,10.31,0.05,0.49,24386.76,25296.299
600036.SH,2002-09-16,10.36,10.36,10.01,10.07,10.36,-0.29,-2.8,153880.84,155332.44
600036.SH,2002-09-17,10.07,10.21,10.0,10.09,10.07,0.02,0.2,79921.53,80666.135
600036.SH,2002-09-18,10.11,10.15,10.07,10.09,10.09,0.0,0.0,36930.15,37294.675
600036.SH,2002-09-19,10.08,10.39,10.01,10.27,10.09,0.18,1.78,89016.55,90528.682
600036.SH,2002-09-20,10.28,10.3,10.11,10.14,10.27,-0.13,-1.27,45681.28,46543.06
600036.SH,2002-09-23,10.1,10.21,10.09,10.16,10.14,0.02,0.2,19496.1,19768.948
600036.SH,2002-09-24,10.16,10.32,10.12,10.22,10.16,0.06,0.59,43831.2,44868.218
600036.SH,2002-09-25,10.29,10.35,10.15,10.28,10.22,0.06,0.59,37528.65,38558.175
600036.SH,2002-09-26,10.27,10.38,10.19,10.2,10.28,-0.08,-0.78,48463.09,49808.173
600036.SH,2002-09-27,10.2,10.31,10.0,10.08,10.2,-0.12,-1.18,98888.52,100214.416
600036.SH,2002-10-08,10.04,10.15,9.91,10.0,10.08,-0.08,-0.79,41817.85,41816.802
600036.SH,2002-10-09,10.0,10.0,9.68,9.7,10.0,-0.3,-3.0,63546.35,62173.515
600036.SH,2002-10-10,9.69,9.79,9.53,9.57,9.7,-0.13,-1.34,33317.64,32145.904
600036.SH,2002-10-11,9.6,9.67,9.45,9.51,9.57,-0.06,-0.63,59223.34,56559.037
600036.SH,2002-10-14,9.52,9.68,9.3,9.6,9.51,0.09,0.95,47307.86,44748.167
600036.SH,2002-10-15,9.59,9.66,9.48,9.49,9.6,-0.11,-1.15,44996.47,42934.248
600036.SH,2002-10-16,9.5,9.8,9.5,9.69,9.49,0.2,2.11,71713.08,69588.292
600036.SH,2002-10-17,9.69,9.7,9.52,9.64,9.69,-0.05,-0.52,45207.09,43356.854
600036.SH,2002-10-18,9.59,9.75,9.52,9.67,9.64,0.03,0.31,31517.9,30387.261
600036.SH,2002-10-21,9.67,9.8,9.6,9.74,9.67,0.07,0.72,20549.72,19916.136
600036.SH,2002-10-22,9.74,9.94,9.74,9.86,9.74,0.12,1.23,55634.46,54825.679
600036.SH,2002-10-23,9.86,9.9,9.76,9.8,9.86,-0.06,-0.61,42664.5,41987.363
600036.SH,2002-10-24,9.81,9.87,9.73,9.75,9.8,-0.05,-0.51,16555.38,16191.534
600036.SH,2002-10-25,9.77,9.84,9.61,9.67,9.75,-0.08,-0.82,38253.71,37072.63
600036.SH,2002-10-28,9.6,9.75,9.48,9.53,9.67,-0.14,-1.45,66029.02,63211.326
600036.SH,2002-10-29,9.53,9.65,9.46,9.62,9.53,0.09,0.94,27869.52,26683.803
600036.SH,2002-10-30,9.55,9.67,9.54,9.64,9.62,0.02,0.21,16686.58,16039.366
600036.SH,2002-10-31,9.64,9.74,9.55,9.57,9.64,-0.07,-0.73,27996.11,26998.65
600036.SH,2002-11-01,9.59,9.71,9.54,9.63,9.57,0.06,0.63,34917.23,33607.151
600036.SH,2002-11-04,9.69,9.85,9.63,9.83,9.63,0.2,2.08,57128.77,55699.607
600036.SH,2002-11-05,9.85,10.05,9.85,9.92,9.83,0.09,0.92,152607.79,151801.553
600036.SH,2002-11-06,9.93,9.95,9.87,9.9,9.92,-0.02,-0.2,31783.3,31444.919
600036.SH,2002-11-07,9.93,10.03,9.9,10.0,9.9,0.1,1.01,107577.68,107368.166
600036.SH,2002-11-08,10.07,10.14,9.74,9.84,10.0,-0.16,-1.6,128992.82,127805.876
600036.SH,2002-11-11,9.81,9.9,9.67,9.68,9.84,-0.16,-1.63,36037.51,35103.348
600036.SH,2002-11-12,9.7,9.99,9.67,9.74,9.68,0.06,0.62,142429.64,140218.634
600036.SH,2002-11-13,9.74,9.78,9.56,9.68,9.74,-0.06,-0.62,68445.82,66100.399
600036.SH,2002-11-14,9.7,9.73,9.45,9.47,9.68,-0.21,-2.17,57322.36,54767.525
600036.SH,2002-11-15,9.42,9.65,9.38,9.4,9.47,-0.07,-0.74,91457.46,86543.527
600036.SH,2002-11-18,9.4,9.49,9.14,9.17,9.4,-0.23,-2.45,92837.0,85533.091
600036.SH,2002-11-19,9.15,9.28,9.09,9.24,9.17,0.07,0.76,40856.09,37519.814
600036.SH,2002-11-20,9.18,9.21,9.08,9.11,9.24,-0.13,-1.41,52393.05,47950.014
600036.SH,2002-11-21,9.1,9.12,8.81,8.85,9.11,-0.26,-2.85,109999.04,98338.62
600036.SH,2002-11-22,8.88,8.98,8.75,8.87,8.85,0.02,0.23,55578.63,49304.71
600036.SH,2002-11-25,8.87,9.05,8.83,8.9,8.87,0.03,0.34,37256.09,33342.373
600036.SH,2002-11-26,8.88,8.99,8.77,8.8,8.9,-0.1,-1.12,32623.17,28855.812
600036.SH,2002-11-27,8.8,8.96,8.71,8.92,8.8,0.12,1.36,52678.55,46534.366
600036.SH,2002-11-28,9.0,9.13,8.9,9.11,8.92,0.19,2.13,51293.66,46298.354
600036.SH,2002-11-29,9.1,9.3,8.98,9.21,9.11,0.1,1.1,124753.17,114495.353
600036.SH,2002-12-02,9.2,9.2,8.92,8.93,9.21,-0.28,-3.04,44526.73,40130.934
600036.SH,2002-12-03,8.9,9.05,8.9,9.01,8.93,0.08,0.9,30833.79,27727.714
600036.SH,2002-12-04,9.08,9.1,8.97,9.0,9.01,-0.01,-0.11,44043.5,39805.225
600036.SH,2002-12-05,8.9,8.91,8.78,8.83,9.0,-0.17,-1.89,67168.68,59325.807
600036.SH,2002-12-06,8.8,8.92,8.78,8.82,8.83,-0.01,-0.11,53805.83,47524.234
600036.SH,2002-12-09,8.82,8.93,8.78,8.88,8.82,0.06,0.68,70450.01,62434.741
600036.SH,2002-12-10,8.73,8.91,8.67,8.69,8.88,-0.19,-2.14,546521.06,479613.33
600036.SH,2002-12-11,8.69,8.7,8.59,8.65,8.69,-0.04,-0.46,142927.61,123255.46
600036.SH,2002-12-12,8.65,8.72,8.58,8.6,8.65,-0.05,-0.58,113041.06,97708.347
600036.SH,2002-12-13,8.55,8.72,8.41,8.69,8.6,0.09,1.05,118175.46,101232.866
600036.SH,2002-12-16,8.68,8.75,8.62,8.68,8.69,-0.01,-0.12,53939.6,46891.055
600036.SH,2002-12-17,8.7,8.77,8.65,8.69,8.68,0.01,0.12,102923.21,89497.885
600036.SH,2002-12-18,8.73,8.78,8.65,8.67,8.69,-0.02,-0.23,68782.66,59978.94
600036.SH,2002-12-19,8.67,8.69,8.59,8.61,8.67,-0.06,-0.69,56773.47,48963.888
600036.SH,2002-12-20,8.61,8.79,8.61,8.75,8.61,0.14,1.63,76913.8,67023.489
600036.SH,2002-12-23,8.75,8.88,8.75,8.79,8.75,0.04,0.46,65714.63,57991.744
600036.SH,2002-12-24,8.78,8.82,8.73,8.78,8.79,-0.01,-0.11,38475.37,33726.783
600036.SH,2002-12-25,8.77,8.81,8.65,8.7,8.78,-0.08,-0.91,56281.31,49050.435
600036.SH,2002-12-26,8.71,8.73,8.46,8.47,8.7,-0.23,-2.64,149575.81,127788.909
600036.SH,2002-12-27,8.46,8.5,8.39,8.41,8.47,-0.06,-0.71,166259.17,139992.541
600036.SH,2002-12-30,8.42,8.42,8.2,8.22,8.41,-0.19,-2.26,142089.02,117364.986
600036.SH,2002-12-31,8.22,8.3,8.08,8.14,8.22,-0.08,-0.97,92039.01,75033.216
600036.SH,2003-01-02,8.12,8.16,8.04,8.06,8.14,-0.08,-0.98,111795.01,90339.884
600036.SH,2003-01-03,8.06,8.12,8.02,8.12,8.06,0.06,0.74,37898.54,30610.396
600036.SH,2003-01-06,8.1,8.2,8.05,8.16,8.12,0.04,0.49,43957.43,35737.079
600036.SH,2003-01-07,8.15,8.24,8.07,8.08,8.16,-0.08,-0.98,26874.5,21852.593
600036.SH,2003-01-08,8.08,8.55,8.05,8.42,8.08,0.34,4.21,114910.32,95917.021
600036.SH,2003-01-09,8.45,8.87,8.32,8.74,8.42,0.32,3.8,364468.99,315687.849
600036.SH,2003-01-10,8.77,8.86,8.61,8.61,8.74,-0.13,-1.49,257210.25,225220.395
600036.SH,2003-01-13,8.58,8.68,8.46,8.53,8.61,-0.08,-0.93,67816.8,57982.545
600036.SH,2003-01-14,8.53,9.38,8.53,9.38,8.53,0.85,9.96,931500.48,863691.099
600036.SH,2003-01-15,9.5,9.65,9.0,9.2,9.38,-0.18,-1.92,689728.83,645243.069
600036.SH,2003-01-16,9.16,9.48,9.09,9.3,9.2,0.1,1.09,310599.35,288585.386
600036.SH,2003-01-17,9.4,9.51,9.22,9.3,9.3,0.0,0.0,217974.49,203633.549
600036.SH,2003-01-20,9.3,9.73,9.18,9.53,9.3,0.23,2.47,312577.33,297191.761
600036.SH,2003-01-21,9.48,9.75,9.37,9.44,9.53,-0.09,-0.94,323533.58,308540.386
600036.SH,2003-01-22,9.3,9.43,9.3,9.35,9.44,-0.09,-0.95,112948.9,105783.975
600036.SH,2003-01-23,9.36,9.49,9.28,9.3,9.35,-0.05,-0.53,66939.92,62808.823
600036.SH,2003-01-24,9.3,9.68,9.25,9.54,9.3,0.24,2.58,174469.34,165959.046
600036.SH,2003-01-27,9.6,10.02,9.58,9.78,9.54,0.24,2.52,349255.35,343291.763
600036.SH,2003-01-28,9.78,9.88,9.7,9.79,9.78,0.01,0.1,116918.09,114497.79
600036.SH,2003-01-29,9.81,9.98,9.77,9.84,9.79,0.05,0.51,226119.0,223520.545
600036.SH,2003-02-10,9.84,9.84,9.54,9.55,9.84,-0.29,-2.95,106321.07,102361.575
600036.SH,2003-02-11,9.5,9.58,9.42,9.56,9.55,0.01,0.1,63178.98,60106.089
600036.SH,2003-02-12,9.51,9.66,9.45,9.63,9.56,0.07,0.73,78526.99,75313.242
600036.SH,2003-02-13,9.66,9.69,9.43,9.45,9.63,-0.18,-1.87,105291.08,100591.339
600036.SH,2003-02-14,9.48,9.6,9.47,9.5,9.45,0.05,0.53,68660.79,65326.909
600036.SH,2003-02-17,9.48,9.54,9.33,9.39,9.5,-0.11,-1.16,71649.08,67610.129
600036.SH,2003-02-18,9.38,9.43,9.25,9.34,9.39,-0.05,-0.53,62312.78,58150.972
600036.SH,2003-02-19,9.35,9.53,9.3,9.5,9.34,0.16,1.71,57840.07,54586.439
600036.SH,2003-02-20,9.47,9.54,9.45,9.48,9.5,-0.02,-0.21,60622.94,57565.921
600036.SH,2003-02-21,9.45,9.49,9.19,9.27,9.48,-0.21,-2.22,149419.26,138887.229
600036.SH,2003-02-24,9.27,9.33,9.19,9.21,9.27,-0.06,-0.65,64232.19,59304.76
600036.SH,2003-02-25,9.21,9.4,9.2,9.38,9.21,0.17,1.85,66916.88,62496.991
600036.SH,2003-02-26,9.45,9.45,9.33,9.37,9.38,-0.01,-0.11,47524.16,44550.048
600036.SH,2003-02-27,9.38,9.58,9.38,9.54,9.37,0.17,1.81,137475.31,130348.43
600036.SH,2003-02-28,9.54,9.54,9.38,9.42,9.54,-0.12,-1.26,62775.08,59246.943
600036.SH,2003-03-03,9.4,9.5,9.39,9.45,9.42,0.03,0.32,34341.61,32362.004
600036.SH,2003-03-04,9.5,9.63,9.47,9.55,9.45,0.1,1.06,128569.81,123083.733
600036.SH,2003-03-05,9.6,9.6,9.43,9.52,9.55,-0.03,-0.31,72569.45,68957.277
600036.SH,2003-03-06,9.53,9.58,9.39,9.39,9.52,-0.13,-1.37,99448.05,93963.92
600036.SH,2003-03-07,9.39,9.43,9.36,9.39,9.39,0.0,0.0,42148.69,39592.338
600036.SH,2003-03-10,9.39,9.42,9.17,9.18,9.39,-0.21,-2.24,141184.38,130696.693
600036.SH,2003-03-11,9.16,9.25,9.1,9.14,9.18,-0.04,-0.44,109958.78,100539.831
600036.SH,2003-03-12,9.14,9.19,9.09,9.18,9.14,0.04,0.44,64425.05,58842.449
600036.SH,2003-03-13,9.16,9.24,9.14,9.17,9.18,-0.01,-0.11,51798.05,47482.538
600036.SH,2003-03-14,9.17,9.3,9.16,9.24,9.17,0.07,0.76,57907.68,53527.698
600036.SH,2003-03-17,9.24,9.27,9.19,9.23,9.24,-0.01,-0.11,76795.46,70730.552
600036.SH,2003-03-18,9.25,9.45,9.23,9.32,9.23,0.09,0.98,133741.23,125394.737
600036.SH,2003-03-19,9.32,9.65,9.3,9.53,9.32,0.21,2.25,265707.24,253289.429
600036.SH,2003-03-20,9.53,9.69,9.5,9.55,9.53,0.02,0.21,134176.48,128569.14
600036.SH,2003-03-21,9.55,9.76,9.5,9.6,9.55,0.05,0.52,186910.56,180913.326
600036.SH,2003-03-24,9.6,9.73,9.49,9.55,9.6,-0.05,-0.52,132626.49,127286.262
600036.SH,2003-03-25,9.52,9.58,9.47,9.53,9.55,-0.02,-0.21,91181.76,86706.121
600036.SH,2003-03-26,9.5,9.76,9.5,9.7,9.53,0.17,1.78,297502.53,288180.59
600036.SH,2003-03-27,9.69,10.44,9.65,10.09,9.7,0.39,4.02,685949.34,685473.786
600036.SH,2003-03-28,10.1,10.31,10.04,10.11,10.09,0.02,0.2,456877.73,465088.473
600036.SH,2003-03-31,10.1,10.35,10.09,10.28,10.11,0.17,1.68,268383.15,275042.185
600036.SH,2003-04-01,10.28,10.75,10.28,10.45,10.28,0.17,1.65,924169.6,978103.705
600036.SH,2003-04-02,10.48,10.59,10.43,10.5,10.45,0.05,0.48,153050.12,160793.608
600036.SH,2003-04-03,10.49,10.57,10.28,10.29,10.5,-0.21,-2.0,475720.54,493074.941
600036.SH,2003-04-04,10.28,10.53,10.23,10.39,10.29,0.1,0.97,307315.24,319893.609
600036.SH,2003-04-07,10.41,10.93,10.41,10.8,10.39,0.41,3.95,675468.38,728663.932
600036.SH,2003-04-08,10.77,11.04,10.66,10.88,10.8,0.08,0.74,567351.77,614063.851
600036.SH,2003-04-09,10.9,11.68,10.9,11.6,10.88,0.72,6.62,1055396.26,1178370.5
600036.SH,2003-04-10,11.51,12.03,11.51,11.71,11.6,0.11,0.95,2480141.91,2919604.507
600036.SH,2003-04-11,11.8,12.06,11.65,11.84,11.71,0.13,1.11,1143807.64,1360049.896
600036.SH,2003-04-14,11.9,12.45,11.68,12.28,11.84,0.44,3.72,1425646.6,1716814.635
600036.SH,2003-04-15,12.25,12.66,12.18,12.58,12.28,0.3,2.44,1034159.47,1280627.04
600036.SH,2003-04-16,12.6,13.66,12.4,12.64,12.58,0.06,0.48,1577627.61,2046998.553
600036.SH,2003-04-17,12.7,12.94,12.13,12.47,12.64,-0.17,-1.34,973106.41,1218955.195
600036.SH,2003-04-18,11.96,12.44,11.61,12.0,12.47,-0.47,-3.77,649028.3,788313.792
600036.SH,2003-04-21,11.85,12.0,11.44,11.66,12.0,-0.34,-2.83,926443.03,1080592.053
600036.SH,2003-04-22,11.68,11.95,11.66,11.8,11.66,0.14,1.2,473020.22,558628.054
600036.SH,2003-04-23,11.8,11.86,11.45,11.48,11.8,-0.32,-2.71,521226.1,604876.349
600036.SH,2003-04-24,11.4,11.45,10.93,11.18,11.48,-0.3,-2.61,1010293.67,1131225.091
600036.SH,2003-04-25,11.18,11.45,11.08,11.22,11.18,0.04,0.36,290593.66,328640.752
600036.SH,2003-04-28,11.5,12.34,11.35,12.33,11.22,1.11,9.89,1273454.28,1526831.61
600036.SH,2003-04-29,12.19,12.56,12.02,12.28,12.33,-0.05,-0.41,900558.35,1108096.208
600036.SH,2003-04-30,12.35,12.68,12.26,12.36,12.28,0.08,0.65,877774.72,1091157.403
600036.SH,2003-05-12,12.4,12.9,12.12,12.75,12.36,0.39,3.16,675222.72,850047.742
600036.SH,2003-05-13,12.78,13.0,12.01,12.1,12.75,-0.65,-5.1,708194.31,880083.246
600036.SH,2003-05-14,12.06,12.41,12.01,12.34,12.1,0.24,1.98,438934.39,538283.862
600036.SH,2003-05-15,12.36,12.65,12.21,12.39,12.34,0.05,0.41,423660.14,526628.11
600036.SH,2003-05-16,12.45,12.74,12.34,12.5,12.39,0.11,0.89,328354.22,412738.197
600036.SH,2003-05-19,12.51,12.58,12.18,12.35,12.5,-0.15,-1.2,260127.5,320535.367
600036.SH,2003-05-20,12.3,12.3,12.0,12.05,12.35,-0.3,-2.43,257921.59,312855.65
600036.SH,2003-05-21,12.06,12.3,12.01,12.05,12.05,0.0,0.0,144401.71,175376.604
600036.SH,2003-05-22,12.05,12.43,11.92,12.38,12.05,0.33,2.74,275372.24,336757.322
600036.SH,2003-05-23,12.42,12.7,12.37,12.49,12.38,0.11,0.89,457675.27,574363.833
600036.SH,2003-05-27,12.6,12.8,12.41,12.5,12.49,0.01,0.08,354378.75,446310.824
600036.SH,2003-05-28,12.52,12.7,12.15,12.22,12.5,-0.28,-2.24,386931.19,481223.303
600036.SH,2003-05-29,12.2,12.3,11.9,12.19,12.22,-0.03,-0.25,415075.98,499776.255
600036.SH,2003-05-30,12.22,12.29,12.0,12.16,12.19,-0.03,-0.25,180199.09,218992.918
600036.SH,2003-06-02,12.16,12.23,11.88,12.2,12.16,0.04,0.33,225589.38,271353.667
600036.SH,2003-06-03,12.25,12.4,12.08,12.13,12.2,-0.07,-0.57,273786.72,335651.014
600036.SH,2003-06-04,12.1,12.35,11.98,12.33,12.13,0.2,1.65,267527.05,325692.847
600036.SH,2003-06-05,12.38,12.54,12.15,12.16,12.33,-0.17,-1.38,388730.7,479885.944
600036.SH,2003-06-06,12.1,12.25,11.96,11.99,12.16,-0.17,-1.4,275872.42,332243.691
600036.SH,2003-06-09,11.96,12.05,11.63,11.66,11.99,-0.33,-2.75,263876.65,312089.605
600036.SH,2003-06-10,11.66,11.88,11.65,11.75,11.66,0.09,0.77,124247.91,146011.906
600036.SH,2003-06-11,11.87,12.18,11.78,12.16,11.75,0.41,3.49,174874.2,209661.44
600036.SH,2003-06-12,12.18,12.2,11.94,12.0,12.16,-0.16,-1.32,124219.36,149337.251
600036.SH,2003-06-13,12.0,12.17,11.92,12.04,12.0,0.04,0.33,115641.76,139006.841
600036.SH,2003-06-16,12.02,12.04,11.71,11.8,12.04,-0.24,-1.99,144708.61,170670.963
600036.SH,2003-06-17,11.78,11.87,11.6,11.72,11.8,-0.08,-0.68,142679.48,166958.333
600036.SH,2003-06-18,11.72,11.89,11.7,11.71,11.72,-0.01,-0.09,133642.07,157372.918
600036.SH,2003-06-19,11.78,11.87,11.59,11.74,11.71,0.03,0.26,163315.88,190838.06
600036.SH,2003-06-20,11.74,11.79,11.51,11.53,11.74,-0.21,-1.79,129157.98,150105.98
600036.SH,2003-06-23,11.49,11.5,11.34,11.37,11.53,-0.16,-1.39,173528.64,198111.695
600036.SH,2003-06-24,11.36,11.46,11.24,11.32,11.37,-0.05,-0.44,171710.17,194293.736
600036.SH,2003-06-25,11.38,11.42,11.24,11.29,11.32,-0.03,-0.27,84610.15,95479.294
600036.SH,2003-06-26,11.26,11.57,11.22,11.48,11.29,0.19,1.68,220108.04,251045.796
600036.SH,2003-06-27,11.5,11.56,11.28,11.35,11.48,-0.13,-1.13,207925.92,237787.221
600036.SH,2003-06-30,11.3,11.65,11.23,11.32,11.35,-0.03,-0.26,207732.28,237891.887
600036.SH,2003-07-01,11.32,11.65,11.32,11.38,11.32,0.06,0.53,223447.22,256771.001
600036.SH,2003-07-02,11.44,11.89,11.38,11.88,11.38,0.5,4.39,443302.11,518657.36
600036.SH,2003-07-03,11.9,12.01,11.79,11.94,11.88,0.06,0.51,432236.0,515612.372
600036.SH,2003-07-04,11.91,11.96,11.7,11.79,11.94,-0.15,-1.26,146009.43,172593.212
600036.SH,2003-07-07,11.78,11.91,11.62,11.75,11.79,-0.04,-0.34,110785.37,130090.022
600036.SH,2003-07-08,11.73,11.94,11.72,11.8,11.75,0.05,0.43,109535.06,129674.375
600036.SH,2003-07-09,11.81,11.89,11.71,11.75,11.8,-0.05,-0.42,69153.01,81540.717
600036.SH,2003-07-10,11.73,12.1,11.66,12.06,11.75,0.31,2.64,386595.77,463326.528
600036.SH,2003-07-11,12.07,12.14,11.94,12.01,12.06,-0.05,-0.41,187699.94,225924.162
600036.SH,2003-07-14,12.01,12.05,11.87,11.89,12.01,-0.12,-1.0,106389.83,126775.872
600036.SH,2003-07-15,11.89,12.12,11.89,12.04,11.89,0.15,1.26,120975.5,145276.974
600036.SH,2003-07-16,12.01,12.18,12.0,12.1,11.92,0.18,1.51,160519.63,194042.39
600036.SH,2003-07-17,12.13,12.35,12.03,12.26,12.1,0.16,1.32,328371.53,400492.013
600036.SH,2003-07-18,12.24,12.38,11.92,11.96,12.26,-0.3,-2.45,273837.46,332442.304
600036.SH,2003-07-21,11.92,12.01,11.83,11.97,11.96,0.01,0.08,175407.65,209187.834
600036.SH,2003-07-22,12.05,12.15,11.55,11.66,11.97,-0.31,-2.59,330592.63,387648.051
600036.SH,2003-07-23,11.65,11.72,11.47,11.59,11.66,-0.07,-0.6,133869.51,155298.215
600036.SH,2003-07-24,11.59,11.66,11.39,11.48,11.59,-0.11,-0.95,95936.47,110802.036
600036.SH,2003-07-25,11.48,11.65,11.29,11.38,11.48,-0.1,-0.87,155032.19,176945.723
600036.SH,2003-07-28,11.35,11.45,11.24,11.41,11.38,0.03,0.26,140036.59,158941.731
600036.SH,2003-07-29,11.4,11.59,11.4,11.53,11.41,0.12,1.05,103826.55,119252.679
600036.SH,2003-07-30,11.53,11.59,11.28,11.42,11.53,-0.11,-0.95,148987.73,169808.695
600036.SH,2003-07-31,11.4,11.44,11.23,11.33,11.42,-0.09,-0.79,125039.79,141330.134
600036.SH,2003-08-01,11.33,11.56,11.28,11.44,11.33,0.11,0.97,68858.22,78452.821
600036.SH,2003-08-04,11.5,11.59,11.43,11.55,11.44,0.11,0.96,69837.72,80480.387
600036.SH,2003-08-05,11.55,11.58,11.45,11.48,11.55,-0.07,-0.61,43900.58,50512.606
600036.SH,2003-08-06,11.48,11.48,11.33,11.34,11.48,-0.14,-1.22,70620.4,80324.995
600036.SH,2003-08-07,11.28,11.64,11.28,11.47,11.34,0.13,1.15,132756.48,153004.419
600036.SH,2003-08-08,11.45,11.47,11.24,11.32,11.47,-0.15,-1.31,91911.92,104263.201
600036.SH,2003-08-11,11.32,11.45,11.26,11.4,11.32,0.08,0.71,39712.98,45109.989
600036.SH,2003-08-12,11.39,11.49,11.32,11.42,11.4,0.02,0.18,33402.11,38122.924
600036.SH,2003-08-13,11.42,11.42,11.21,11.23,11.42,-0.19,-1.66,89651.2,101069.269
600036.SH,2003-08-14,11.23,11.34,10.99,11.0,11.23,-0.23,-2.05,126175.62,140100.318
600036.SH,2003-08-15,11.0,11.09,10.78,10.93,11.0,-0.07,-0.64,194369.15,211930.903
600036.SH,2003-08-18,10.9,10.95,10.77,10.89,10.93,-0.04,-0.37,45721.1,49610.289
600036.SH,2003-08-19,10.9,11.06,10.87,10.92,10.89,0.03,0.28,101386.92,110971.875
600036.SH,2003-08-20,10.95,10.98,10.82,10.96,10.92,0.04,0.37,83824.52,91203.953
600036.SH,2003-08-21,10.96,10.99,10.79,10.85,10.96,-0.11,-1.0,59174.31,64329.506
600036.SH,2003-08-22,10.83,11.0,10.68,10.7,10.85,-0.15,-1.38,59992.88,64820.685
600036.SH,2003-08-25,10.6,10.68,10.45,10.51,10.7,-0.19,-1.78,108129.66,114404.677
600036.SH,2003-08-26,10.0,10.49,10.0,10.29,10.51,-0.22,-2.09,89548.92,92757.771
600036.SH,2003-08-27,10.29,10.42,10.1,10.11,10.29,-0.18,-1.75,102655.1,104949.379
600036.SH,2003-08-28,10.15,10.2,9.94,9.95,10.11,-0.16,-1.58,160326.85,160640.486
600036.SH,2003-08-29,9.94,10.17,9.92,10.16,9.95,0.21,2.11,103623.07,104401.603
600036.SH,2003-09-01,10.16,10.4,10.1,10.4,10.16,0.24,2.36,186899.63,191202.517
600036.SH,2003-09-02,10.39,10.45,10.18,10.25,10.4,-0.15,-1.44,107277.27,110420.617
600036.SH,2003-09-03,10.23,10.32,10.12,10.13,10.25,-0.12,-1.17,75306.65,76825.965
600036.SH,2003-09-04,10.12,10.28,10.08,10.15,10.13,0.02,0.2,68351.18,69454.308
600036.SH,2003-09-05,10.16,10.18,9.9,10.01,10.15,-0.14,-1.38,118195.05,118251.102
600036.SH,2003-09-08,10.0,10.07,9.94,10.0,10.01,-0.01,-0.1,94565.79,94615.654
600036.SH,2003-09-09,10.01,10.15,9.88,10.0,10.0,0.0,0.0,110955.34,111110.311
600036.SH,2003-09-10,10.0,10.17,9.97,10.16,10.0,0.16,1.6,107507.57,108290.33
600036.SH,2003-09-11,10.19,10.34,10.15,10.26,10.16,0.1,0.98,107143.61,109707.147
600036.SH,2003-09-12,10.2,10.23,9.95,9.98,10.26,-0.28,-2.73,121799.01,122146.559
600036.SH,2003-09-15,9.95,10.01,9.54,9.6,9.98,-0.38,-3.81,278773.04,270394.079
600036.SH,2003-09-16,9.58,9.6,9.31,9.48,9.6,-0.12,-1.25,234157.23,220738.901
600036.SH,2003-09-17,9.48,9.48,9.31,9.36,9.48,-0.12,-1.27,93238.89,87354.741
600036.SH,2003-09-18,9.3,9.53,9.28,9.46,9.36,0.1,1.07,63444.65,59763.692
600036.SH,2003-09-19,9.45,9.55,9.42,9.51,9.46,0.05,0.53,38372.6,36420.411
600036.SH,2003-09-22,9.53,9.55,9.19,9.2,9.51,-0.31,-3.26,104275.02,96637.071
600036.SH,2003-09-23,9.18,9.41,9.13,9.36,9.2,0.16,1.74,145315.72,134883.597
600036.SH,2003-09-24,9.36,9.56,9.35,9.39,9.36,0.03,0.32,74401.06,70300.315
600036.SH,2003-09-25,9.42,9.47,9.29,9.37,9.39,-0.02,-0.21,68290.57,63841.628
600036.SH,2003-09-26,9.37,9.46,9.33,9.44,9.37,0.07,0.75,48878.64,45952.851
600036.SH,2003-09-29,9.43,9.5,9.32,9.33,9.44,-0.11,-1.17,87254.53,82007.478
600036.SH,2003-09-30,9.35,9.49,9.21,9.38,9.33,0.05,0.54,60331.83,56548.555
600036.SH,2003-10-08,9.35,9.48,9.27,9.4,9.38,0.02,0.21,21513.01,20233.294
600036.SH,2003-10-09,9.4,9.48,9.35,9.37,9.4,-0.03,-0.32,19737.42,18608.558
600036.SH,2003-10-10,9.33,9.67,9.18,9.5,9.37,0.13,1.39,143573.24,134811.33
600036.SH,2003-10-13,9.56,9.68,9.48,9.6,9.5,0.1,1.05,82141.96,78612.241
600036.SH,2003-10-14,9.65,9.67,9.44,9.48,9.6,-0.12,-1.25,82876.92,78865.132
600036.SH,2003-10-16,9.2,9.35,9.08,9.29,9.48,-0.19,-2.0,112429.73,103898.767
600036.SH,2003-10-17,9.29,9.36,9.18,9.3,9.29,0.01,0.11,103807.72,96401.559
600036.SH,2003-10-20,9.25,9.32,9.22,9.24,9.3,-0.06,-0.65,40355.04,37401.523
600036.SH,2003-10-21,9.23,9.28,8.99,9.05,9.24,-0.19,-2.06,130362.01,118218.728
600036.SH,2003-10-22,9.09,9.5,9.03,9.43,9.05,0.38,4.2,203861.61,190680.171
600036.SH,2003-10-23,9.43,9.64,9.34,9.44,9.43,0.01,0.11,160882.82,152997.35
600036.SH,2003-10-24,9.44,9.48,9.31,9.44,9.44,0.0,0.0,42459.29,39992.539
600036.SH,2003-10-27,9.48,9.5,9.26,9.36,9.44,-0.08,-0.85,60203.66,56352.81
600036.SH,2003-10-28,9.31,9.68,9.25,9.67,9.36,0.31,3.31,147829.8,141494.425
600036.SH,2003-10-29,9.68,9.97,9.66,9.96,9.67,0.29,3.0,372484.05,366749.244
600036.SH,2003-10-30,9.96,9.96,9.74,9.8,9.96,-0.16,-1.61,116110.28,114124.085
600036.SH,2003-10-31,9.75,9.87,9.61,9.75,9.8,-0.05,-0.51,103946.7,101277.191
600036.SH,2003-11-03,9.7,9.92,9.63,9.86,9.75,0.11,1.13,67682.77,66567.525
600036.SH,2003-11-04,9.86,10.45,9.86,10.19,9.86,0.33,3.35,309130.72,314396.375
600036.SH,2003-11-05,10.19,10.28,10.1,10.15,10.19,-0.04,-0.39,114142.54,116255.591
600036.SH,2003-11-06,10.15,10.19,9.93,9.96,10.15,-0.19,-1.87,158754.77,158860.163
600036.SH,2003-11-07,9.95,9.96,9.61,9.62,9.96,-0.34,-3.41,145065.46,141194.283
600036.SH,2003-11-10,9.65,9.85,9.58,9.7,9.62,0.08,0.83,144412.42,140063.607
600036.SH,2003-11-11,9.78,9.83,9.52,9.64,9.7,-0.06,-0.62,68032.68,65633.648
600036.SH,2003-11-12,9.6,9.6,9.25,9.29,9.64,-0.35,-3.63,123844.95,115804.864
600036.SH,2003-11-13,9.25,9.36,9.11,9.2,9.29,-0.09,-0.97,74290.29,68419.111
600036.SH,2003-11-14,9.25,9.37,9.2,9.31,9.2,0.11,1.2,55908.07,51888.986
600036.SH,2003-11-17,9.32,9.36,9.12,9.18,9.31,-0.13,-1.4,39480.2,36346.679
600036.SH,2003-11-18,9.18,9.23,9.0,9.09,9.18,-0.09,-0.98,83513.15,75734.64
600036.SH,2003-11-19,9.06,9.3,9.01,9.25,9.09,0.16,1.76,59313.11,54614.469
600036.SH,2003-11-20,9.25,9.51,9.19,9.43,9.25,0.18,1.95,138742.75,130333.302
600036.SH,2003-11-21,9.45,9.74,9.3,9.35,9.43,-0.08,-0.85,134082.85,127888.191
600036.SH,2003-11-24,9.33,9.72,9.33,9.7,9.35,0.35,3.74,129689.27,124467.109
600036.SH,2003-11-25,9.65,10.01,9.65,9.79,9.7,0.09,0.93,270277.8,266477.41
600036.SH,2003-11-26,9.79,9.81,9.65,9.8,9.79,0.01,0.1,82822.69,80523.82
600036.SH,2003-11-27,9.8,9.85,9.51,9.55,9.8,-0.25,-2.55,101369.69,97937.65
600036.SH,2003-11-28,9.55,9.7,9.54,9.55,9.55,0.0,0.0,47780.51,45919.273
600036.SH,2003-12-01,9.6,9.95,9.58,9.9,9.55,0.35,3.66,174652.98,171219.108
600036.SH,2003-12-02,9.95,9.99,9.75,9.78,9.9,-0.12,-1.21,152288.84,149745.234
600036.SH,2003-12-03,9.8,9.96,9.59,9.78,9.78,0.0,0.0,234072.44,228920.497
600036.SH,2003-12-04,9.83,10.22,9.83,10.19,9.78,0.41,4.19,554994.28,561494.207
600036.SH,2003-12-05,10.2,10.32,10.1,10.2,10.19,0.01,0.1,305822.13,312418.509
600036.SH,2003-12-08,10.22,10.44,10.12,10.21,10.2,0.01,0.1,307074.8,316265.134
600036.SH,2003-12-09,10.19,10.21,9.85,10.01,10.21,-0.2,-1.96,238340.44,238488.01
600036.SH,2003-12-10,11.0,11.0,10.33,10.56,10.01,0.55,5.49,948868.54,997981.823
600036.SH,2003-12-11,10.66,11.06,10.66,10.98,10.56,0.42,3.98,821815.43,896469.648
600036.SH,2003-12-12,10.99,11.12,10.9,11.01,10.98,0.03,0.27,551230.5,608379.544
600036.SH,2003-12-15,11.11,11.15,10.9,10.92,11.01,-0.09,-0.82,231820.75,254681.88
600036.SH,2003-12-16,10.9,10.9,10.62,10.79,10.92,-0.13,-1.19,306748.4,329263.545
600036.SH,2003-12-17,10.78,10.97,10.61,10.63,10.79,-0.16,-1.48,213935.94,231201.733
600036.SH,2003-12-18,10.59,10.82,10.56,10.79,10.63,0.16,1.51,124068.13,132727.792
600036.SH,2003-12-19,10.79,11.05,10.7,11.0,10.79,0.21,1.95,316216.98,344034.634
600036.SH,2003-12-22,11.0,11.34,10.81,11.33,11.0,0.33,3.0,594574.99,658641.511
600036.SH,2003-12-23,11.31,11.39,11.1,11.16,11.33,-0.17,-1.5,374478.01,421801.489
600036.SH,2003-12-24,11.2,11.48,11.15,11.26,11.16,0.1,0.9,374331.55,423707.353
600036.SH,2003-12-25,11.2,11.27,11.05,11.11,11.26,-0.15,-1.33,324223.9,360810.66
600036.SH,2003-12-26,11.1,11.24,11.0,11.08,11.11,-0.03,-0.27,228373.49,253586.919
600036.SH,2003-12-29,11.03,11.13,10.9,10.95,11.08,-0.13,-1.17,218321.73,239487.458
600036.SH,2003-12-30,10.9,11.04,10.86,10.91,10.95,-0.04,-0.37,185082.9,202716.704
600036.SH,2003-12-31,10.95,11.04,10.7,10.81,10.91,-0.1,-0.92,205296.55,223206.6
600036.SH,2004-01-02,10.75,11.07,10.73,10.88,10.81,0.07,0.65,220787.99,241734.611
600036.SH,2004-01-05,10.9,11.44,10.9,11.38,10.88,0.5,4.6,363484.59,409980.165
600036.SH,2004-01-06,11.43,12.03,11.43,11.79,11.38,0.41,3.6,735297.86,870015.611
600036.SH,2004-01-07,11.83,12.17,11.79,11.93,11.79,0.14,1.19,403164.1,481932.196
600036.SH,2004-01-08,11.88,12.08,11.73,12.05,11.93,0.12,1.01,295179.77,351723.839
600036.SH,2004-01-09,12.05,12.19,11.6,11.65,12.05,-0.4,-3.32,322965.33,383204.06
600036.SH,2004-01-12,11.65,12.09,11.65,12.03,11.65,0.38,3.26,366143.21,433681.75
600036.SH,2004-01-13,12.1,12.2,11.72,11.9,12.03,-0.13,-1.08,406489.94,487751.349
600036.SH,2004-01-14,11.89,11.89,11.51,11.62,11.9,-0.28,-2.35,260506.45,303011.753
600036.SH,2004-01-15,11.62,11.77,11.45,11.59,11.62,-0.03,-0.26,207801.79,241240.935
600036.SH,2004-01-16,11.58,11.73,11.46,11.65,11.59,0.06,0.52,159165.89,184770.791
600036.SH,2004-01-29,11.61,11.86,11.51,11.86,11.65,0.21,1.8,158555.16,185924.866
600036.SH,2004-01-30,11.86,11.94,11.43,11.48,11.86,-0.38,-3.2,202346.64,235518.871
600036.SH,2004-02-02,12.06,12.25,11.62,11.97,11.48,0.49,4.27,706263.02,846730.497
600036.SH,2004-02-03,11.98,12.24,11.85,12.1,11.97,0.13,1.09,287448.57,348429.624
600036.SH,2004-02-04,12.15,12.51,12.15,12.34,12.1,0.24,1.98,412715.98,511763.88
600036.SH,2004-02-05,12.35,12.54,12.19,12.29,12.34,-0.05,-0.41,311997.38,386471.971
600036.SH,2004-02-06,12.25,12.52,12.06,12.24,12.29,-0.05,-0.41,444613.52,545361.901
600036.SH,2004-02-09,12.22,12.51,12.18,12.43,12.24,0.19,1.55,343096.14,426322.163
600036.SH,2004-02-10,12.48,12.55,12.14,12.19,12.43,-0.24,-1.93,236051.76,291055.863
600036.SH,2004-02-11,12.2,12.26,11.92,11.98,12.19,-0.21,-1.72,196392.03,235969.646
600036.SH,2004-02-12,11.99,12.1,11.7,11.75,11.98,-0.23,-1.92,323169.24,384867.167
600036.SH,2004-02-13,11.75,12.0,11.7,11.76,11.75,0.01,0.09,270751.2,320581.828
600036.SH,2004-02-16,11.8,12.3,11.8,12.29,11.76,0.53,4.51,404757.01,488828.1
600036.SH,2004-02-17,12.35,12.57,12.24,12.28,12.29,-0.01,-0.08,719675.17,896111.408
600036.SH,2004-02-18,12.48,12.66,12.02,12.15,12.28,-0.13,-1.06,468039.69,575853.467
600036.SH,2004-02-19,12.17,12.32,11.9,11.97,12.15,-0.18,-1.48,290348.14,351653.911
600036.SH,2004-02-20,12.0,12.25,11.88,12.14,11.97,0.17,1.42,272915.56,330011.384
600036.SH,2004-02-23,12.16,12.2,11.59,11.66,12.14,-0.48,-3.95,578267.09,682226.758
600036.SH,2004-02-24,11.73,11.75,11.3,11.5,11.66,-0.16,-1.37,340319.57,391039.88
600036.SH,2004-02-25,11.5,11.58,11.08,11.16,11.5,-0.34,-2.96,514239.29,580015.196
600036.SH,2004-02-26,11.2,11.28,11.12,11.27,11.16,0.11,0.99,279621.12,313380.448
600036.SH,2004-02-27,11.28,11.35,11.08,11.15,11.27,-0.12,-1.06,274960.15,306915.422
600036.SH,2004-03-01,11.15,11.21,10.84,11.06,11.15,-0.09,-0.81,306495.09,336637.789
600036.SH,2004-03-02,11.15,11.28,11.05,11.15,11.06,0.09,0.81,231447.82,258578.461
600036.SH,2004-03-03,11.19,11.25,11.02,11.03,11.15,-0.12,-1.08,189102.3,210069.329
600036.SH,2004-03-04,11.0,11.11,10.88,11.1,11.03,0.07,0.63,187448.57,206028.581
600036.SH,2004-03-05,11.1,11.17,10.91,10.98,11.1,-0.12,-1.08,128798.52,141906.266
600036.SH,2004-03-08,10.95,10.99,10.65,10.66,10.98,-0.32,-2.91,186429.75,200993.848
600036.SH,2004-03-09,10.66,10.82,10.58,10.69,10.66,0.03,0.28,136345.38,145914.569
600036.SH,2004-03-10,10.75,11.06,10.72,11.04,10.69,0.35,3.27,148476.94,162040.417
600036.SH,2004-03-11,11.08,11.15,10.96,11.01,11.04,-0.03,-0.27,202834.19,223753.44
600036.SH,2004-03-12,11.05,11.11,10.84,10.88,11.01,-0.13,-1.18,116291.12,126995.621
600036.SH,2004-03-15,10.88,11.27,10.88,11.26,10.88,0.38,3.49,344760.41,383549.955
600036.SH,2004-03-16,11.35,11.36,11.1,11.2,11.26,-0.06,-0.53,204515.48,229061.011
600036.SH,2004-03-17,11.22,11.35,11.15,11.29,11.2,0.09,0.8,212032.26,238473.67
600036.SH,2004-03-18,11.35,11.43,11.06,11.15,11.29,-0.14,-1.24,246246.89,277258.425
600036.SH,2004-03-22,11.3,11.47,11.17,11.32,11.15,0.17,1.52,301133.47,341609.882
600036.SH,2004-03-23,11.32,11.35,11.03,11.14,11.32,-0.18,-1.59,260153.67,289881.295
600036.SH,2004-03-24,11.12,11.13,10.93,11.07,11.14,-0.07,-0.63,206996.1,227819.849
600036.SH,2004-03-25,11.2,11.35,11.05,11.12,11.07,0.05,0.45,238569.95,266633.398
600036.SH,2004-03-26,11.13,11.23,11.01,11.16,11.12,0.04,0.36,100810.72,112090.883
600036.SH,2004-03-29,11.16,11.23,11.08,11.11,11.16,-0.05,-0.45,96542.86,107648.326
600036.SH,2004-03-30,11.1,11.1,10.86,10.98,11.11,-0.13,-1.17,131319.31,143747.692
600036.SH,2004-03-31,10.98,11.04,10.88,10.95,10.98,-0.03,-0.27,110929.89,121552.091
600036.SH,2004-04-01,10.96,11.2,10.96,11.16,10.95,0.21,1.92,120385.51,133858.299
600036.SH,2004-04-02,11.16,11.27,11.16,11.24,11.16,0.08,0.72,215390.58,241609.087
600036.SH,2004-04-05,11.26,11.31,11.08,11.15,11.24,-0.09,-0.8,194724.41,218313.4
600036.SH,2004-04-06,11.15,11.15,10.93,11.13,11.15,-0.02,-0.18,158504.74,174742.48
600036.SH,2004-04-07,11.13,11.19,10.95,10.99,11.13,-0.14,-1.26,183419.51,201886.996
600036.SH,2004-04-08,10.98,11.01,10.75,10.86,10.99,-0.13,-1.18,354214.94,383657.843
600036.SH,2004-04-09,10.96,10.98,10.6,10.68,10.86,-0.18,-1.66,356653.8,383114.154
600036.SH,2004-04-12,10.58,10.69,10.47,10.59,10.68,-0.09,-0.84,229602.7,242515.74
600036.SH,2004-04-13,10.58,10.7,10.48,10.51,10.59,-0.08,-0.76,134685.21,142457.005
600036.SH,2004-04-14,10.5,10.51,10.27,10.35,10.51,-0.16,-1.52,172541.33,178311.756
600036.SH,2004-04-15,10.34,10.47,10.23,10.31,10.35,-0.04,-0.39,120921.57,124794.427
600036.SH,2004-04-16,10.33,10.53,10.29,10.44,10.31,0.13,1.26,139091.2,144232.427
600036.SH,2004-04-19,10.46,10.5,10.3,10.31,10.44,-0.13,-1.25,80761.98,84014.578
600036.SH,2004-04-20,10.3,10.65,10.29,10.53,10.31,0.22,2.13,222271.69,233967.683
600036.SH,2004-04-21,10.58,10.72,10.39,10.4,10.53,-0.13,-1.23,213309.54,225825.142
600036.SH,2004-04-22,10.41,10.56,10.35,10.49,10.4,0.09,0.87,177553.97,185565.99
600036.SH,2004-04-23,10.48,10.48,10.28,10.34,10.49,-0.15,-1.43,104026.51,107716.35
600036.SH,2004-04-26,10.34,10.44,10.3,10.39,10.34,0.05,0.48,77268.02,80090.396
600036.SH,2004-04-27,10.4,10.57,10.38,10.51,10.39,0.12,1.16,162780.1,170725.843
600036.SH,2004-04-28,10.58,10.78,10.33,10.7,10.51,0.19,1.81,343042.02,363635.929
600036.SH,2004-04-29,10.65,10.99,10.6,10.83,10.7,0.13,1.22,476153.6,516868.3
600036.SH,2004-04-30,10.82,11.07,10.77,10.92,10.83,0.09,0.83,507795.55,555009.438
600036.SH,2004-05-10,10.92,10.95,10.57,10.6,10.92,-0.32,-2.93,126238.25,135110.148
600036.SH,2004-05-11,8.75,9.0,8.71,8.94,8.76,0.18,2.05,84665.2,75193.42
600036.SH,2004-05-12,8.9,9.14,8.86,9.09,8.94,0.15,1.68,156208.0,141168.906
600036.SH,2004-05-13,9.1,9.13,9.01,9.09,9.09,0.0,0.0,122567.12,111234.175
600036.SH,2004-05-14,9.09,9.09,8.88,8.94,9.09,-0.15,-1.65,162995.86,146069.442
600036.SH,2004-05-17,8.93,8.99,8.64,8.67,8.94,-0.27,-3.02,154569.26,135993.758
600036.SH,2004-05-18,8.65,8.76,8.46,8.71,8.67,0.04,0.46,152873.59,131812.382
600036.SH,2004-05-19,8.75,8.96,8.62,8.77,8.71,0.06,0.69,115781.04,102220.556
600036.SH,2004-05-20,8.77,9.05,8.77,8.89,8.77,0.12,1.37,146967.85,131170.274
600036.SH,2004-05-21,8.9,9.01,8.83,8.95,8.89,0.06,0.67,81972.36,73125.343
600036.SH,2004-05-24,9.0,9.07,8.9,8.99,8.95,0.04,0.45,99824.33,89721.948
600036.SH,2004-05-25,8.99,8.99,8.82,8.88,8.99,-0.11,-1.22,71610.41,63650.176
600036.SH,2004-05-26,8.88,8.93,8.75,8.88,8.88,0.0,0.0,86256.92,76074.823
600036.SH,2004-05-27,8.9,9.11,8.84,9.06,8.88,0.18,2.03,250865.73,226985.23
600036.SH,2004-05-28,9.09,9.11,8.96,9.01,9.06,-0.05,-0.55,105314.95,95003.627
600036.SH,2004-05-31,9.03,9.16,9.0,9.08,9.01,0.07,0.78,124123.82,112930.25
600036.SH,2004-06-01,9.08,9.29,9.06,9.27,9.08,0.19,2.09,243175.4,223760.971
600036.SH,2004-06-02,9.3,9.36,9.2,9.22,9.27,-0.05,-0.54,211113.13,195994.53
600036.SH,2004-06-03,9.21,9.23,8.99,9.0,9.22,-0.22,-2.39,133644.63,121291.73
600036.SH,2004-06-04,8.98,9.06,8.96,8.97,9.0,-0.03,-0.33,79709.3,71806.806
600036.SH,2004-06-07,8.97,9.0,8.76,8.82,8.97,-0.15,-1.67,119649.7,105899.795
600036.SH,2004-06-08,8.81,8.94,8.64,8.69,8.82,-0.13,-1.47,199082.28,174711.414
600036.SH,2004-06-09,8.69,8.82,8.6,8.73,8.69,0.04,0.46,201703.91,175796.227
600036.SH,2004-06-10,8.71,8.8,8.53,8.64,8.73,-0.09,-1.03,240559.66,208787.169
600036.SH,2004-06-11,8.65,8.83,8.52,8.57,8.64,-0.07,-0.81,184949.26,160129.879
600036.SH,2004-06-14,8.55,8.61,8.47,8.5,8.57,-0.07,-0.82,162583.68,138571.749
600036.SH,2004-06-15,8.45,8.95,8.44,8.77,8.5,0.27,3.18,220627.38,191644.214
600036.SH,2004-06-16,8.75,8.88,8.58,8.71,8.77,-0.06,-0.68,165532.11,144967.945
600036.SH,2004-06-17,8.75,8.75,8.5,8.54,8.71,-0.17,-1.95,79843.85,68453.319
600036.SH,2004-06-18,8.5,8.6,8.23,8.31,8.54,-0.23,-2.69,192238.5,161330.599
600036.SH,2004-06-21,8.29,8.34,8.23,8.3,8.31,-0.01,-0.12,101318.2,83910.338
600036.SH,2004-06-22,8.3,8.52,8.26,8.42,8.3,0.12,1.45,115265.17,96748.162
600036.SH,2004-06-23,8.43,8.44,8.34,8.35,8.42,-0.07,-0.83,102790.1,86229.569
600036.SH,2004-06-24,8.4,8.45,8.33,8.36,8.35,0.01,0.12,60261.81,50536.926
600036.SH,2004-06-28,8.22,8.31,8.2,8.27,8.36,-0.09,-1.08,92743.0,76611.278
600036.SH,2004-06-29,8.25,8.54,8.24,8.47,8.27,0.2,2.42,77170.58,64720.836
600036.SH,2004-06-30,8.49,8.57,8.35,8.48,8.47,0.01,0.12,99808.85,84912.848
600036.SH,2004-07-01,8.48,8.73,8.45,8.67,8.48,0.19,2.24,142241.25,122946.406
600036.SH,2004-07-02,8.67,8.81,8.61,8.73,8.67,0.06,0.69,95049.54,82819.917
600036.SH,2004-07-05,8.73,8.78,8.59,8.7,8.73,-0.03,-0.34,77028.47,66692.937
600036.SH,2004-07-06,8.7,8.93,8.69,8.79,8.7,0.09,1.03,173305.46,153078.128
600036.SH,2004-07-07,8.79,8.79,8.7,8.71,8.79,-0.08,-0.91,49723.65,43391.615
600036.SH,2004-07-08,8.7,8.86,8.66,8.84,8.71,0.13,1.49,91723.96,80504.137
600036.SH,2004-07-09,8.83,8.96,8.82,8.88,8.84,0.04,0.45,126627.27,112422.23
600036.SH,2004-07-12,8.82,8.84,8.65,8.75,8.88,-0.13,-1.46,98265.99,85679.157
600036.SH,2004-07-13,8.7,8.87,8.7,8.84,8.75,0.09,1.03,58430.2,51404.68
600036.SH,2004-07-14,8.88,8.96,8.81,8.95,8.84,0.11,1.24,122768.93,109246.791
600036.SH,2004-07-15,8.95,9.15,8.9,9.12,8.95,0.17,1.9,217412.16,197035.247
600036.SH,2004-07-16,9.13,9.26,9.09,9.2,9.12,0.08,0.88,284621.74,261963.524
600036.SH,2004-07-19,9.21,9.28,9.15,9.22,9.2,0.02,0.22,157329.0,145075.843
600036.SH,2004-07-20,9.2,9.3,9.12,9.17,9.22,-0.05,-0.54,154254.47,141851.409
600036.SH,2004-07-21,9.16,9.25,9.12,9.2,9.17,0.03,0.33,66964.22,61452.13
600036.SH,2004-07-22,9.2,9.23,8.8,8.86,9.2,-0.34,-3.7,183909.74,165137.814
600036.SH,2004-07-23,8.86,8.97,8.78,8.96,8.86,0.1,1.13,152479.88,135066.099
600036.SH,2004-07-26,8.93,9.02,8.77,8.84,8.96,-0.12,-1.34,66075.4,58567.453
600036.SH,2004-07-27,8.84,8.9,8.65,8.69,8.84,-0.15,-1.7,111019.27,97205.731
600036.SH,2004-07-28,8.65,8.8,8.61,8.75,8.69,0.06,0.69,88870.66,77240.886
600036.SH,2004-07-29,8.75,9.0,8.75,8.94,8.75,0.19,2.17,117793.86,104773.569
600036.SH,2004-07-30,8.98,9.02,8.9,8.95,8.94,0.01,0.11,80585.28,72166.57
600036.SH,2004-08-02,8.91,9.04,8.81,8.98,8.95,0.03,0.34,85508.63,76894.899
600036.SH,2004-08-03,8.88,9.01,8.78,8.81,8.98,-0.17,-1.89,78340.1,69524.791
600036.SH,2004-08-04,8.76,9.3,8.65,9.08,8.81,0.27,3.06,231042.97,207106.087
600036.SH,2004-08-05,9.0,9.14,8.91,8.91,9.08,-0.17,-1.87,70263.71,63325.195
600036.SH,2004-08-06,8.91,9.15,8.87,8.94,8.91,0.03,0.34,38056.88,34006.789
600036.SH,2004-08-09,8.94,9.25,8.9,9.16,8.94,0.22,2.46,151056.2,138197.275
600036.SH,2004-08-10,9.19,9.32,9.14,9.27,9.16,0.11,1.2,232376.3,214856.374
600036.SH,2004-08-11,9.29,9.29,9.08,9.12,9.27,-0.15,-1.62,113373.9,103867.5
600036.SH,2004-08-12,9.08,9.19,8.97,9.16,9.12,0.04,0.44,118415.52,107266.934
600036.SH,2004-08-13,9.12,9.35,9.04,9.28,9.16,0.12,1.31,249598.22,231740.275
600036.SH,2004-08-16,9.28,9.32,9.2,9.21,9.28,-0.07,-0.75,118779.12,110067.52
600036.SH,2004-08-17,9.2,9.35,9.14,9.29,9.21,0.08,0.87,134523.59,124531.705
600036.SH,2004-08-18,9.3,9.55,9.28,9.39,9.29,0.1,1.08,292263.81,276153.835
600036.SH,2004-08-19,9.39,9.46,9.28,9.38,9.39,-0.01,-0.11,142949.0,133696.69
600036.SH,2004-08-20,9.36,9.51,9.32,9.42,9.38,0.04,0.43,160652.42,151659.594
600036.SH,2004-08-23,9.41,9.45,9.14,9.25,9.42,-0.17,-1.8,185141.89,172125.838
600036.SH,2004-08-24,9.2,9.4,9.13,9.26,9.25,0.01,0.11,115576.79,106900.874
600036.SH,2004-08-25,9.23,9.29,9.1,9.18,9.26,-0.08,-0.86,101217.83,92878.417
600036.SH,2004-08-26,9.16,9.27,9.08,9.2,9.18,0.02,0.22,51302.71,47058.463
600036.SH,2004-08-27,9.24,9.26,9.1,9.18,9.2,-0.02,-0.22,67067.55,61404.672
600036.SH,2004-08-30,9.1,9.24,8.98,9.12,9.18,-0.06,-0.65,77791.55,70418.986
600036.SH,2004-08-31,9.25,9.38,9.13,9.23,9.12,0.11,1.21,142774.96,131866.798
600036.SH,2004-09-01,9.2,9.2,8.96,9.01,9.23,-0.22,-2.38,119905.1,108341.361
600036.SH,2004-09-02,8.99,8.99,8.8,8.96,9.01,-0.05,-0.55,189154.74,168015.167
600036.SH,2004-09-03,8.95,9.0,8.86,8.92,8.96,-0.04,-0.45,36067.46,32168.966
600036.SH,2004-09-06,8.91,8.91,8.84,8.86,8.92,-0.06,-0.67,59577.21,52817.208
600036.SH,2004-09-07,8.85,9.02,8.82,9.0,8.86,0.14,1.58,54910.21,49248.14
600036.SH,2004-09-08,9.01,9.06,8.79,8.93,9.0,-0.07,-0.78,77165.89,68701.34
600036.SH,2004-09-09,8.9,8.97,8.75,8.78,8.93,-0.15,-1.68,80549.13,71103.16
600036.SH,2004-09-10,8.78,8.91,8.64,8.85,8.78,0.07,0.8,69536.59,60875.602
600036.SH,2004-09-13,8.85,8.85,8.63,8.73,8.85,-0.12,-1.36,62160.01,54131.588
600036.SH,2004-09-14,8.73,9.06,8.73,8.94,8.73,0.21,2.41,138727.6,124016.78
600036.SH,2004-09-15,8.96,9.41,8.92,9.27,8.94,0.33,3.69,488376.38,451978.878
600036.SH,2004-09-16,9.4,9.51,9.3,9.37,9.27,0.1,1.08,293498.55,275886.789
600036.SH,2004-09-17,9.4,9.67,9.28,9.62,9.37,0.25,2.67,490302.89,465068.653
600036.SH,2004-09-20,9.68,9.88,9.64,9.83,9.62,0.21,2.18,746426.41,727530.368
600036.SH,2004-09-21,9.85,9.85,9.55,9.61,9.83,-0.22,-2.24,449496.8,433955.465
600036.SH,2004-09-22,9.5,9.64,9.27,9.33,9.61,-0.28,-2.91,638221.1,601963.076
600036.SH,2004-09-23,9.35,9.83,9.28,9.82,9.33,0.49,5.25,390286.76,371861.959
600036.SH,2004-09-24,9.95,10.02,9.47,9.49,9.82,-0.33,-3.36,790027.19,772417.077
600036.SH,2004-09-27,9.59,9.66,9.33,9.4,9.49,-0.09,-0.95,343417.11,323641.578
600036.SH,2004-09-28,9.42,9.5,9.28,9.4,9.4,0.0,0.0,139223.47,130452.758
600036.SH,2004-09-29,9.4,9.53,9.38,9.4,9.4,0.0,0.0,124600.36,117912.042
600036.SH,2004-09-30,9.4,9.46,9.3,9.36,9.4,-0.04,-0.43,103940.81,97265.896
600036.SH,2004-10-08,9.3,9.33,9.04,9.29,9.36,-0.07,-0.75,199931.6,183109.673
600036.SH,2004-10-11,9.29,9.35,9.05,9.09,9.29,-0.2,-2.15,272857.47,249595.319
600036.SH,2004-10-12,9.05,9.08,8.84,8.87,9.09,-0.22,-2.42,247065.4,220964.878
600036.SH,2004-10-13,8.88,9.02,8.87,8.9,8.87,0.03,0.34,150830.92,134850.559
600036.SH,2004-10-14,8.9,8.95,8.77,8.79,8.9,-0.11,-1.24,203305.4,179815.725
600036.SH,2004-10-15,8.77,8.93,8.73,8.88,8.79,0.09,1.02,125296.34,110747.787
600036.SH,2004-10-18,8.98,8.99,8.72,8.85,8.88,-0.03,-0.34,86191.85,75955.655
600036.SH,2004-10-19,8.88,9.08,8.8,8.86,8.85,0.01,0.11,108118.56,96866.928
600036.SH,2004-10-20,8.86,8.89,8.58,8.65,8.86,-0.21,-2.37,220727.35,191203.492
600036.SH,2004-10-21,8.61,8.63,8.25,8.25,8.65,-0.4,-4.62,491116.94,412644.447
600036.SH,2004-10-22,8.24,8.5,8.23,8.41,8.25,0.16,1.94,207530.51,173406.909
600036.SH,2004-10-25,8.5,8.65,8.39,8.39,8.41,-0.02,-0.24,168902.84,144072.418
600036.SH,2004-10-26,8.39,8.74,8.36,8.71,8.39,0.32,3.81,198766.05,170920.019
600036.SH,2004-10-27,8.72,8.91,8.66,8.89,8.71,0.18,2.07,166181.45,146436.099
600036.SH,2004-10-28,8.89,8.91,8.7,8.75,8.89,-0.14,-1.57,95417.84,84191.347
600036.SH,2004-10-29,8.9,9.38,8.83,8.85,8.75,0.1,1.14,313028.54,280306.205
600036.SH,2004-11-01,8.9,9.02,8.81,8.85,8.85,0.0,0.0,170175.42,151608.603
600036.SH,2004-11-02,8.86,8.9,8.64,8.78,8.85,-0.07,-0.79,93658.62,81700.336
600036.SH,2004-11-03,8.85,9.02,8.8,8.96,8.78,0.18,2.05,259507.83,232279.939
600036.SH,2004-11-04,8.89,9.13,8.78,8.83,8.96,-0.13,-1.45,226556.2,204151.088
600036.SH,2004-11-05,8.84,8.99,8.84,8.97,8.83,0.14,1.59,80574.98,71768.187
600036.SH,2004-11-08,8.9,8.98,8.78,8.95,8.97,-0.02,-0.22,61871.29,55002.49
600036.SH,2004-11-09,8.95,9.02,8.88,8.95,8.95,0.0,0.0,60755.36,54410.105
600036.SH,2004-11-10,8.95,9.23,8.85,9.1,8.95,0.15,1.68,320712.02,290993.875
600036.SH,2004-11-11,9.12,9.27,8.97,9.0,9.1,-0.1,-1.1,154793.54,141518.709
600036.SH,2004-11-12,9.01,9.15,9.0,9.04,9.0,0.04,0.44,76108.89,69086.832
600036.SH,2004-11-15,9.07,9.15,8.75,8.88,9.04,-0.16,-1.77,230284.08,204798.389
600036.SH,2004-11-16,8.95,8.99,8.87,8.98,8.88,0.1,1.13,94317.56,84060.882
600036.SH,2004-11-17,9.0,9.01,8.86,8.89,8.98,-0.09,-1.0,62682.25,55860.652
600036.SH,2004-11-18,8.89,8.91,8.81,8.87,8.89,-0.02,-0.23,42466.51,37594.64
600036.SH,2004-11-19,8.9,9.06,8.88,9.0,8.87,0.13,1.47,76391.87,68676.175
600036.SH,2004-11-22,9.0,9.06,8.9,8.96,9.0,-0.04,-0.44,87154.0,78253.656
600036.SH,2004-11-23,8.98,8.98,8.83,8.85,8.96,-0.11,-1.23,66962.85,59442.08
600036.SH,2004-11-24,8.84,8.94,8.81,8.83,8.85,-0.02,-0.23,62666.42,55516.708
600036.SH,2004-11-25,8.9,8.91,8.79,8.81,8.83,-0.02,-0.23,43549.6,38468.417
600036.SH,2004-11-26,8.81,8.87,8.75,8.79,8.81,-0.02,-0.23,34813.64,30617.329
600036.SH,2004-11-29,8.77,8.9,8.76,8.78,8.79,-0.01,-0.11,58799.94,52025.296
600036.SH,2004-11-30,8.78,8.86,8.68,8.69,8.78,-0.09,-1.03,64814.0,56751.639
600036.SH,2004-12-01,8.69,8.75,8.65,8.7,8.69,0.01,0.12,38737.04,33709.667
600036.SH,2004-12-02,8.7,8.71,8.53,8.57,8.7,-0.13,-1.49,92310.56,79268.9
600036.SH,2004-12-03,8.58,8.68,8.52,8.57,8.57,0.0,0.0,24794.29,21325.922
600036.SH,2004-12-06,8.6,8.65,8.48,8.58,8.57,0.01,0.12,51601.58,44110.873
600036.SH,2004-12-07,8.6,8.68,8.56,8.6,8.58,0.02,0.23,41033.48,35345.673
600036.SH,2004-12-08,8.79,8.79,8.61,8.67,8.6,0.07,0.81,43839.84,38053.923
600036.SH,2004-12-09,8.68,8.9,8.55,8.69,8.67,0.02,0.23,154260.97,135047.186
600036.SH,2004-12-10,8.66,8.77,8.62,8.69,8.69,0.0,0.0,88185.46,76759.491
600036.SH,2004-12-13,8.62,8.7,8.55,8.65,8.69,-0.04,-0.46,39615.94,34154.871
600036.SH,2004-12-14,8.64,8.72,8.58,8.64,8.65,-0.01,-0.12,65361.5,56606.903
600036.SH,2004-12-15,8.62,8.8,8.55,8.65,8.64,0.01,0.12,52822.02,45546.163
600036.SH,2004-12-16,8.65,8.86,8.58,8.73,8.65,0.08,0.92,115401.41,100974.975
600036.SH,2004-12-17,8.73,8.74,8.59,8.64,8.73,-0.09,-1.03,54906.82,47482.508
600036.SH,2004-12-20,8.6,8.65,8.46,8.52,8.64,-0.12,-1.39,152096.54,130214.352
600036.SH,2004-12-21,8.51,8.57,8.45,8.48,8.52,-0.04,-0.47,71179.64,60569.555
600036.SH,2004-12-22,8.55,8.66,8.48,8.65,8.48,0.17,2.0,74921.5,64199.315
600036.SH,2004-12-23,8.68,8.7,8.55,8.56,8.65,-0.09,-1.04,52642.14,45438.701
600036.SH,2004-12-24,8.58,8.59,8.48,8.52,8.56,-0.04,-0.47,54656.78,46654.093
600036.SH,2004-12-27,8.5,8.54,8.26,8.3,8.52,-0.22,-2.58,140180.41,117054.068
600036.SH,2004-12-28,8.29,8.38,8.24,8.35,8.3,0.05,0.6,95611.53,79489.042
600036.SH,2004-12-29,8.35,8.41,8.26,8.29,8.35,-0.06,-0.72,45261.1,37685.491
600036.SH,2004-12-30,8.29,8.36,8.25,8.3,8.29,0.01,0.12,160552.9,133221.139
600036.SH,2004-12-31,8.5,8.5,8.25,8.35,8.3,0.05,0.6,106489.6,89186.912
600036.SH,2005-01-04,8.29,8.31,8.11,8.17,8.35,-0.18,-2.16,134279.57,110294.619
600036.SH,2005-01-05,8.2,8.22,8.08,8.17,8.17,0.0,0.0,154550.58,125361.606
600036.SH,2005-01-06,8.19,8.19,7.98,8.01,8.17,-0.16,-1.96,169962.02,136195.82
600036.SH,2005-01-07,8.01,8.11,7.98,8.01,8.01,0.0,0.0,46691.89,37457.528
600036.SH,2005-01-10,8.08,8.34,8.0,8.3,8.01,0.29,3.62,103625.51,85261.509
600036.SH,2005-01-11,8.29,8.32,8.23,8.28,8.3,-0.02,-0.24,64219.13,53176.721
600036.SH,2005-01-12,8.29,8.34,8.23,8.32,8.28,0.04,0.48,28390.33,23483.276
600036.SH,2005-01-13,8.32,8.32,8.19,8.26,8.32,-0.06,-0.72,52372.81,43148.409
600036.SH,2005-01-14,8.26,8.45,8.2,8.24,8.26,-0.02,-0.24,76295.62,63618.072
600036.SH,2005-01-17,8.12,8.24,7.99,8.02,8.24,-0.22,-2.67,100103.42,80976.207
600036.SH,2005-01-18,8.02,8.11,7.93,8.08,8.02,0.06,0.75,117617.0,94262.486
600036.SH,2005-01-19,8.09,8.1,7.99,8.07,8.08,-0.01,-0.12,35004.46,28134.189
600036.SH,2005-01-20,8.05,8.15,8.01,8.08,8.07,0.01,0.12,67809.85,54764.705
600036.SH,2005-01-21,8.05,8.7,8.01,8.5,8.08,0.42,5.2,316706.71,266858.103
600036.SH,2005-01-24,8.55,8.65,8.42,8.6,8.5,0.1,1.18,256784.64,219187.517
600036.SH,2005-01-25,8.58,8.58,8.47,8.51,8.6,-0.09,-1.05,106609.82,90779.537
600036.SH,2005-01-26,8.53,8.75,8.51,8.55,8.51,0.04,0.47,194994.64,168237.038
600036.SH,2005-01-27,8.54,8.57,8.38,8.4,8.55,-0.15,-1.75,60180.24,50801.681
600036.SH,2005-01-28,8.39,8.46,8.33,8.44,8.4,0.04,0.48,39630.48,33275.246
600036.SH,2005-01-31,8.4,8.53,8.36,8.48,8.44,0.04,0.47,52970.14,44794.027
600036.SH,2005-02-01,8.47,8.65,8.44,8.6,8.48,0.12,1.42,93020.24,79813.584
600036.SH,2005-02-02,8.6,8.9,8.6,8.85,8.6,0.25,2.91,346829.67,305186.117
600036.SH,2005-02-03,8.82,8.88,8.7,8.71,8.85,-0.14,-1.58,172874.86,152063.13
600036.SH,2005-02-04,8.71,9.24,8.68,9.08,8.71,0.37,4.25,411776.84,371410.153
600036.SH,2005-02-16,9.1,9.22,9.03,9.06,9.08,-0.02,-0.22,151017.48,137965.011
600036.SH,2005-02-17,9.1,9.1,8.88,8.96,9.06,-0.1,-1.1,106094.72,94916.555
600036.SH,2005-02-18,8.95,9.0,8.75,8.81,8.96,-0.15,-1.67,87562.15,77443.105
600036.SH,2005-02-21,8.8,9.03,8.8,9.02,8.81,0.21,2.38,134571.74,120812.038
600036.SH,2005-02-22,9.03,9.15,8.95,9.09,9.02,0.07,0.78,106164.08,96146.464
600036.SH,2005-02-23,9.08,9.08,8.86,8.9,9.09,-0.19,-2.09,187079.57,167217.271
600036.SH,2005-02-24,8.9,8.98,8.78,8.89,8.9,-0.01,-0.11,118981.13,105541.026
600036.SH,2005-02-25,8.88,9.04,8.86,8.97,8.89,0.08,0.9,158225.1,142221.924
600036.SH,2005-02-28,8.97,8.97,8.68,8.72,8.97,-0.25,-2.79,173436.98,151750.683
600036.SH,2005-03-01,8.7,8.76,8.64,8.74,8.72,0.02,0.23,63147.11,54886.377
600036.SH,2005-03-02,8.73,8.82,8.58,8.6,8.74,-0.14,-1.6,116567.66,100966.922
600036.SH,2005-03-03,8.6,8.69,8.55,8.66,8.6,0.06,0.7,92852.09,79960.208
600036.SH,2005-03-04,8.66,8.7,8.58,8.65,8.66,-0.01,-0.12,40726.72,35217.8
600036.SH,2005-03-07,8.65,8.78,8.63,8.77,8.65,0.12,1.39,62341.58,54240.907
600036.SH,2005-03-08,8.8,8.85,8.69,8.81,8.77,0.04,0.46,126446.4,110900.402
600036.SH,2005-03-09,8.82,8.82,8.53,8.57,8.81,-0.24,-2.72,201682.49,173899.205
600036.SH,2005-03-10,8.56,8.61,8.42,8.45,8.57,-0.12,-1.4,171271.41,145347.216
600036.SH,2005-03-11,8.45,8.53,8.43,8.46,8.45,0.01,0.12,81428.55,69003.441
600036.SH,2005-03-14,8.47,8.58,8.38,8.51,8.46,0.05,0.59,167377.43,141729.656
600036.SH,2005-03-15,8.48,8.54,8.31,8.34,8.51,-0.17,-2.0,130190.73,109098.884
600036.SH,2005-03-16,8.36,8.44,8.28,8.33,8.34,-0.01,-0.12,90432.93,75440.616
600036.SH,2005-03-17,8.3,8.45,8.29,8.35,8.33,0.02,0.24,107161.45,89695.034
600036.SH,2005-03-18,8.34,8.53,8.33,8.45,8.35,0.1,1.2,111442.07,94319.558
600036.SH,2005-03-21,8.47,8.62,8.46,8.51,8.45,0.06,0.71,83512.07,71409.758
600036.SH,2005-03-22,8.52,8.53,8.35,8.44,8.51,-0.07,-0.82,101923.81,86175.133
600036.SH,2005-03-23,8.43,8.65,8.38,8.56,8.44,0.12,1.42,109878.42,93675.651
600036.SH,2005-03-24,8.56,8.68,8.5,8.59,8.56,0.03,0.35,111806.75,96177.133
600036.SH,2005-03-25,8.58,8.59,8.48,8.55,8.59,-0.04,-0.47,54905.36,46800.304
600036.SH,2005-03-28,8.55,8.63,8.47,8.62,8.55,0.07,0.82,71111.8,60913.618
600036.SH,2005-03-29,8.66,8.69,8.6,8.66,8.62,0.04,0.46,88599.28,76648.998
600036.SH,2005-03-30,8.66,8.71,8.53,8.55,8.66,-0.11,-1.27,140314.31,120875.215
600036.SH,2005-03-31,8.6,8.66,8.4,8.65,8.55,0.1,1.17,149754.65,127901.978
600036.SH,2005-04-01,8.62,9.15,8.62,8.89,8.65,0.24,2.77,406741.02,361109.4
600036.SH,2005-04-04,8.85,8.86,8.72,8.79,8.89,-0.1,-1.12,117630.41,103533.907
600036.SH,2005-04-05,8.72,8.81,8.69,8.79,8.79,0.0,0.0,97439.07,85224.951
600036.SH,2005-04-06,8.79,9.08,8.74,8.99,8.79,0.2,2.28,182087.69,162303.285
600036.SH,2005-04-07,8.99,9.51,8.93,9.15,8.99,0.16,1.78,501661.62,464353.359
600036.SH,2005-04-08,9.12,9.26,9.0,9.25,9.15,0.1,1.09,194431.07,177997.137
600036.SH,2005-04-11,9.31,9.39,9.1,9.14,9.25,-0.11,-1.19,316948.19,294185.345
600036.SH,2005-04-12,9.14,9.22,9.0,9.01,9.14,-0.13,-1.42,147446.1,133641.585
600036.SH,2005-04-13,9.19,9.35,9.07,9.12,9.01,0.11,1.22,215432.62,198191.866
600036.SH,2005-04-14,9.15,9.17,8.94,8.96,9.12,-0.16,-1.75,151162.77,136557.682
600036.SH,2005-04-15,8.95,8.96,8.84,8.91,8.96,-0.05,-0.56,132931.91,118340.004
600036.SH,2005-04-18,8.9,8.97,8.85,8.92,8.91,0.01,0.11,67329.22,60034.936
600036.SH,2005-04-19,8.94,9.14,8.94,9.06,8.92,0.14,1.57,154837.57,139834.325
600036.SH,2005-04-20,9.05,9.05,8.88,8.94,9.06,-0.12,-1.32,113286.66,101383.536
600036.SH,2005-04-21,8.92,9.1,8.9,8.99,8.94,0.05,0.56,154859.09,139602.951
600036.SH,2005-04-22,8.98,9.18,8.96,9.12,8.99,0.13,1.45,145824.36,132959.397
600036.SH,2005-04-25,9.1,9.18,9.05,9.17,9.12,0.05,0.55,125419.81,114329.997
600036.SH,2005-04-26,9.17,9.19,8.95,9.05,9.17,-0.12,-1.31,134507.43,121806.776
600036.SH,2005-04-27,9.12,9.2,9.04,9.11,9.05,0.06,0.66,121299.75,110493.582
600036.SH,2005-04-28,9.11,9.28,8.92,9.21,9.11,0.1,1.1,200373.14,183521.875
600036.SH,2005-04-29,9.2,9.47,9.15,9.3,9.21,0.09,0.98,261761.63,244137.743
600036.SH,2005-05-09,9.35,9.42,9.11,9.15,9.3,-0.15,-1.61,147392.94,135480.794
600036.SH,2005-05-10,9.15,9.27,9.12,9.24,9.15,0.09,0.98,146029.41,134168.239
600036.SH,2005-05-11,9.24,9.37,9.1,9.11,9.24,-0.13,-1.41,135047.7,124510.286
600036.SH,2005-05-12,9.05,9.05,8.59,8.6,9.11,-0.51,-5.6,342365.94,301571.576
600036.SH,2005-05-13,8.58,8.85,8.55,8.76,8.6,0.16,1.86,168408.04,147173.471
600036.SH,2005-05-16,8.72,8.78,8.65,8.7,8.76,-0.06,-0.68,67515.21,58760.546
600036.SH,2005-05-18,8.77,8.88,8.7,8.78,8.7,0.08,0.92,72992.43,64062.398
600036.SH,2005-05-19,8.82,8.9,8.68,8.8,8.78,0.02,0.23,74019.51,65122.779
600036.SH,2005-05-20,8.8,8.89,8.72,8.78,8.8,-0.02,-0.23,72216.2,63624.082
600036.SH,2005-05-23,8.78,8.78,8.42,8.47,8.78,-0.31,-3.53,173514.59,148046.21
600036.SH,2005-05-24,8.45,8.6,8.35,8.53,8.47,0.06,0.71,116424.58,98439.949
600036.SH,2005-05-25,8.53,8.76,8.49,8.63,8.53,0.1,1.17,164001.45,141704.786
600036.SH,2005-05-26,8.6,8.69,8.45,8.55,8.63,-0.08,-0.93,70887.12,60745.146
600036.SH,2005-05-27,8.5,8.65,8.39,8.47,8.55,-0.08,-0.94,97988.51,82681.289
600036.SH,2005-05-30,8.48,8.49,8.31,8.4,8.47,-0.07,-0.83,98007.49,82169.481
600036.SH,2005-05-31,8.4,8.55,8.4,8.5,8.4,0.1,1.19,95563.71,81219.716
600036.SH,2005-06-01,8.49,8.55,8.27,8.33,8.5,-0.17,-2.0,107300.02,89820.704
600036.SH,2005-06-02,8.34,8.37,7.93,8.02,8.33,-0.31,-3.72,344533.14,278056.68
600036.SH,2005-06-03,8.02,8.28,8.01,8.17,8.02,0.15,1.87,173592.48,141286.378
600036.SH,2005-06-06,8.17,8.4,8.13,8.38,8.17,0.21,2.57,148491.13,123086.445
600036.SH,2005-06-07,8.38,8.58,8.3,8.36,8.38,-0.02,-0.24,170852.53,144082.501
600036.SH,2005-06-08,9.0,9.0,8.6,8.93,8.36,0.57,6.82,584975.76,517774.685
600036.SH,2005-06-09,8.93,9.05,8.73,8.82,8.93,-0.11,-1.23,419736.89,372663.829
600036.SH,2005-06-10,8.85,9.15,8.78,8.9,8.82,0.08,0.91,435133.06,390061.213
600036.SH,2005-06-13,9.0,9.02,8.68,8.88,8.9,-0.02,-0.22,159530.65,141173.041
600036.SH,2005-06-14,8.98,9.04,8.73,8.73,8.88,-0.15,-1.69,195453.36,173235.264
600036.SH,2005-06-15,8.71,8.78,8.57,8.58,8.73,-0.15,-1.72,176208.61,152351.886
600036.SH,2005-06-16,8.6,8.95,8.6,8.85,8.58,0.27,3.15,242385.55,214055.848
600036.SH,2005-06-17,8.88,9.01,8.8,8.9,8.85,0.05,0.57,290603.31,259514.437
600036.SH,2005-06-20,5.9,6.24,5.88,6.19,5.86,0.33,5.63,508690.43,310744.991
600036.SH,2005-06-21,6.18,6.19,5.99,6.02,6.19,-0.17,-2.75,302818.4,184553.91
600036.SH,2005-06-22,6.01,6.23,6.0,6.2,6.02,0.18,2.99,394662.95,242260.541
600036.SH,2005-06-23,6.21,6.24,6.11,6.12,6.2,-0.08,-1.29,269284.66,166301.107
600036.SH,2005-06-24,6.11,6.15,6.0,6.14,6.12,0.02,0.33,309309.09,187482.809
600036.SH,2005-06-27,6.19,6.3,6.19,6.25,6.14,0.11,1.79,419928.57,262748.445
600036.SH,2005-06-28,6.2,6.22,6.13,6.17,6.25,-0.08,-1.28,173083.12,106963.544
600036.SH,2005-06-29,6.16,6.19,6.05,6.07,6.17,-0.1,-1.62,237794.41,145431.217
600036.SH,2005-06-30,6.06,6.15,5.95,6.06,6.07,-0.01,-0.16,232375.89,139566.832
600036.SH,2005-07-01,5.97,6.02,5.88,5.92,6.06,-0.14,-2.31,181925.52,107632.575
600036.SH,2005-07-04,5.9,6.01,5.86,6.0,5.92,0.08,1.35,83914.85,49718.272
600036.SH,2005-07-05,6.0,6.02,5.89,5.99,6.0,-0.01,-0.17,138153.57,82366.737
600036.SH,2005-07-06,6.0,6.06,5.94,5.96,5.99,-0.03,-0.5,114635.99,68621.958
600036.SH,2005-07-07,5.96,5.98,5.9,5.93,5.96,-0.03,-0.5,90179.76,53576.358
600036.SH,2005-07-08,5.94,5.95,5.86,5.9,5.93,-0.03,-0.51,107203.3,63245.805
600036.SH,2005-07-11,6.01,6.1,5.92,5.95,5.9,0.05,0.85,162395.17,97497.659
600036.SH,2005-07-12,5.95,6.48,5.9,6.3,5.95,0.35,5.88,945015.33,591826.621
600036.SH,2005-07-13,6.25,6.32,6.2,6.23,6.3,-0.07,-1.11,297561.29,186221.476
600036.SH,2005-07-14,6.22,6.35,6.2,6.29,6.23,0.06,0.96,348483.15,219452.418
600036.SH,2005-07-15,6.29,6.37,6.25,6.28,6.29,-0.01,-0.16,234035.46,147564.339
600036.SH,2005-07-18,6.26,6.32,6.23,6.3,6.28,0.02,0.32,171110.16,107514.807
600036.SH,2005-07-19,6.29,6.39,6.25,6.3,6.3,0.0,0.0,323329.28,204303.327
600036.SH,2005-07-20,6.28,6.35,6.26,6.33,6.3,0.03,0.48,246627.65,155551.529
600036.SH,2005-07-21,6.32,6.34,6.27,6.32,6.33,-0.01,-0.16,134825.49,85038.391
600036.SH,2005-07-22,6.36,6.64,6.34,6.57,6.32,0.25,3.96,1049033.07,681365.968
600036.SH,2005-07-25,6.55,6.68,6.5,6.56,6.57,-0.01,-0.15,517526.88,342040.164
600036.SH,2005-07-26,6.56,6.76,6.55,6.67,6.56,0.11,1.68,659716.26,442247.839
600036.SH,2005-07-27,6.67,6.73,6.58,6.71,6.67,0.04,0.6,536497.81,357252.216
600036.SH,2005-07-28,6.71,6.81,6.66,6.71,6.71,0.0,0.0,656012.42,442866.653
600036.SH,2005-07-29,6.7,6.77,6.67,6.72,6.71,0.01,0.15,377671.15,254011.038
600036.SH,2005-08-01,6.72,6.84,6.6,6.66,6.72,-0.06,-0.89,442816.93,297046.364
600036.SH,2005-08-02,6.67,6.79,6.63,6.78,6.66,0.12,1.8,352331.15,236712.439
600036.SH,2005-08-03,6.8,6.86,6.74,6.75,6.78,-0.03,-0.44,577751.35,393180.403
600036.SH,2005-08-04,6.72,6.75,6.65,6.66,6.75,-0.09,-1.33,272236.65,182401.293
600036.SH,2005-08-05,6.66,6.85,6.66,6.84,6.66,0.18,2.7,565094.61,385057.295
600036.SH,2005-08-08,6.85,6.94,6.82,6.85,6.84,0.01,0.15,549009.9,377807.076
600036.SH,2005-08-09,6.85,6.86,6.73,6.82,6.85,-0.03,-0.44,480433.81,325642.719
600036.SH,2005-08-10,6.82,6.92,6.79,6.87,6.82,0.05,0.73,447130.34,306348.061
600036.SH,2005-08-11,6.87,7.1,6.84,7.09,6.87,0.22,3.2,923215.82,645549.206
600036.SH,2005-08-12,7.1,7.11,6.8,6.88,7.09,-0.21,-2.96,812781.44,565854.743
600036.SH,2005-08-15,6.9,7.02,6.83,7.0,6.88,0.12,1.74,614263.74,424384.125
600036.SH,2005-08-16,7.0,7.04,6.8,6.84,7.0,-0.16,-2.29,576385.64,396894.53
600036.SH,2005-08-17,6.82,6.93,6.72,6.89,6.84,0.05,0.73,392676.9,267683.38
600036.SH,2005-08-18,6.89,6.91,6.58,6.63,6.89,-0.26,-3.77,705914.3,477500.715
600036.SH,2005-08-19,6.65,6.75,6.58,6.68,6.63,0.05,0.75,377498.46,251623.676
600036.SH,2005-08-22,6.68,6.77,6.65,6.72,6.68,0.04,0.6,280070.33,187946.621
600036.SH,2005-08-23,6.75,6.76,6.61,6.65,6.72,-0.07,-1.04,288565.46,192718.123
600036.SH,2005-08-24,6.63,6.83,6.62,6.72,6.65,0.07,1.05,401583.41,271710.076
600036.SH,2005-08-25,6.7,6.8,6.69,6.73,6.72,0.01,0.15,191027.4,128940.511
600036.SH,2005-08-26,6.75,6.87,6.75,6.83,6.73,0.1,1.49,283918.49,193617.487
600036.SH,2005-08-29,6.84,6.92,6.7,6.79,6.83,-0.04,-0.59,355081.1,242464.229
600036.SH,2005-08-30,6.77,6.82,6.71,6.78,6.79,-0.01,-0.15,169241.35,114457.546
600036.SH,2005-08-31,6.78,6.81,6.64,6.75,6.78,-0.03,-0.44,285414.49,191801.245
600036.SH,2005-09-01,6.75,6.9,6.7,6.87,6.75,0.12,1.78,353636.5,241523.059
600036.SH,2005-09-02,6.89,6.92,6.81,6.84,6.87,-0.03,-0.44,279254.6,191342.248
600036.SH,2005-09-05,6.84,6.88,6.72,6.79,6.84,-0.05,-0.73,326930.18,222042.478
600036.SH,2005-09-06,6.79,6.8,6.69,6.7,6.79,-0.09,-1.33,254261.06,171438.195
600036.SH,2005-09-07,6.7,6.8,6.67,6.78,6.7,0.08,1.19,306034.25,205475.775
600036.SH,2005-09-08,6.8,6.94,6.69,6.87,6.78,0.09,1.33,482948.57,330007.903
600036.SH,2005-09-09,6.87,6.91,6.79,6.83,6.87,-0.04,-0.58,205692.83,140963.686
600036.SH,2005-09-12,6.86,6.88,6.77,6.8,6.83,-0.03,-0.44,187482.81,127737.742
600036.SH,2005-09-13,6.8,6.82,6.72,6.82,6.8,0.02,0.29,207323.05,140493.774
600036.SH,2005-09-14,6.83,6.94,6.82,6.9,6.82,0.08,1.17,421674.54,290609.735
600036.SH,2005-09-15,6.9,6.91,6.81,6.83,6.9,-0.07,-1.01,208057.85,142482.155
600036.SH,2005-09-16,6.83,6.87,6.8,6.85,6.83,0.02,0.29,206886.75,141458.393
600036.SH,2005-09-19,6.86,6.86,6.79,6.8,6.85,-0.05,-0.73,254943.32,174076.067
600036.SH,2005-09-21,6.79,6.79,6.46,6.47,6.8,-0.33,-4.85,698593.62,459402.87
600036.SH,2005-09-22,6.46,6.52,6.28,6.37,6.47,-0.1,-1.55,588643.45,374140.395
600036.SH,2005-09-23,6.38,6.41,6.3,6.34,6.37,-0.03,-0.47,178339.17,113333.015
600036.SH,2005-09-26,6.33,6.4,6.3,6.34,6.34,0.0,0.0,146310.9,92809.793
600036.SH,2005-09-27,6.33,6.34,6.15,6.2,6.34,-0.14,-2.21,350347.37,217723.106
600036.SH,2005-09-28,6.2,6.27,6.19,6.2,6.2,0.0,0.0,196731.52,122436.629
600036.SH,2005-09-29,6.25,6.36,6.25,6.3,6.2,0.1,1.61,202708.53,128013.636
600036.SH,2005-09-30,6.31,6.34,6.24,6.29,6.3,-0.01,-0.16,173824.2,109301.138
600036.SH,2005-10-10,6.28,6.41,6.21,6.35,6.29,0.06,0.95,173569.62,110200.382
600036.SH,2005-10-11,6.32,6.46,6.3,6.45,6.35,0.1,1.57,155707.99,99918.63
600036.SH,2005-10-12,6.45,6.53,6.42,6.48,6.45,0.03,0.47,204889.01,132926.992
600036.SH,2005-10-13,6.48,6.51,6.38,6.4,6.48,-0.08,-1.23,131366.49,84602.896
600036.SH,2005-10-14,6.4,6.42,6.27,6.3,6.4,-0.1,-1.56,136285.72,86388.374
600036.SH,2005-10-17,6.29,6.33,6.22,6.3,6.3,0.0,0.0,113642.05,71308.755
600036.SH,2005-10-18,6.3,6.38,6.23,6.27,6.3,-0.03,-0.48,170546.45,107062.116
600036.SH,2005-10-19,6.22,6.33,6.22,6.25,6.27,-0.02,-0.32,154227.6,96736.99
600036.SH,2005-10-20,6.25,6.47,6.23,6.42,6.25,0.17,2.72,253348.04,160698.836
600036.SH,2005-10-21,6.42,6.53,6.39,6.45,6.42,0.03,0.47,246481.41,159591.2
600036.SH,2005-10-24,6.45,6.46,6.35,6.39,6.45,-0.06,-0.93,115966.19,74119.602
600036.SH,2005-10-25,6.4,6.42,6.28,6.34,6.39,-0.05,-0.78,135687.35,85956.976
600036.SH,2005-10-26,6.32,6.32,6.18,6.21,6.34,-0.13,-2.05,205220.15,128414.213
600036.SH,2005-10-27,6.2,6.33,6.19,6.29,6.21,0.08,1.29,147623.41,92529.242
600036.SH,2005-10-28,6.29,6.3,6.1,6.19,6.29,-0.1,-1.59,293195.28,180976.884
600036.SH,2005-10-31,6.25,6.33,6.2,6.28,6.19,0.09,1.45,144284.54,90596.117
600036.SH,2005-11-01,6.28,6.31,6.15,6.26,6.28,-0.02,-0.32,156268.19,97334.242
600036.SH,2005-11-02,6.28,6.36,6.26,6.29,6.26,0.03,0.48,123448.73,77832.682
600036.SH,2005-11-03,6.3,6.31,6.13,6.22,6.29,-0.07,-1.11,184346.91,114800.274
600036.SH,2005-11-04,6.22,6.31,6.2,6.26,6.22,0.04,0.64,146185.91,91453.642
600036.SH,2005-11-07,6.21,6.22,5.99,6.05,6.26,-0.21,-3.35,504672.22,305744.223
600036.SH,2005-11-08,6.01,6.14,6.01,6.11,6.05,0.06,0.99,146308.9,89024.488
600036.SH,2005-11-09,6.11,6.13,6.06,6.1,6.11,-0.01,-0.16,149345.73,91148.264
600036.SH,2005-11-10,6.1,6.12,6.07,6.07,6.1,-0.03,-0.49,134146.78,81700.385
600036.SH,2005-11-11,6.06,6.13,6.04,6.11,6.07,0.04,0.66,86570.62,52615.687
600036.SH,2005-11-14,6.11,6.14,6.04,6.07,6.11,-0.04,-0.65,47149.03,28673.466
600036.SH,2005-11-15,6.08,6.11,5.97,6.0,6.07,-0.07,-1.15,168321.59,101303.006
600036.SH,2005-11-16,5.99,6.11,5.95,6.09,6.0,0.09,1.5,109688.98,66061.911
600036.SH,2005-11-17,6.1,6.13,6.05,6.09,6.09,0.0,0.0,90564.08,55300.496
600036.SH,2005-11-18,6.09,6.35,6.08,6.27,6.09,0.18,2.96,213636.59,132954.205
600036.SH,2005-11-21,6.27,6.28,6.18,6.19,6.27,-0.08,-1.28,107152.09,66521.124
600036.SH,2005-11-22,6.19,6.2,6.08,6.1,6.19,-0.09,-1.45,144673.82,88522.535
600036.SH,2005-11-23,6.1,6.24,6.09,6.2,6.1,0.1,1.64,89155.49,54918.615
600036.SH,2005-11-24,6.18,6.35,6.15,6.34,6.2,0.14,2.26,307037.39,193304.997
600036.SH,2005-11-25,6.33,6.41,6.28,6.4,6.34,0.06,0.95,210296.34,133440.965
600036.SH,2005-11-28,6.37,6.48,6.34,6.36,6.4,-0.04,-0.63,296384.04,190390.736
600036.SH,2005-11-29,6.35,6.38,6.28,6.3,6.36,-0.06,-0.94,191067.42,121091.836
600036.SH,2005-11-30,6.3,6.44,6.26,6.42,6.3,0.12,1.9,283220.56,180118.73
600036.SH,2005-12-01,6.45,6.49,6.4,6.47,6.42,0.05,0.78,381091.78,245922.969
600036.SH,2005-12-02,6.46,6.51,6.41,6.47,6.47,0.0,0.0,317106.34,205240.446
600036.SH,2005-12-05,6.48,6.53,6.41,6.43,6.47,-0.04,-0.62,227188.25,147159.208
600036.SH,2005-12-06,6.41,6.63,6.39,6.53,6.43,0.1,1.56,332550.87,217842.779
600036.SH,2005-12-07,6.54,6.66,6.54,6.62,6.53,0.09,1.38,324658.7,214860.292
600036.SH,2005-12-08,6.6,6.67,6.54,6.58,6.62,-0.04,-0.6,208144.86,137195.18
600036.SH,2005-12-09,6.58,6.7,6.52,6.69,6.58,0.11,1.67,331035.22,220144.935
600036.SH,2005-12-12,6.65,6.7,6.61,6.65,6.69,-0.04,-0.6,250810.43,166969.214
600036.SH,2005-12-13,6.65,6.66,6.58,6.59,6.65,-0.06,-0.9,154666.3,102156.653
600036.SH,2005-12-14,6.59,6.7,6.58,6.67,6.59,0.08,1.21,503775.7,335398.961
600036.SH,2005-12-15,6.67,6.73,6.6,6.65,6.67,-0.02,-0.3,392241.44,262403.985
600036.SH,2005-12-16,6.65,6.66,6.56,6.58,6.65,-0.07,-1.05,316973.02,209448.411
600036.SH,2006-01-04,7.23,7.24,7.16,7.24,6.58,0.66,10.03,1739996.44,1257908.751
600036.SH,2006-01-05,7.49,7.51,7.31,7.47,7.24,0.23,3.18,1563826.25,1159882.558
600036.SH,2006-01-06,7.45,7.67,7.4,7.58,7.47,0.11,1.47,964323.43,726911.348
600036.SH,2006-01-09,7.58,7.62,7.39,7.5,7.58,-0.08,-1.06,829351.54,623005.507
600036.SH,2006-01-10,7.5,7.81,7.47,7.78,7.5,0.28,3.73,1271899.44,968767.216
600036.SH,2006-01-11,7.79,7.88,7.6,7.68,7.78,-0.1,-1.29,1251796.35,966885.111
600036.SH,2006-02-27,6.8,6.88,6.61,6.66,7.07,-0.41,-5.8,4195647.31,2828163.762
600036.SH,2006-02-28,6.65,6.75,6.43,6.69,6.66,0.03,0.45,1516086.52,995166.63
600036.SH,2006-03-01,6.69,6.74,6.6,6.62,6.69,-0.07,-1.05,991535.87,659820.154
600036.SH,2006-03-02,6.6,6.64,6.33,6.37,6.62,-0.25,-3.78,1545673.93,998672.953
600036.SH,2006-03-03,6.37,6.42,6.17,6.28,6.37,-0.09,-1.41,1116636.93,699957.884
600036.SH,2006-03-06,6.28,6.35,6.24,6.31,6.28,0.03,0.48,786988.86,495015.065
600036.SH,2006-03-07,6.31,6.32,6.09,6.12,6.31,-0.19,-3.01,896675.3,553539.756
600036.SH,2006-03-08,6.12,6.19,6.06,6.15,6.12,0.03,0.49,769541.16,471800.437
600036.SH,2006-03-09,6.15,6.17,6.08,6.09,6.15,-0.06,-0.98,454388.85,277956.328
600036.SH,2006-03-10,6.09,6.18,6.09,6.17,6.09,0.08,1.31,515798.77,316343.057
600036.SH,2006-03-13,6.19,6.31,6.14,6.28,6.17,0.11,1.78,548711.64,342023.195
600036.SH,2006-03-14,6.29,6.29,6.14,6.18,6.28,-0.1,-1.59,466775.88,289374.152
600036.SH,2006-03-15,6.18,6.3,6.15,6.27,6.18,0.09,1.46,485235.8,302872.306
600036.SH,2006-03-16,6.31,6.39,6.21,6.28,6.27,0.01,0.16,670315.46,423432.316
600036.SH,2006-03-17,6.28,6.31,6.15,6.16,6.28,-0.12,-1.91,673455.44,417898.498
600036.SH,2006-03-20,6.16,6.3,6.11,6.28,6.16,0.12,1.95,622007.35,386446.364
600036.SH,2006-03-21,6.28,6.51,6.26,6.39,6.28,0.11,1.75,1110940.58,712292.124
600036.SH,2006-03-22,6.38,6.5,6.37,6.44,6.39,0.05,0.78,532291.04,342088.055
600036.SH,2006-03-23,6.44,6.45,6.3,6.37,6.44,-0.07,-1.09,582439.84,371348.04
600036.SH,2006-03-24,6.37,6.41,6.22,6.25,6.37,-0.12,-1.88,664759.57,417718.479
600036.SH,2006-03-27,6.25,6.44,6.24,6.41,6.25,0.16,2.56,514425.65,326009.335
600036.SH,2006-03-28,6.41,6.54,6.4,6.46,6.41,0.05,0.78,705144.69,456773.517
600036.SH,2006-03-29,6.46,6.62,6.37,6.5,6.46,0.04,0.62,1305907.77,850605.259
600036.SH,2006-03-30,6.5,6.63,6.46,6.48,6.5,-0.02,-0.31,769323.98,503498.432
600036.SH,2006-03-31,6.47,6.52,6.41,6.43,6.48,-0.05,-0.77,584474.48,377311.458
600036.SH,2006-04-03,6.45,6.69,6.45,6.69,6.43,0.26,4.04,1054080.19,697422.618
600036.SH,2006-04-04,6.71,6.95,6.7,6.91,6.69,0.22,3.29,1451168.59,987862.125
600036.SH,2006-04-05,6.92,7.03,6.87,6.9,6.91,-0.01,-0.14,937166.86,651727.309
600036.SH,2006-04-06,6.91,7.05,6.79,6.81,6.9,-0.09,-1.3,859512.89,591889.303
600036.SH,2006-04-07,6.81,6.89,6.6,6.65,6.81,-0.16,-2.35,1101282.34,739419.922
600036.SH,2006-04-10,6.67,6.79,6.65,6.79,6.65,0.14,2.11,872984.25,586070.467
600036.SH,2006-04-11,6.8,6.9,6.7,6.75,6.79,-0.04,-0.59,825479.21,560200.451
600036.SH,2006-04-12,6.73,6.83,6.63,6.71,6.75,-0.04,-0.59,748669.56,503921.397
600036.SH,2006-04-13,6.7,6.72,6.5,6.51,6.71,-0.2,-2.98,820927.85,540528.589
600036.SH,2006-04-14,6.51,6.7,6.47,6.67,6.51,0.16,2.46,804293.84,527513.96
600036.SH,2006-04-18,6.76,6.79,6.55,6.62,6.67,-0.05,-0.75,830450.54,549775.319
600036.SH,2006-04-19,6.62,6.65,6.5,6.56,6.62,-0.06,-0.91,780426.32,512499.492
600036.SH,2006-04-20,6.58,6.65,6.45,6.51,6.56,-0.05,-0.76,1053453.7,687025.987
600036.SH,2006-04-21,6.51,6.8,6.46,6.68,6.51,0.17,2.61,1290393.03,857051.228
600036.SH,2006-04-24,6.7,6.8,6.51,6.53,6.68,-0.15,-2.25,1104465.85,728983.508
600036.SH,2006-04-25,6.51,6.51,6.38,6.4,6.53,-0.13,-1.99,864136.37,555238.399
600036.SH,2006-04-26,6.4,6.75,6.37,6.63,6.4,0.23,3.59,1267883.5,838653.492
600036.SH,2006-04-27,6.66,6.76,6.52,6.54,6.63,-0.09,-1.36,802403.66,529485.001
600036.SH,2006-04-28,6.74,7.19,6.67,7.19,6.54,0.65,9.94,3360055.91,2329866.931
600036.SH,2006-05-08,7.28,7.67,7.28,7.53,7.19,0.34,4.73,2237901.46,1672734.509
600036.SH,2006-05-09,7.53,7.73,7.42,7.65,7.53,0.12,1.59,1702932.65,1279978.581
600036.SH,2006-05-10,7.65,7.69,7.43,7.52,7.65,-0.13,-1.7,1308581.71,986435.719
600036.SH,2006-05-11,7.5,7.66,7.29,7.31,7.52,-0.21,-2.79,1808313.95,1354969.766
600036.SH,2006-05-12,7.3,7.43,7.2,7.38,7.31,0.07,0.96,1427986.28,1046038.53
600036.SH,2006-05-15,7.39,7.48,7.18,7.41,7.38,0.03,0.41,1905901.83,1398208.214
600036.SH,2006-05-17,7.41,7.52,7.18,7.34,7.41,-0.07,-0.94,1522900.56,1116519.102
600036.SH,2006-05-18,7.27,7.27,7.08,7.15,7.34,-0.19,-2.59,1171031.32,837680.051
600036.SH,2006-05-19,7.15,7.48,7.15,7.38,7.15,0.23,3.22,1301841.41,954697.319
600036.SH,2006-05-22,7.36,7.37,7.15,7.22,7.38,-0.16,-2.17,1132709.73,819526.48
600036.SH,2006-05-23,7.18,7.18,6.97,7.02,7.22,-0.2,-2.77,1246293.48,879728.416
600036.SH,2006-05-24,7.05,7.35,7.05,7.18,7.02,0.16,2.28,1180771.1,852509.854
600036.SH,2006-05-25,7.17,7.39,7.1,7.33,7.18,0.15,2.09,776448.0,564292.671
600036.SH,2006-05-26,7.36,7.5,7.33,7.39,7.33,0.06,0.82,958211.39,712560.891
600036.SH,2006-05-29,7.42,7.48,7.29,7.44,7.39,0.05,0.68,781291.92,578277.942
600036.SH,2006-05-30,7.44,7.45,7.3,7.31,7.44,-0.13,-1.75,795502.64,585424.479
600036.SH,2006-05-31,7.33,7.34,7.16,7.23,7.31,-0.08,-1.09,643892.69,465631.274
600036.SH,2006-06-01,7.23,7.44,7.12,7.31,7.23,0.08,1.11,873162.58,639345.174
600036.SH,2006-06-02,7.31,7.36,7.16,7.17,7.31,-0.14,-1.92,994537.69,716221.6
600036.SH,2006-06-05,7.16,7.2,6.98,7.19,7.17,0.02,0.28,771213.64,545863.527
600036.SH,2006-06-06,7.18,7.3,7.06,7.2,7.19,0.01,0.14,648736.37,467093.332
600036.SH,2006-06-07,7.18,7.18,6.82,6.85,7.2,-0.35,-4.86,967651.43,676066.526
600036.SH,2006-06-08,6.8,6.92,6.69,6.91,6.85,0.06,0.88,766673.52,520986.856
600036.SH,2006-06-09,6.89,6.97,6.76,6.78,6.91,-0.13,-1.88,473997.68,325613.083
600036.SH,2006-06-12,6.75,7.16,6.68,7.0,6.78,0.22,3.24,939399.43,656941.33
600036.SH,2006-06-13,7.01,7.12,6.9,6.99,7.0,-0.01,-0.14,501165.74,351534.748
600036.SH,2006-06-14,6.92,7.0,6.83,6.96,6.99,-0.03,-0.43,381344.69,263307.684
600036.SH,2006-06-15,6.96,7.11,6.93,7.02,6.96,0.06,0.86,378728.67,266326.862
600036.SH,2006-06-16,7.02,7.19,7.0,7.16,6.94,0.22,3.17,676924.27,481705.114
600036.SH,2006-06-19,7.01,7.23,6.93,7.18,7.16,0.02,0.28,602035.1,428834.486
600036.SH,2006-06-20,7.17,7.24,7.01,7.18,7.18,0.0,0.0,563958.28,405011.597
600036.SH,2006-06-21,7.18,7.23,7.1,7.17,7.18,-0.01,-0.14,418214.98,299642.944
600036.SH,2006-06-22,7.17,7.48,7.15,7.34,7.17,0.17,2.37,888997.43,655077.717
600036.SH,2006-06-23,7.35,7.4,7.28,7.34,7.34,0.0,0.0,408092.31,299811.553
600036.SH,2006-06-26,7.35,7.62,7.35,7.6,7.34,0.26,3.54,972782.83,733439.711
600036.SH,2006-06-27,7.6,7.7,7.5,7.54,7.6,-0.06,-0.79,443758.84,335328.13
600036.SH,2006-06-28,7.52,7.58,7.43,7.49,7.54,-0.05,-0.66,295870.41,222246.951
600036.SH,2006-06-29,7.5,7.73,7.5,7.71,7.49,0.22,2.94,707092.42,541074.487
600036.SH,2006-06-30,7.71,7.88,7.62,7.71,7.71,0.0,0.0,802515.04,622563.795
600036.SH,2006-07-03,7.75,7.99,7.75,7.96,7.71,0.25,3.24,793275.01,626501.059
600036.SH,2006-07-04,8.0,8.02,7.79,7.9,7.96,-0.06,-0.75,709719.88,560500.625
600036.SH,2006-07-05,7.9,7.9,7.52,7.56,7.9,-0.34,-4.3,926622.95,707930.977
600036.SH,2006-07-06,7.56,7.71,7.54,7.61,7.56,0.05,0.66,547086.66,416851.223
600036.SH,2006-07-07,7.61,7.68,7.44,7.45,7.61,-0.16,-2.1,510042.96,384592.822
600036.SH,2006-07-10,7.45,7.64,7.45,7.63,7.45,0.18,2.42,350768.17,264646.613
600036.SH,2006-07-11,7.65,7.72,7.58,7.67,7.63,0.04,0.52,282148.98,216100.184
600036.SH,2006-07-12,7.68,7.72,7.6,7.61,7.67,-0.06,-0.78,302626.89,231604.308
600036.SH,2006-07-13,7.6,7.6,7.29,7.29,7.61,-0.32,-4.21,678848.09,502857.319
600036.SH,2006-07-14,7.27,7.52,7.22,7.4,7.29,0.11,1.51,423177.45,311971.635
600036.SH,2006-07-17,7.38,7.51,7.32,7.48,7.4,0.08,1.08,335817.45,248848.285
600036.SH,2006-07-18,7.47,7.5,7.37,7.38,7.48,-0.1,-1.34,223204.98,165603.499
600036.SH,2006-07-19,7.36,7.42,7.27,7.29,7.38,-0.09,-1.22,260517.31,191211.854
600036.SH,2006-07-20,7.29,7.48,7.28,7.42,7.29,0.13,1.78,246863.66,182958.389
600036.SH,2006-07-21,7.4,7.65,7.4,7.64,7.42,0.22,2.97,440220.91,334033.446
600036.SH,2006-07-24,7.51,7.81,7.47,7.67,7.64,0.03,0.39,394204.35,302618.285
600036.SH,2006-07-25,7.68,7.75,7.63,7.65,7.67,-0.02,-0.26,324833.63,249746.246
600036.SH,2006-07-26,7.67,7.77,7.65,7.7,7.65,0.05,0.65,271091.99,208555.825
600036.SH,2006-07-27,7.68,7.78,7.49,7.51,7.7,-0.19,-2.47,303025.63,231360.376
600036.SH,2006-07-28,7.5,7.55,7.36,7.44,7.51,-0.07,-0.93,299593.91,222557.92
600036.SH,2006-07-31,7.41,7.49,7.35,7.36,7.44,-0.08,-1.08,271764.87,201222.213
600036.SH,2006-08-01,7.36,7.42,7.28,7.3,7.36,-0.06,-0.82,205312.57,150621.427
600036.SH,2006-08-02,7.3,7.37,7.24,7.32,7.3,0.02,0.27,228585.9,167008.506
600036.SH,2006-08-03,7.33,7.52,7.33,7.49,7.32,0.17,2.32,349345.93,259920.681
600036.SH,2006-08-04,7.49,7.6,7.39,7.4,7.49,-0.09,-1.2,312146.07,234754.66
600036.SH,2006-08-07,7.38,7.49,7.35,7.37,7.4,-0.03,-0.41,186274.01,138153.56
600036.SH,2006-08-08,7.37,7.6,7.37,7.54,7.37,0.17,2.31,275747.39,206437.245
600036.SH,2006-08-09,7.59,7.68,7.52,7.56,7.54,0.02,0.27,229336.14,174240.222
600036.SH,2006-08-10,7.55,7.73,7.53,7.72,7.56,0.16,2.12,490868.77,376929.954
600036.SH,2006-08-11,7.71,7.73,7.62,7.66,7.72,-0.06,-0.78,178858.04,137169.248
600036.SH,2006-08-14,7.69,7.88,7.62,7.72,7.66,0.06,0.78,509346.67,395530.598
600036.SH,2006-08-15,7.71,7.86,7.64,7.84,7.72,0.12,1.55,388813.42,303080.411
600036.SH,2006-08-16,7.85,8.03,7.8,7.95,7.84,0.11,1.4,580678.54,462427.675
600036.SH,2006-08-17,7.93,7.95,7.85,7.9,7.95,-0.05,-0.63,232379.5,183506.082
600036.SH,2006-08-18,7.9,8.0,7.8,7.86,7.9,-0.04,-0.51,241779.65,191109.704
600036.SH,2006-08-22,7.92,8.16,7.92,8.08,7.86,0.22,2.8,777621.36,629595.279
600036.SH,2006-08-23,8.11,8.42,8.1,8.29,8.08,0.21,2.6,993263.22,827087.097
600036.SH,2006-08-24,8.36,8.52,8.3,8.51,8.29,0.22,2.65,991445.28,834770.834
600036.SH,2006-08-25,8.55,8.58,8.33,8.37,8.51,-0.14,-1.65,518150.35,437242.269
600036.SH,2006-08-28,8.37,8.51,8.28,8.42,8.37,0.05,0.6,591519.68,498327.162
600036.SH,2006-08-29,8.43,8.48,8.33,8.43,8.42,0.01,0.12,467931.07,392750.241
600036.SH,2006-08-30,8.41,8.51,8.38,8.46,8.43,0.03,0.36,303476.74,257023.724
600036.SH,2006-08-31,8.46,8.68,8.46,8.56,8.46,0.1,1.18,487944.19,419381.474
600036.SH,2006-09-01,8.54,8.66,8.33,8.34,8.56,-0.22,-2.57,393820.08,335351.311
600036.SH,2006-09-04,8.41,8.55,8.35,8.49,8.34,0.15,1.8,321585.71,272048.835
600036.SH,2006-09-05,8.58,8.86,8.52,8.8,8.49,0.31,3.65,707418.15,618963.443
600036.SH,2006-09-06,8.8,8.83,8.65,8.8,8.8,0.0,0.0,249678.46,217897.186
600036.SH,2006-09-07,8.79,8.86,8.73,8.75,8.8,-0.05,-0.57,375342.44,330176.178
600036.SH,2006-09-08,8.76,8.89,8.71,8.89,8.75,0.14,1.6,342875.23,302866.475
600036.SH,2006-09-11,8.9,9.02,8.88,9.02,8.89,0.13,1.46,474616.91,425806.196
600036.SH,2006-09-12,9.0,9.05,8.9,8.97,9.02,-0.05,-0.55,355206.5,319171.114
600036.SH,2006-09-13,9.01,9.33,9.0,9.19,8.97,0.22,2.45,550639.81,506640.868
600036.SH,2006-09-14,9.29,9.47,9.19,9.34,9.19,0.15,1.63,532593.89,496466.882
600036.SH,2006-09-15,9.34,9.5,9.28,9.34,9.34,0.0,0.0,441024.73,414630.456
600036.SH,2006-09-18,9.39,9.45,9.1,9.19,9.34,-0.15,-1.61,563374.38,520533.999
600036.SH,2006-09-19,9.2,9.51,9.2,9.49,9.19,0.3,3.26,425169.06,400007.859
600036.SH,2006-09-20,9.5,9.55,9.38,9.54,9.49,0.05,0.53,377091.78,356814.901
600036.SH,2006-09-21,9.44,9.67,9.42,9.63,9.36,0.27,2.88,574417.93,548718.228
600036.SH,2006-09-22,9.71,10.09,9.43,9.46,9.63,-0.17,-1.77,1382377.52,1350070.342
600036.SH,2006-09-25,9.45,9.53,9.24,9.37,9.46,-0.09,-0.95,957536.03,897706.523
600036.SH,2006-09-26,9.36,9.42,9.03,9.12,9.37,-0.25,-2.67,632228.18,579369.536
600036.SH,2006-09-27,9.12,9.48,9.12,9.47,9.12,0.35,3.84,598644.17,554765.356
600036.SH,2006-09-28,9.56,9.81,9.41,9.8,9.47,0.33,3.48,716123.37,690284.825
600036.SH,2006-09-29,9.8,10.0,9.75,9.94,9.8,0.14,1.43,755131.62,746400.932
600036.SH,2006-10-09,10.35,10.48,10.07,10.39,9.94,0.45,4.53,958943.49,982375.508
600036.SH,2006-10-10,10.27,10.42,10.15,10.25,10.39,-0.14,-1.35,640111.0,657541.506
600036.SH,2006-10-11,10.25,10.29,10.06,10.19,10.25,-0.06,-0.59,474262.0,481909.235
600036.SH,2006-10-12,10.22,10.42,10.06,10.09,10.19,-0.1,-0.98,498800.28,510564.166
600036.SH,2006-10-13,10.09,10.31,10.02,10.23,10.09,0.14,1.39,337855.88,343773.192
600036.SH,2006-10-16,10.23,10.29,9.99,10.01,10.23,-0.22,-2.15,470858.72,475139.694
600036.SH,2006-10-17,10.0,10.03,9.76,9.84,10.01,-0.17,-1.7,590068.11,584312.938
600036.SH,2006-10-18,9.8,10.15,9.8,10.15,9.84,0.31,3.15,482762.53,481495.793
600036.SH,2006-10-19,10.15,10.22,10.01,10.07,10.15,-0.08,-0.79,212355.14,214448.95
600036.SH,2006-10-20,10.11,10.71,10.1,10.5,10.07,0.43,4.27,693337.1,721852.588
600036.SH,2006-10-23,10.5,10.66,10.27,10.28,10.5,-0.22,-2.1,444642.23,465449.17
600036.SH,2006-10-24,10.3,10.64,10.29,10.57,10.28,0.29,2.82,533930.4,561506.137
600036.SH,2006-10-25,10.58,10.91,10.54,10.59,10.57,0.02,0.19,776179.87,833656.258
600036.SH,2006-10-26,10.6,10.78,10.51,10.71,10.59,0.12,1.13,395291.96,421678.324
600036.SH,2006-10-27,10.71,10.82,10.39,10.42,10.71,-0.29,-2.71,515805.69,546968.742
600036.SH,2006-10-30,10.35,10.42,10.1,10.27,10.42,-0.15,-1.44,402834.26,410730.827
600036.SH,2006-10-31,10.22,10.49,10.22,10.41,10.27,0.14,1.36,264363.98,274098.867
600036.SH,2006-11-01,10.48,10.69,10.44,10.63,10.41,0.22,2.11,305341.53,323462.995
600036.SH,2006-11-02,10.61,10.61,10.25,10.35,10.63,-0.28,-2.63,329165.05,342052.417
600036.SH,2006-11-03,10.4,10.78,10.4,10.69,10.35,0.34,3.29,472089.11,503015.264
600036.SH,2006-11-06,10.5,11.02,10.46,11.0,10.69,0.31,2.9,613948.27,667879.139
600036.SH,2006-11-07,11.15,11.54,11.15,11.42,11.0,0.42,3.82,627513.02,712100.982
600036.SH,2006-11-08,11.27,11.4,11.18,11.26,11.42,-0.16,-1.4,479942.52,541893.167
600036.SH,2006-11-09,11.26,11.8,11.17,11.75,11.26,0.49,4.35,737701.72,846202.607
600036.SH,2006-11-10,11.77,12.6,11.75,12.26,11.75,0.51,4.34,1211939.89,1482790.41
600036.SH,2006-11-13,12.18,12.68,12.06,12.26,12.26,0.0,0.0,718970.06,889313.617
600036.SH,2006-11-14,12.33,12.68,12.0,12.32,12.26,0.06,0.49,642127.29,792590.622
600036.SH,2006-11-15,12.4,12.48,11.95,12.43,12.32,0.11,0.89,951130.42,1163876.396
600036.SH,2006-11-16,12.6,13.05,12.48,12.53,12.43,0.1,0.8,967718.13,1236321.57
600036.SH,2006-11-17,12.45,12.76,12.3,12.67,12.53,0.14,1.12,669683.96,839141.866
600036.SH,2006-11-20,12.9,13.5,12.88,13.5,12.67,0.83,6.55,804521.93,1055028.918
600036.SH,2006-11-21,13.45,13.6,13.19,13.46,13.5,-0.04,-0.3,854088.13,1143914.481
600036.SH,2006-11-22,13.4,13.75,13.1,13.44,13.46,-0.02,-0.15,1042066.7,1391375.394
600036.SH,2006-11-23,13.52,13.65,13.3,13.47,13.44,0.03,0.22,659166.61,889200.468
600036.SH,2006-11-24,13.2,13.35,12.95,13.04,13.47,-0.43,-3.19,903642.43,1182294.184
600036.SH,2006-11-27,12.81,12.91,12.38,12.6,13.04,-0.44,-3.37,1297828.92,1635446.507
600036.SH,2006-11-28,12.53,12.75,12.42,12.58,12.6,-0.02,-0.16,1015810.33,1278029.44
600036.SH,2006-11-29,12.26,12.87,12.18,12.72,12.58,0.14,1.11,927014.04,1170796.75
600036.SH,2006-11-30,12.8,13.13,12.6,13.1,12.72,0.38,2.99,973782.88,1251591.948
600036.SH,2006-12-01,13.11,13.15,12.83,13.02,13.1,-0.08,-0.61,729450.73,947219.014
600036.SH,2006-12-04,13.0,13.86,12.85,13.82,13.02,0.8,6.14,1306808.8,1763206.158
600036.SH,2006-12-05,13.83,14.14,13.61,13.74,13.82,-0.08,-0.58,935349.2,1299663.145
600036.SH,2006-12-06,13.7,13.98,13.11,13.51,13.74,-0.23,-1.67,749155.97,1015564.054
600036.SH,2006-12-07,13.52,14.09,13.36,13.37,13.51,-0.14,-1.04,836749.61,1147503.73
600036.SH,2006-12-08,13.2,13.48,12.88,12.98,13.37,-0.39,-2.92,773494.36,1020399.487
600036.SH,2006-12-11,12.96,13.67,12.91,13.64,12.98,0.66,5.08,626251.38,839185.973
600036.SH,2006-12-12,13.71,14.12,13.51,13.76,13.64,0.12,0.88,825835.36,1140122.467
600036.SH,2006-12-13,13.85,14.15,13.6,13.69,13.76,-0.07,-0.51,904015.55,1256180.858
600036.SH,2006-12-14,13.69,13.8,13.35,13.65,13.69,-0.04,-0.29,697105.63,943705.722
600036.SH,2006-12-15,13.65,14.05,13.5,13.95,13.65,0.3,2.2,756774.93,1045539.252
600036.SH,2006-12-18,14.0,14.81,13.88,14.78,13.95,0.83,5.95,1121001.47,1602103.158
600036.SH,2006-12-19,14.78,15.18,14.44,14.57,14.78,-0.21,-1.42,1028195.67,1521314.445
600036.SH,2006-12-20,14.35,14.82,14.21,14.74,14.57,0.17,1.17,483106.78,702222.472
600036.SH,2006-12-21,14.64,15.19,14.64,14.78,14.74,0.04,0.27,794607.71,1184666.985
600036.SH,2006-12-22,14.7,15.3,14.68,15.04,14.78,0.26,1.76,696023.09,1046719.034
600036.SH,2006-12-25,15.05,16.16,15.05,15.54,15.04,0.5,3.32,1017898.24,1583809.071
600036.SH,2006-12-26,15.4,15.79,15.3,15.51,15.54,-0.03,-0.19,598782.04,933975.416
600036.SH,2006-12-27,15.5,16.0,15.36,15.91,15.51,0.4,2.58,329311.19,517272.074
600036.SH,2006-12-28,15.89,16.5,15.5,15.57,15.91,-0.34,-2.14,752906.17,1202553.173
600036.SH,2006-12-29,15.8,16.5,15.8,16.36,15.57,0.79,5.07,919535.72,1492239.733
600036.SH,2007-01-04,16.99,17.8,15.5,15.96,16.36,-0.4,-2.45,1534457.98,2581634.899
600036.SH,2007-01-05,15.76,15.76,15.0,15.24,15.96,-0.72,-4.51,1127980.4,1734505.519
600036.SH,2007-01-08,15.36,16.2,15.36,16.0,15.24,0.76,4.99,961096.63,1520354.778
600036.SH,2007-01-09,15.85,16.5,15.8,16.43,16.0,0.43,2.69,931744.23,1515083.821
600036.SH,2007-01-10,16.59,16.88,16.15,16.74,16.43,0.31,1.89,746491.31,1232329.859
600036.SH,2007-01-11,16.71,16.9,16.18,16.23,16.74,-0.51,-3.05,745135.96,1234051.634
600036.SH,2007-01-12,16.02,16.39,15.55,15.89,16.23,-0.34,-2.09,653623.44,1050398.7
600036.SH,2007-01-15,15.88,16.8,15.72,16.7,15.89,0.81,5.1,695271.51,1133435.406
600036.SH,2007-01-16,16.86,17.42,16.7,17.09,16.7,0.39,2.34,867203.95,1482036.095
600036.SH,2007-01-17,17.1,17.48,16.2,16.46,17.09,-0.63,-3.69,743857.94,1256510.466
600036.SH,2007-01-18,16.43,16.83,15.36,15.7,16.46,-0.76,-4.62,983312.02,1568227.508
600036.SH,2007-01-19,16.1,16.87,16.05,16.48,15.7,0.78,4.97,829260.44,1360767.69
600036.SH,2007-01-22,16.81,17.63,16.81,17.53,16.48,1.05,6.37,1085170.5,1881975.275
600036.SH,2007-01-23,17.61,19.08,17.56,18.81,17.53,1.28,7.3,1298616.05,2360196.775
600036.SH,2007-01-24,18.9,19.71,18.0,18.14,18.81,-0.67,-3.56,1231089.07,2326871.959
600036.SH,2007-01-25,18.21,18.61,17.85,18.05,18.14,-0.09,-0.5,905206.17,1648457.942
600036.SH,2007-01-26,17.92,19.51,17.6,19.24,18.05,1.19,6.59,985268.85,1818189.605
600036.SH,2007-01-29,19.3,19.96,18.8,19.0,19.24,-0.24,-1.25,1217079.98,2338352.289
600036.SH,2007-01-30,19.12,19.19,18.35,18.45,19.0,-0.55,-2.89,868337.11,1626008.754
600036.SH,2007-01-31,18.32,18.32,16.81,17.17,18.45,-1.28,-6.94,943371.66,1667077.75
600036.SH,2007-02-01,16.89,17.49,16.68,16.91,17.17,-0.26,-1.51,859323.71,1461163.828
600036.SH,2007-02-02,17.04,17.13,16.08,16.15,16.91,-0.76,-4.49,889613.13,1462628.436
600036.SH,2007-02-05,16.15,16.35,15.62,15.63,16.15,-0.52,-3.22,689939.26,1095441.109
600036.SH,2007-02-06,15.55,16.5,14.99,16.46,15.63,0.83,5.31,1683799.44,2610855.702
600036.SH,2007-02-07,16.49,17.3,16.33,16.72,16.46,0.26,1.58,1340583.33,2256637.684
600036.SH,2007-02-08,16.89,16.9,16.23,16.56,16.72,-0.16,-0.96,612106.06,1008214.23
600036.SH,2007-02-09,16.51,16.65,15.97,16.05,16.56,-0.51,-3.08,602604.28,976949.721
600036.SH,2007-02-12,16.03,17.1,16.03,16.91,16.05,0.86,5.36,692676.41,1152901.802
600036.SH,2007-02-13,17.0,17.38,16.81,17.03,16.91,0.12,0.71,550887.16,942097.973
600036.SH,2007-02-14,17.04,18.02,16.88,18.0,17.03,0.97,5.7,797256.36,1403028.098
600036.SH,2007-02-15,18.18,18.36,17.74,18.11,18.0,0.11,0.61,743783.66,1339787.566
600036.SH,2007-02-16,18.21,18.34,17.7,17.85,18.11,-0.26,-1.44,703198.34,1259355.648
600036.SH,2007-02-26,17.3,17.31,16.83,16.85,17.85,-1.0,-5.6,1431926.22,2432572.526
600036.SH,2007-02-27,16.96,17.05,15.26,15.34,16.85,-1.51,-8.96,1357290.3,2189223.929
600036.SH,2007-02-28,15.36,16.13,15.32,16.09,15.34,0.75,4.89,1275402.87,1996435.442
600036.SH,2007-03-01,16.08,16.09,15.33,15.58,16.09,-0.51,-3.17,724435.88,1132740.823
600036.SH,2007-03-02,15.47,16.0,15.38,15.64,15.58,0.06,0.39,538237.64,845667.296
600036.SH,2007-03-05,15.58,15.88,14.95,15.17,15.64,-0.47,-3.01,731370.58,1117712.899
600036.SH,2007-03-06,15.17,16.35,15.17,15.94,15.17,0.77,5.08,905646.93,1429258.979
600036.SH,2007-03-07,16.08,16.3,15.9,16.13,15.94,0.19,1.19,628573.26,1012782.382
600036.SH,2007-03-08,16.16,16.3,15.86,16.2,16.13,0.07,0.43,480279.24,774139.421
600036.SH,2007-03-09,16.26,16.6,16.01,16.3,16.2,0.1,0.62,810697.07,1327515.996
600036.SH,2007-03-12,16.36,16.48,15.94,16.07,16.3,-0.23,-1.41,665697.9,1074235.623
600036.SH,2007-03-13,16.06,16.15,15.78,15.98,16.07,-0.09,-0.56,515914.66,820451.398
600036.SH,2007-03-14,15.7,15.7,15.37,15.54,15.98,-0.44,-2.75,931017.01,1441722.725
600036.SH,2007-03-15,15.56,15.97,15.45,15.8,15.54,0.26,1.67,684684.01,1072538.539
600036.SH,2007-03-16,15.85,15.9,15.33,15.52,15.8,-0.28,-1.77,696065.02,1087564.519
600036.SH,2007-03-19,15.18,16.9,15.18,16.36,15.52,0.84,5.41,1388340.06,2251571.49
600036.SH,2007-03-20,16.41,16.52,16.15,16.3,16.36,-0.06,-0.37,680334.62,1110686.188
600036.SH,2007-03-21,16.4,16.67,16.28,16.43,16.3,0.13,0.8,789736.92,1302145.471
600036.SH,2007-03-22,16.6,16.95,16.53,16.62,16.43,0.19,1.16,967415.67,1617620.389
600036.SH,2007-03-23,16.62,16.85,16.1,16.47,16.62,-0.15,-0.9,687172.35,1133856.615
600036.SH,2007-03-26,16.5,16.67,16.16,16.56,16.47,0.09,0.55,875535.61,1433730.046
600036.SH,2007-03-27,16.68,16.78,16.37,16.46,16.56,-0.1,-0.6,663203.36,1093622.561
600036.SH,2007-03-28,16.46,17.32,16.37,17.2,16.46,0.74,4.5,1597391.36,2691374.327
600036.SH,2007-03-29,17.18,18.34,17.08,17.51,17.2,0.31,1.8,1832626.76,3252992.125
600036.SH,2007-03-30,17.39,17.8,17.21,17.38,17.51,-0.13,-0.74,676607.22,1183681.162
600036.SH,2007-04-02,17.42,17.72,17.25,17.63,17.38,0.25,1.44,741768.95,1298931.984
600036.SH,2007-04-03,17.74,18.0,17.5,17.75,17.63,0.12,0.68,748343.97,1326163.321
600036.SH,2007-04-04,17.75,18.03,17.65,17.74,17.75,-0.01,-0.06,788338.85,1404875.539
600036.SH,2007-04-05,17.75,17.8,17.23,17.55,17.74,-0.19,-1.07,927029.14,1618218.906
600036.SH,2007-04-06,17.33,17.54,17.06,17.24,17.55,-0.31,-1.77,1029954.35,1773144.435
600036.SH,2007-04-09,17.22,17.7,17.06,17.42,17.24,0.18,1.04,845699.88,1470879.957
600036.SH,2007-04-10,17.45,18.12,17.45,18.0,17.42,0.58,3.33,1526679.63,2732733.206
600036.SH,2007-04-11,18.6,19.47,18.6,19.13,18.0,1.13,6.28,2068284.19,3949695.025
600036.SH,2007-04-12,19.2,19.6,18.93,19.15,19.13,0.02,0.1,942021.31,1817433.319
600036.SH,2007-04-13,19.15,19.16,18.65,18.81,19.15,-0.34,-1.78,926329.65,1758503.113
600036.SH,2007-04-16,18.9,20.48,18.8,20.21,18.81,1.4,7.44,1290842.13,2526042.82
600036.SH,2007-04-17,20.47,20.48,19.0,19.96,20.21,-0.25,-1.24,1038355.33,2057699.826
600036.SH,2007-04-18,19.95,20.25,19.4,19.52,19.96,-0.44,-2.2,853039.84,1680431.404
600036.SH,2007-04-19,19.65,19.94,18.36,19.01,19.52,-0.51,-2.61,1399263.34,2676674.293
600036.SH,2007-04-20,19.01,19.79,19.0,19.45,19.01,0.44,2.31,938710.41,1825316.862
600036.SH,2007-04-23,19.66,20.06,19.48,19.94,19.45,0.49,2.52,996460.42,1975050.244
600036.SH,2007-04-24,20.14,20.26,19.51,19.55,19.94,-0.39,-1.96,773549.55,1535097.218
600036.SH,2007-04-25,19.5,20.78,19.3,20.0,19.55,0.45,2.3,1122737.93,2250033.191
600036.SH,2007-04-26,20.22,20.6,19.6,20.04,20.0,0.04,0.2,801692.94,1609080.056
600036.SH,2007-04-27,19.9,20.12,19.49,19.5,20.04,-0.54,-2.69,809224.69,1596249.541
600036.SH,2007-04-30,19.5,19.85,19.1,19.47,19.5,-0.03,-0.15,1035749.13,2009046.79
600036.SH,2007-05-08,20.1,20.59,19.82,20.18,19.47,0.71,3.65,1234427.44,2486766.501
600036.SH,2007-05-09,20.15,22.0,19.95,21.73,20.18,1.55,7.68,1964515.73,4117359.791
600036.SH,2007-05-10,21.73,22.31,20.99,21.49,21.73,-0.24,-1.1,1123540.22,2440166.242
600036.SH,2007-05-11,21.29,21.96,20.86,21.65,21.49,0.16,0.74,1342482.83,2847414.281
600036.SH,2007-05-14,21.1,22.6,20.9,22.16,21.65,0.51,2.36,1251277.81,2763517.02
600036.SH,2007-05-15,22.2,22.29,20.75,20.8,22.16,-1.36,-6.14,1051746.73,2252716.494
600036.SH,2007-05-16,20.95,21.27,20.59,21.09,20.8,0.29,1.39,866105.66,1810854.219
600036.SH,2007-05-17,21.08,21.36,20.88,21.22,21.09,0.13,0.62,862540.51,1823208.576
600036.SH,2007-05-18,21.09,21.09,20.6,20.76,21.22,-0.46,-2.17,938950.11,1954557.961
600036.SH,2007-05-21,20.01,20.66,20.0,20.46,20.76,-0.3,-1.45,1464591.64,2977203.234
600036.SH,2007-05-22,20.52,21.0,20.45,20.66,20.46,0.2,0.98,804322.53,1665599.958
600036.SH,2007-05-23,20.7,21.4,20.4,21.21,20.66,0.55,2.66,971190.07,2033018.008
600036.SH,2007-05-24,21.26,22.08,21.0,21.34,21.21,0.13,0.61,1084363.49,2334664.046
600036.SH,2007-05-25,21.15,21.6,20.89,21.12,21.34,-0.22,-1.03,852738.35,1818350.273
600036.SH,2007-05-28,21.31,21.98,21.28,21.31,21.12,0.19,0.9,904914.44,1950866.892
600036.SH,2007-05-29,21.35,21.75,21.09,21.4,21.31,0.09,0.42,919592.83,1962388.053
600036.SH,2007-05-30,20.3,21.29,19.68,20.07,21.4,-1.33,-6.22,1547803.69,3172465.861
600036.SH,2007-05-31,20.2,22.08,19.99,21.72,20.07,1.65,8.22,1833422.71,3867520.629
600036.SH,2007-06-01,21.85,23.42,21.75,22.07,21.72,0.35,1.61,1562346.72,3528048.441
600036.SH,2007-06-04,22.6,22.8,20.7,20.94,22.07,-1.13,-5.12,1190767.49,2562203.896
600036.SH,2007-06-05,20.8,21.51,19.78,21.49,20.94,0.55,2.63,1449846.09,2984967.656
600036.SH,2007-06-06,21.49,22.0,20.9,21.42,21.49,-0.07,-0.33,920025.32,1976305.17
600036.SH,2007-06-07,21.69,22.1,21.1,21.68,21.42,0.26,1.21,1131704.9,2440412.118
600036.SH,2007-06-08,21.6,21.6,20.99,21.24,21.68,-0.44,-2.03,1020725.8,2163543.434
600036.SH,2007-06-11,21.26,21.85,20.97,21.79,21.24,0.55,2.59,1132177.6,2421027.836
600036.SH,2007-06-12,21.6,21.79,21.1,21.63,21.79,-0.16,-0.73,980675.42,2098829.796
600036.SH,2007-06-13,21.78,23.0,21.78,22.64,21.63,1.01,4.67,1451221.46,3266824.791
600036.SH,2007-06-14,22.58,22.64,22.03,22.2,22.64,-0.44,-1.94,747208.13,1669516.93
600036.SH,2007-06-18,23.28,24.38,23.16,23.98,22.2,1.78,8.02,1301050.96,3094620.13
600036.SH,2007-06-19,23.69,24.92,23.5,24.11,23.98,0.13,0.54,921234.08,2244413.749
600036.SH,2007-06-20,24.1,24.1,23.0,23.02,24.11,-1.09,-4.52,742939.84,1751083.859
600036.SH,2007-06-21,23.21,24.19,23.2,23.81,23.02,0.79,3.43,744534.96,1768914.053
600036.SH,2007-06-22,23.87,24.9,23.7,24.17,23.81,0.36,1.51,946822.7,2303274.591
600036.SH,2007-06-25,24.62,25.95,24.62,24.96,24.17,0.79,3.27,1145131.43,2888035.916
600036.SH,2007-06-26,24.5,25.06,24.0,24.5,24.96,-0.46,-1.84,737685.33,1798994.044
600036.SH,2007-06-27,24.7,25.6,24.18,25.32,24.5,0.82,3.35,771648.56,1922992.838
600036.SH,2007-06-28,25.32,25.86,24.7,24.74,25.32,-0.58,-2.29,653657.94,1659602.032
600036.SH,2007-06-29,24.2,24.97,24.01,24.58,24.74,-0.16,-0.65,482002.26,1183166.953
600036.SH,2007-07-02,24.48,24.67,23.18,23.88,24.58,-0.7,-2.85,589610.73,1404615.259
600036.SH,2007-07-03,23.95,24.55,23.95,24.42,23.88,0.54,2.26,378418.99,916511.956
600036.SH,2007-07-04,24.4,24.56,23.75,23.93,24.3,-0.37,-1.52,392146.08,951314.435
600036.SH,2007-07-05,23.8,24.25,23.6,23.67,23.93,-0.26,-1.09,526851.88,1262635.37
600036.SH,2007-07-06,23.5,24.3,23.21,24.25,23.67,0.58,2.45,374229.58,892672.412
600036.SH,2007-07-09,24.4,25.9,24.22,25.87,24.25,1.62,6.68,599637.75,1512486.446
600036.SH,2007-07-10,26.78,28.08,26.48,27.8,25.87,1.93,7.46,1130651.77,3098114.639
600036.SH,2007-07-11,27.4,27.9,27.2,27.48,27.8,-0.32,-1.15,521322.31,1436711.466
600036.SH,2007-07-12,27.82,27.98,27.4,27.69,27.48,0.21,0.76,278262.13,769263.238
600036.SH,2007-07-13,27.7,27.75,27.0,27.35,27.69,-0.34,-1.23,207211.39,565198.42
600036.SH,2007-07-16,27.36,27.48,26.13,26.32,27.35,-1.03,-3.77,315446.23,839311.744
600036.SH,2007-07-17,26.38,27.95,26.38,27.89,26.32,1.57,5.97,526678.89,1426527.711
600036.SH,2007-07-18,27.6,28.28,27.45,27.56,27.89,-0.33,-1.18,625001.79,1745634.768
600036.SH,2007-07-19,27.59,27.8,27.15,27.35,27.56,-0.21,-0.76,252582.92,693387.454
600036.SH,2007-07-20,27.36,29.15,27.36,28.98,27.35,1.63,5.96,651244.26,1862742.459
600036.SH,2007-07-23,29.4,30.0,28.87,29.39,28.98,0.41,1.41,803037.95,2361617.984
600036.SH,2007-07-24,29.5,30.14,28.9,29.48,29.39,0.09,0.31,467822.54,1381107.706
600036.SH,2007-07-25,29.33,29.93,29.0,29.76,29.48,0.28,0.95,507453.7,1498902.702
600036.SH,2007-07-26,30.0,30.37,29.4,29.66,29.76,-0.1,-0.34,556629.97,1658130.936
600036.SH,2007-07-27,29.3,29.37,28.7,29.02,29.66,-0.64,-2.16,751306.06,2182091.728
600036.SH,2007-07-30,28.8,29.85,28.75,29.39,29.02,0.37,1.28,493671.53,1448529.066
600036.SH,2007-07-31,29.2,29.94,28.91,29.81,29.39,0.42,1.43,465493.24,1366951.745
600036.SH,2007-08-01,30.0,30.67,28.9,29.15,29.81,-0.66,-2.21,615378.93,1831942.002
600036.SH,2007-08-02,29.55,30.2,29.25,30.0,29.15,0.85,2.92,520482.1,1550335.323
600036.SH,2007-08-03,30.44,33.0,30.42,33.0,30.0,3.0,10.0,890666.11,2867454.66
600036.SH,2007-08-06,33.72,34.18,33.0,33.62,33.0,0.62,1.88,869332.68,2908955.678
600036.SH,2007-08-07,33.61,33.65,32.8,33.11,33.62,-0.51,-1.52,709354.29,2350488.45
600036.SH,2007-08-08,32.75,35.25,32.7,34.22,33.11,1.11,3.35,812203.97,2784930.769
600036.SH,2007-08-09,34.59,36.98,34.1,36.1,34.22,1.88,5.49,807297.98,2884143.639
600036.SH,2007-08-10,36.1,37.3,35.11,36.34,36.1,0.24,0.66,842126.83,3049823.142
600036.SH,2007-08-13,36.34,37.8,35.67,36.27,36.34,-0.07,-0.19,791882.94,2911131.789
600036.SH,2007-08-14,36.0,36.5,35.35,36.19,36.27,-0.08,-0.22,464034.01,1663867.762
600036.SH,2007-08-15,36.0,37.5,35.78,36.26,36.19,0.07,0.19,534119.88,1954223.978
600036.SH,2007-08-16,36.15,36.38,34.6,35.01,36.26,-1.25,-3.45,813074.64,2882497.702
600036.SH,2007-08-17,34.66,35.35,32.79,33.09,35.01,-1.92,-5.48,1189224.79,4011672.842
600036.SH,2007-08-20,34.61,36.01,34.52,35.98,33.09,2.89,8.73,658134.7,2315373.885
600036.SH,2007-08-21,35.98,37.2,35.51,36.41,35.98,0.43,1.2,667545.53,2444491.94
600036.SH,2007-08-22,35.66,37.2,35.3,36.42,36.41,0.01,0.03,707547.11,2598106.838
600036.SH,2007-08-23,36.45,37.81,36.03,37.55,36.42,1.13,3.1,724408.68,2681273.251
600036.SH,2007-08-24,37.65,39.5,37.25,39.04,37.55,1.49,3.97,656248.3,2529954.764
600036.SH,2007-08-27,38.88,39.58,37.6,38.25,39.04,-0.79,-2.02,804705.31,3100040.612
600036.SH,2007-08-28,37.9,38.36,37.0,37.65,38.25,-0.6,-1.57,556143.93,2091222.577
600036.SH,2007-08-29,37.01,38.0,36.88,37.0,37.65,-0.65,-1.73,499995.37,1864346.356
600036.SH,2007-08-30,37.3,37.97,37.0,37.39,37.0,0.39,1.05,394946.32,1475294.971
600036.SH,2007-08-31,37.43,38.46,37.28,38.03,37.39,0.64,1.71,442218.33,1667250.083
600036.SH,2007-09-03,38.5,39.15,38.03,38.24,38.03,0.21,0.55,474565.93,1839524.158
600036.SH,2007-09-04,38.29,38.29,37.0,37.52,38.24,-0.72,-1.88,611425.11,2291711.257
600036.SH,2007-09-05,37.4,38.0,36.06,36.7,37.52,-0.82,-2.19,593616.96,2182424.617
600036.SH,2007-09-06,37.0,37.75,36.38,36.97,36.7,0.27,0.74,618497.55,2287383.834
600036.SH,2007-09-07,36.77,36.97,35.8,35.98,36.97,-0.99,-2.68,664192.21,2406086.457
600036.SH,2007-09-10,35.47,36.98,35.4,36.35,35.98,0.37,1.03,485369.28,1747329.759
600036.SH,2007-09-11,36.6,36.7,34.4,34.84,36.35,-1.51,-4.15,546429.11,1938230.263
600036.SH,2007-09-12,34.8,35.3,34.2,34.6,34.84,-0.24,-0.69,517311.86,1787936.173
600036.SH,2007-09-13,34.55,35.49,34.55,35.19,34.6,0.59,1.71,411119.3,1440366.331
600036.SH,2007-09-14,35.38,35.6,34.6,34.92,35.19,-0.27,-0.77,425071.31,1487250.668
600036.SH,2007-09-17,35.5,36.45,35.15,35.38,34.92,0.46,1.32,589226.67,2108654.445
600036.SH,2007-09-18,35.45,35.69,34.0,34.69,35.38,-0.69,-1.95,566178.65,1953784.737
600036.SH,2007-09-19,35.1,36.0,34.69,35.3,34.69,0.61,1.76,444634.68,1569995.218
600036.SH,2007-09-20,35.5,36.4,35.3,35.48,35.3,0.18,0.51,400976.39,1439397.987
600036.SH,2007-09-21,35.68,36.3,34.9,35.98,35.48,0.5,1.41,450446.84,1607756.322
600036.SH,2007-09-24,35.99,37.88,35.99,37.86,35.98,1.88,5.23,636837.41,2366061.371
600036.SH,2007-09-25,37.96,38.34,36.88,36.98,37.86,-0.88,-2.32,359467.29,1343786.412
600036.SH,2007-09-26,36.91,38.2,36.81,37.27,36.98,0.29,0.78,413076.78,1556448.961
600036.SH,2007-09-27,37.27,37.95,37.0,37.76,37.27,0.49,1.31,363368.18,1365818.193
600036.SH,2007-09-28,38.19,38.3,37.4,38.27,37.76,0.51,1.35,649101.42,2468178.511
600036.SH,2007-10-08,39.6,41.26,38.82,40.91,38.27,2.64,6.9,870144.21,3497164.587
600036.SH,2007-10-09,40.6,41.15,39.63,40.26,40.91,-0.65,-1.59,256761.21,1038700.371
600036.SH,2007-10-10,40.6,42.25,40.02,40.47,40.26,0.21,0.52,439115.26,1821960.5
600036.SH,2007-10-11,41.0,43.28,40.77,42.75,40.47,2.28,5.63,822542.98,3469241.385
600036.SH,2007-10-12,42.77,43.2,39.8,41.91,42.75,-0.84,-1.96,514543.62,2136031.032
600036.SH,2007-10-15,41.81,42.8,40.34,41.12,41.91,-0.79,-1.89,419955.89,1727183.761
600036.SH,2007-10-16,42.1,43.3,41.65,42.08,41.12,0.96,2.33,385774.38,1637068.838
600036.SH,2007-10-17,41.8,42.0,40.58,40.8,42.08,-1.28,-3.04,285035.59,1171038.513
600036.SH,2007-10-18,40.83,41.01,39.0,39.85,40.8,-0.95,-2.33,408588.78,1626946.832
600036.SH,2007-10-19,40.0,41.44,40.0,40.49,39.85,0.64,1.61,375899.44,1533288.212
600036.SH,2007-10-23,40.6,42.19,40.01,41.71,40.49,1.22,3.01,514840.18,2129732.246
600036.SH,2007-10-24,42.1,43.68,42.05,42.96,41.71,1.25,3.0,597858.4,2578512.043
600036.SH,2007-10-25,42.85,43.01,41.23,41.8,42.96,-1.16,-2.7,524150.82,2215443.563
600036.SH,2007-10-26,41.5,43.61,41.31,43.47,41.8,1.67,4.0,465392.17,2001571.077
600036.SH,2007-10-29,43.44,46.09,43.4,44.53,43.47,1.06,2.44,378185.49,1708714.955
600036.SH,2007-10-30,44.54,45.1,44.18,44.84,44.53,0.31,0.7,194710.73,868287.419
600036.SH,2007-10-31,45.45,46.33,43.98,45.47,44.84,0.63,1.41,399699.51,1793910.409
600036.SH,2007-11-01,45.55,46.25,44.6,45.17,45.47,-0.3,-0.66,245070.75,1112133.622
600036.SH,2007-11-02,44.3,44.7,43.08,43.25,45.17,-1.92,-4.25,329691.6,1442397.432
600036.SH,2007-11-05,42.78,43.28,41.93,42.07,43.25,-1.18,-2.73,266262.87,1132059.24
600036.SH,2007-11-06,41.8,42.8,41.6,42.15,42.07,0.08,0.19,195518.13,825049.875
600036.SH,2007-11-07,42.45,43.4,42.35,43.34,42.15,1.19,2.82,212469.78,909400.086
600036.SH,2007-11-08,42.8,42.99,40.88,41.05,43.34,-2.29,-5.28,283254.26,1182451.225
600036.SH,2007-11-09,40.01,41.95,40.01,40.66,41.05,-0.39,-0.95,216092.88,887758.424
600036.SH,2007-11-12,39.98,41.46,39.51,40.98,40.66,0.32,0.79,338714.26,1374694.568
600036.SH,2007-11-13,41.35,42.38,39.4,40.04,40.98,-0.94,-2.29,290614.98,1190036.347
600036.SH,2007-11-14,41.0,41.65,39.81,41.61,40.04,1.57,3.92,264948.58,1081870.945
600036.SH,2007-11-15,41.47,42.47,41.29,41.46,41.61,-0.15,-0.36,174026.35,728993.798
600036.SH,2007-11-16,40.7,41.3,39.88,40.47,41.46,-0.99,-2.39,187182.98,757211.431
600036.SH,2007-11-19,40.47,40.66,39.0,39.17,40.47,-1.3,-3.21,235942.05,934304.921
600036.SH,2007-11-20,39.0,39.64,37.95,39.23,39.17,0.06,0.15,365978.07,1414414.163
600036.SH,2007-11-21,39.5,40.0,38.69,38.72,39.23,-0.51,-1.3,134109.18,527453.769
600036.SH,2007-11-22,38.08,38.46,37.1,37.3,38.72,-1.42,-3.67,245773.97,927388.52
600036.SH,2007-11-23,36.81,38.4,36.8,38.3,37.3,1.0,2.68,228977.93,864713.709
600036.SH,2007-11-26,39.0,39.5,38.04,38.28,38.3,-0.02,-0.05,199266.48,772763.982
600036.SH,2007-11-27,37.96,38.4,37.44,37.57,38.28,-0.71,-1.85,145754.65,551273.902
600036.SH,2007-11-28,37.76,38.6,37.35,37.72,37.57,0.15,0.4,260398.96,991278.431
600036.SH,2007-11-29,38.53,40.35,38.18,40.15,37.72,2.43,6.44,373205.0,1463643.875
600036.SH,2007-11-30,39.9,39.92,38.8,39.25,40.15,-0.9,-2.24,201710.85,793940.133
600036.SH,2007-12-03,39.05,40.5,38.7,39.73,39.25,0.48,1.22,231013.78,921909.203
600036.SH,2007-12-04,39.8,41.05,39.75,40.18,39.73,0.45,1.13,186014.47,752826.169
600036.SH,2007-12-05,40.01,41.42,40.01,41.33,40.18,1.15,2.86,210750.9,858927.082
600036.SH,2007-12-06,41.55,41.8,40.9,41.22,41.33,-0.11,-0.27,112774.93,465826.854
600036.SH,2007-12-07,41.48,41.59,40.88,41.33,41.22,0.11,0.27,114518.89,471862.659
600036.SH,2007-12-10,40.0,41.03,40.0,40.82,41.33,-0.51,-1.23,378858.4,1539356.662
600036.SH,2007-12-11,40.89,41.43,38.8,39.98,40.82,-0.84,-2.06,599250.3,2380362.119
600036.SH,2007-12-12,39.5,39.5,37.9,38.28,39.98,-1.7,-4.25,888442.62,3402568.193
600036.SH,2007-12-13,38.0,38.64,37.01,37.41,38.28,-0.87,-2.27,350645.42,1327542.154
600036.SH,2007-12-14,37.0,38.66,36.87,38.59,37.41,1.18,3.15,255308.14,966651.89
600036.SH,2007-12-17,38.02,38.15,35.88,36.31,38.59,-2.28,-5.91,479904.02,1761871.04
600036.SH,2007-12-18,36.0,36.85,35.6,36.23,36.31,-0.08,-0.22,260529.06,945720.704
600036.SH,2007-12-19,36.81,37.47,36.7,36.91,36.23,0.68,1.88,171598.45,634865.542
600036.SH,2007-12-20,37.3,38.05,36.91,37.81,36.91,0.9,2.44,174943.44,658154.615
600036.SH,2007-12-21,37.51,38.35,37.39,37.91,37.81,0.1,0.26,309061.33,1170283.069
600036.SH,2007-12-24,38.31,39.19,38.0,38.79,37.91,0.88,2.32,297572.07,1148036.676
600036.SH,2007-12-25,39.0,39.35,38.02,38.13,38.79,-0.66,-1.7,247543.41,956882.07
600036.SH,2007-12-26,38.13,38.76,37.67,38.1,38.13,-0.03,-0.08,331027.79,1263405.881
600036.SH,2007-12-27,38.21,39.72,37.8,39.69,38.1,1.59,4.17,480950.11,1873433.569
600036.SH,2007-12-28,39.74,40.06,39.38,39.63,39.69,-0.06,-0.15,547225.73,2177562.032
600036.SH,2008-01-02,39.62,39.99,38.6,38.8,39.63,-0.83,-2.09,341412.68,1334724.365
600036.SH,2008-01-03,38.69,38.69,36.9,37.92,38.8,-0.88,-2.27,616785.28,2318140.138
600036.SH,2008-01-04,37.92,38.66,37.5,38.39,37.92,0.47,1.24,402878.48,1538653.641
600036.SH,2008-01-07,38.06,39.6,38.0,39.07,38.39,0.68,1.77,507073.52,1981091.766
600036.SH,2008-01-08,39.97,41.22,39.8,40.31,39.07,1.24,3.17,729674.97,2961878.478
600036.SH,2008-01-09,40.2,41.16,40.19,40.81,40.31,0.5,1.24,314762.04,1285749.953
600036.SH,2008-01-10,41.0,41.31,40.6,41.1,40.81,0.29,0.71,324028.9,1329188.234
600036.SH,2008-01-11,41.15,42.97,41.12,42.94,41.1,1.84,4.48,448946.77,1909986.799
600036.SH,2008-01-14,43.0,43.63,42.5,43.14,42.94,0.2,0.47,330070.57,1427757.606
600036.SH,2008-01-15,43.15,43.4,41.57,41.81,43.14,-1.33,-3.08,367364.53,1562871.914
600036.SH,2008-01-16,41.2,41.2,39.2,39.47,41.81,-2.34,-5.6,564168.67,2257189.497
600036.SH,2008-01-17,38.8,40.0,38.29,39.15,39.47,-0.32,-0.81,438480.89,1711220.186
600036.SH,2008-01-18,39.0,40.1,38.95,39.7,39.15,0.55,1.4,262614.17,1039691.857
600036.SH,2008-01-21,39.75,40.18,36.95,37.04,39.7,-2.66,-6.7,451264.95,1715788.395
600036.SH,2008-01-22,36.05,37.03,34.2,35.13,37.04,-1.91,-5.16,704526.6,2519543.493
600036.SH,2008-01-23,36.15,37.0,34.78,36.73,35.13,1.6,4.55,499800.1,1808495.498
600036.SH,2008-01-24,37.4,37.58,35.8,36.7,36.73,-0.03,-0.08,370225.15,1360408.205
600036.SH,2008-01-25,36.7,38.88,35.59,37.88,36.7,1.18,3.22,444322.53,1654963.529
600036.SH,2008-01-28,37.4,37.4,35.41,35.57,37.88,-2.31,-6.1,278743.36,1008615.577
600036.SH,2008-01-29,36.08,36.58,34.4,35.0,35.57,-0.57,-1.6,244292.03,863664.021
600036.SH,2008-01-30,35.59,35.65,31.52,32.97,35.0,-2.03,-5.8,808255.57,2702069.5
600036.SH,2008-01-31,32.5,33.02,31.88,32.52,32.97,-0.45,-1.36,404912.86,1309401.462
600036.SH,2008-02-01,32.52,33.6,31.91,33.16,32.52,0.64,1.97,378305.23,1248801.74
600036.SH,2008-02-04,34.25,36.36,34.25,36.28,33.16,3.12,9.41,667814.58,2397470.188
600036.SH,2008-02-05,35.8,36.64,35.6,36.05,36.28,-0.23,-0.63,244256.87,883959.413
600036.SH,2008-02-13,34.9,35.33,34.3,34.59,36.05,-1.46,-4.05,318963.16,1110022.55
600036.SH,2008-02-14,35.01,35.85,34.55,34.83,34.59,0.24,0.69,217666.32,762145.8
600036.SH,2008-02-15,34.53,34.75,33.38,33.52,34.83,-1.31,-3.76,270557.68,914458.332
600036.SH,2008-02-18,34.18,35.02,33.85,34.5,33.52,0.98,2.92,367525.24,1269379.417
600036.SH,2008-02-19,34.74,35.0,34.0,34.92,34.5,0.42,1.22,237558.52,819573.915
600036.SH,2008-02-20,34.52,34.92,32.8,32.94,34.92,-1.98,-5.67,805799.88,2686938.09
600036.SH,2008-02-21,32.7,32.85,31.89,32.2,32.94,-0.74,-2.25,401938.96,1298648.004
600036.SH,2008-02-22,32.0,32.0,29.98,30.35,32.2,-1.85,-5.75,523914.42,1600480.266
600036.SH,2008-02-25,30.29,30.29,29.0,29.78,30.35,-0.57,-1.88,377254.43,1114852.5
600036.SH,2008-02-26,31.0,31.24,29.7,30.36,29.78,0.58,1.95,499940.78,1526516.843
600036.SH,2008-02-27,30.8,32.32,30.7,31.84,30.36,1.48,4.87,621520.52,1975540.363
600036.SH,2008-02-28,32.0,32.7,31.4,31.77,31.84,-0.07,-0.22,308437.82,989636.219
600036.SH,2008-02-29,31.81,32.51,31.78,31.97,31.77,0.2,0.63,229037.7,737434.245
600036.SH,2008-03-03,31.6,33.35,31.4,33.17,31.97,1.2,3.75,514113.08,1675421.982
600036.SH,2008-03-04,33.49,33.62,31.55,31.63,33.17,-1.54,-4.64,464600.75,1495456.488
600036.SH,2008-03-05,31.62,32.4,31.01,32.31,31.63,0.68,2.15,289970.93,917625.345
600036.SH,2008-03-06,32.4,34.18,31.62,33.35,32.31,1.04,3.22,462391.37,1548001.657
600036.SH,2008-03-07,32.8,34.13,32.55,33.16,33.35,-0.19,-0.57,290329.72,972658.89
600036.SH,2008-03-10,32.5,32.7,30.9,31.0,33.16,-2.16,-6.51,511707.12,1615494.256
600036.SH,2008-03-11,30.51,31.3,30.4,31.29,31.0,0.29,0.94,205684.26,634993.132
600036.SH,2008-03-12,32.35,32.75,29.5,29.67,31.29,-1.62,-5.18,379685.75,1158955.561
600036.SH,2008-03-13,29.68,30.85,29.1,30.27,29.67,0.6,2.02,369910.37,1105612.989
600036.SH,2008-03-14,30.15,30.18,28.7,29.32,30.27,-0.95,-3.14,394349.32,1152963.032
600036.SH,2008-03-17,29.0,29.94,28.0,28.67,29.32,-0.65,-2.22,238119.47,685745.108
600036.SH,2008-03-18,28.51,29.78,27.52,28.21,28.67,-0.46,-1.6,448490.05,1281226.344
600036.SH,2008-03-19,28.99,30.1,28.52,29.29,28.21,1.08,3.83,365723.5,1082967.88
600036.SH,2008-03-20,29.0,31.15,27.79,30.64,29.29,1.35,4.61,678297.09,2004752.426
600036.SH,2008-03-21,30.4,31.35,29.78,30.36,30.64,-0.28,-0.91,374827.75,1145050.263
600036.SH,2008-03-24,30.95,30.95,28.45,28.6,30.36,-1.76,-5.8,320196.04,937474.053
600036.SH,2008-03-25,28.7,30.01,27.98,29.72,28.6,1.12,3.92,459807.2,1332996.709
600036.SH,2008-03-26,30.01,31.55,30.01,30.69,29.72,0.97,3.26,610883.68,1889331.769
600036.SH,2008-03-27,30.0,31.45,29.9,30.6,30.69,-0.09,-0.29,509248.24,1574676.247
600036.SH,2008-03-28,30.28,33.2,30.28,32.72,30.6,2.12,6.93,805284.01,2582997.554
600036.SH,2008-03-31,31.48,32.8,31.4,32.17,32.72,-0.55,-1.68,571907.21,1837927.775
600036.SH,2008-04-01,31.97,33.4,30.88,31.69,32.17,-0.48,-1.49,605762.45,1953426.276
600036.SH,2008-04-02,32.55,33.6,31.5,32.22,31.69,0.53,1.67,937960.27,3081665.773
600036.SH,2008-04-03,31.9,33.2,30.9,33.0,32.22,0.78,2.42,603086.54,1936673.774
600036.SH,2008-04-07,32.56,33.84,32.2,33.62,33.0,0.62,1.88,546650.57,1812776.567
600036.SH,2008-04-08,33.67,33.72,32.81,33.44,33.62,-0.18,-0.54,361362.58,1201613.77
600036.SH,2008-04-09,33.0,33.28,31.31,31.5,33.44,-1.94,-5.8,370895.75,1201357.222
600036.SH,2008-04-10,31.29,32.3,31.2,32.13,31.5,0.63,2.0,229805.31,730473.757
600036.SH,2008-04-11,33.47,33.74,32.35,32.78,32.13,0.65,2.02,371811.24,1226200.238
600036.SH,2008-04-14,32.1,32.4,29.94,30.01,32.78,-2.77,-8.45,640257.93,1980639.313
600036.SH,2008-04-15,30.01,30.3,28.85,29.89,30.01,-0.12,-0.4,437493.74,1287353.033
600036.SH,2008-04-16,29.98,30.8,29.5,29.78,29.89,-0.11,-0.37,330034.51,992180.086
600036.SH,2008-04-17,29.78,30.75,28.95,29.37,29.78,-0.41,-1.38,264181.77,785923.087
600036.SH,2008-04-18,29.3,30.16,28.34,29.35,29.37,-0.02,-0.07,299706.25,876403.879
600036.SH,2008-04-21,32.28,32.28,29.39,30.13,29.35,0.78,2.66,552180.31,1691716.583
600036.SH,2008-04-22,29.8,31.16,28.9,31.11,30.13,0.98,3.25,499197.88,1490932.051
600036.SH,2008-04-23,30.49,32.66,30.4,32.42,31.11,1.31,4.21,699290.07,2240665.792
600036.SH,2008-04-24,34.51,35.66,33.68,35.62,32.42,3.2,9.87,2013406.26,7021674.373
600036.SH,2008-04-25,35.0,35.58,34.3,34.37,35.62,-1.25,-3.51,938470.5,3272338.941
600036.SH,2008-04-28,33.86,34.94,33.4,33.64,34.37,-0.73,-2.12,471818.71,1600585.25
600036.SH,2008-04-29,33.65,34.4,33.15,33.48,33.64,-0.16,-0.48,397183.82,1341227.972
600036.SH,2008-04-30,33.85,35.25,33.8,35.01,33.48,1.53,4.57,785512.55,2731377.944
600036.SH,2008-05-05,35.3,35.47,34.31,34.95,35.01,-0.06,-0.17,572805.26,1990754.294
600036.SH,2008-05-06,34.6,34.75,33.85,33.99,34.95,-0.96,-2.75,394507.05,1353353.584
600036.SH,2008-05-07,33.95,34.66,32.44,32.63,33.99,-1.36,-4.0,500662.25,1670052.684
600036.SH,2008-05-08,32.5,33.0,32.0,32.98,32.63,0.35,1.07,289449.83,942934.799
600036.SH,2008-05-09,33.3,33.47,30.8,31.26,32.98,-1.72,-5.22,902954.17,2848453.947
600036.SH,2008-05-12,30.51,32.19,30.48,31.71,31.26,0.45,1.44,407210.27,1268867.951
600036.SH,2008-05-13,30.91,31.77,30.56,31.03,31.71,-0.68,-2.14,338594.48,1053215.629
600036.SH,2008-05-14,31.0,32.6,30.92,32.55,31.03,1.52,4.9,403685.31,1294466.155
600036.SH,2008-05-15,32.71,33.05,31.88,31.96,32.55,-0.59,-1.81,293437.34,956035.932
600036.SH,2008-05-16,32.01,32.67,31.81,32.09,31.96,0.13,0.41,256644.42,825455.131
600036.SH,2008-05-19,31.92,31.95,30.85,31.5,32.09,-0.59,-1.84,238380.76,746554.257
600036.SH,2008-05-20,31.5,31.86,30.0,30.12,31.5,-1.38,-4.38,296824.29,920056.682
600036.SH,2008-05-21,30.08,30.66,29.35,30.37,30.12,0.25,0.83,386993.35,1153874.271
600036.SH,2008-05-22,29.8,30.28,29.37,29.71,30.37,-0.66,-2.17,272116.37,809904.172
600036.SH,2008-05-23,29.61,30.16,29.3,29.8,29.71,0.09,0.3,228692.41,680282.347
600036.SH,2008-05-26,29.6,29.77,29.0,29.27,29.8,-0.53,-1.78,164153.45,480275.47
600036.SH,2008-05-27,29.3,29.73,29.01,29.47,29.27,0.2,0.68,161091.24,474498.196
600036.SH,2008-05-28,29.5,30.99,29.35,30.52,29.47,1.05,3.56,327892.52,989274.927
600036.SH,2008-05-29,30.25,30.65,29.63,29.66,30.52,-0.86,-2.82,222785.4,673944.536
600036.SH,2008-06-03,29.96,30.66,29.37,29.69,29.66,0.03,0.1,300340.49,888696.754
600036.SH,2008-06-04,29.69,29.82,28.15,28.77,29.69,-0.92,-3.1,447757.14,1280231.547
600036.SH,2008-06-05,28.73,28.73,28.2,28.35,28.77,-0.42,-1.46,236024.49,670534.553
600036.SH,2008-06-06,28.44,28.69,28.01,28.12,28.35,-0.23,-0.81,233878.81,661209.35
600036.SH,2008-06-10,26.74,26.79,25.31,25.31,28.12,-2.81,-9.99,490729.61,1270697.342
600036.SH,2008-06-11,24.99,25.26,23.62,24.1,25.31,-1.21,-4.78,610541.52,1477627.321
600036.SH,2008-06-12,23.98,24.09,23.2,23.4,24.1,-0.7,-2.9,455756.12,1077529.239
600036.SH,2008-06-13,23.61,24.01,23.28,23.32,23.4,-0.08,-0.34,291466.39,688302.489
600036.SH,2008-06-16,23.56,24.48,23.2,24.22,23.32,0.9,3.86,394425.69,949117.279
600036.SH,2008-06-17,24.2,24.65,23.48,23.89,24.22,-0.33,-1.36,199268.74,479832.814
600036.SH,2008-06-18,23.83,25.26,23.5,24.88,23.89,0.99,4.14,360559.94,888036.685
600036.SH,2008-06-19,24.9,24.9,23.29,23.55,24.88,-1.33,-5.35,297818.42,714239.953
600036.SH,2008-06-20,23.6,25.35,22.99,24.65,23.55,1.1,4.67,586798.11,1439919.968
600036.SH,2008-06-23,24.0,24.2,23.5,23.76,24.65,-0.89,-3.61,308582.4,735952.739
600036.SH,2008-06-24,23.75,24.28,23.36,24.12,23.76,0.36,1.52,335278.09,800680.725
600036.SH,2008-06-25,24.0,24.99,23.88,24.71,24.12,0.59,2.45,316107.65,775194.559
600036.SH,2008-06-26,24.85,25.12,24.1,24.63,24.71,-0.08,-0.32,265652.82,655029.714
600036.SH,2008-06-30,23.09,23.6,23.0,23.42,24.63,-1.21,-4.91,411565.75,958471.14
600036.SH,2008-07-01,23.55,23.57,21.08,21.08,23.42,-2.34,-9.99,659703.29,1440794.713
600036.SH,2008-07-02,21.08,21.23,20.11,20.77,21.08,-0.31,-1.47,616827.16,1272988.725
600036.SH,2008-07-03,20.48,21.68,20.02,21.15,20.77,0.38,1.83,414889.46,864955.716
600036.SH,2008-07-04,21.2,21.78,21.1,21.29,21.15,0.14,0.66,262249.06,561071.433
600036.SH,2008-07-07,21.63,23.1,21.35,22.67,21.29,1.38,6.48,444906.25,998727.324
600036.SH,2008-07-08,22.92,23.5,21.97,22.7,22.67,0.03,0.13,442253.19,1002437.115
600036.SH,2008-07-09,23.2,24.45,23.2,23.96,22.7,1.26,5.55,676458.35,1615544.602
600036.SH,2008-07-10,23.61,24.68,23.35,24.0,23.96,0.04,0.17,429773.57,1038923.879
600036.SH,2008-07-11,23.95,24.2,23.35,24.05,24.0,0.05,0.21,396237.79,940648.561
600036.SH,2008-07-14,23.7,24.84,23.5,24.36,24.05,0.31,1.29,336121.89,816928.762
600036.SH,2008-07-15,24.38,24.5,22.9,22.94,24.36,-1.42,-5.83,496132.26,1159984.475
600036.SH,2008-07-16,22.59,22.7,21.55,22.0,22.94,-0.94,-4.1,329043.59,727533.117
600036.SH,2008-07-17,22.68,22.88,21.75,21.96,22.0,-0.04,-0.18,283505.26,629704.965
600036.SH,2008-07-18,22.31,22.8,21.8,22.73,21.96,0.77,3.51,330670.35,738574.44
600036.SH,2008-07-21,22.22,23.8,22.22,23.68,22.73,0.95,4.18,388832.67,902998.818
600036.SH,2008-07-22,23.6,24.09,23.41,23.86,23.68,0.18,0.76,254333.28,602739.369
600036.SH,2008-07-23,24.1,24.6,23.97,24.07,23.86,0.21,0.88,422946.5,1030114.935
600036.SH,2008-07-24,24.31,25.45,24.31,25.41,24.07,1.34,5.57,568837.49,1420585.519
600036.SH,2008-07-25,24.89,25.45,24.71,25.0,25.41,-0.41,-1.61,486283.54,1216462.264
600036.SH,2008-07-28,25.14,25.8,24.58,24.74,24.72,0.02,0.08,372886.95,943406.844
600036.SH,2008-07-29,24.3,24.7,24.06,24.37,24.74,-0.37,-1.5,240315.85,584144.925
600036.SH,2008-07-30,24.89,24.97,24.1,24.2,24.37,-0.17,-0.7,273030.27,665831.573
600036.SH,2008-07-31,24.33,24.6,23.59,23.64,24.2,-0.56,-2.31,251780.49,600720.059
600036.SH,2008-08-01,23.5,24.99,23.4,24.48,23.64,0.84,3.55,264733.28,641786.353
600036.SH,2008-08-04,24.4,24.84,24.0,24.26,24.48,-0.22,-0.9,230680.3,564660.014
600036.SH,2008-08-05,24.55,24.7,23.6,23.71,24.26,-0.55,-2.27,249996.11,603925.006
600036.SH,2008-08-06,24.03,24.64,23.85,24.16,23.71,0.45,1.9,254080.21,615284.058
600036.SH,2008-08-07,24.13,24.55,23.51,24.13,24.16,-0.03,-0.12,222735.79,535348.687
600036.SH,2008-08-08,24.1,24.27,23.0,23.39,24.13,-0.74,-3.07,259621.75,614263.138
600036.SH,2008-08-11,23.35,24.2,22.42,22.71,23.39,-0.68,-2.91,309612.06,721818.792
600036.SH,2008-08-12,22.7,22.82,22.01,22.29,22.71,-0.42,-1.85,226434.21,507630.094
600036.SH,2008-08-13,22.11,22.25,21.37,21.81,22.29,-0.48,-2.15,259893.34,564559.936
600036.SH,2008-08-14,21.64,21.81,20.93,21.61,21.81,-0.2,-0.92,224567.6,480663.462
600036.SH,2008-08-15,21.72,22.28,21.44,21.99,21.61,0.38,1.76,203574.14,448102.844
600036.SH,2008-08-18,22.0,22.12,21.12,21.21,21.99,-0.78,-3.55,179244.62,388963.512
600036.SH,2008-08-19,21.14,22.19,21.06,21.89,21.21,0.68,3.21,190740.17,414374.026
600036.SH,2008-08-20,21.73,23.95,21.41,23.92,21.89,2.03,9.27,541606.68,1256756.448
600036.SH,2008-08-21,23.49,24.0,22.89,23.13,23.92,-0.79,-3.3,330541.46,772407.706
600036.SH,2008-08-22,22.89,23.28,22.47,22.95,23.13,-0.18,-0.78,216649.89,495031.939
600036.SH,2008-08-25,23.03,23.58,22.8,23.09,22.95,0.14,0.61,150378.55,349383.881
600036.SH,2008-08-26,22.8,23.4,22.52,22.88,23.09,-0.21,-0.91,193886.78,444748.757
600036.SH,2008-08-27,22.88,23.4,22.71,22.92,22.88,0.04,0.17,245877.73,566816.599
600036.SH,2008-08-28,22.94,23.52,22.78,22.9,22.92,-0.02,-0.09,195511.58,451661.089
600036.SH,2008-08-29,23.08,23.5,22.8,23.08,22.9,0.18,0.79,354979.2,820911.327
600036.SH,2008-09-01,22.87,23.08,21.48,21.56,23.08,-1.52,-6.59,353386.66,774888.568
600036.SH,2008-09-02,21.33,21.42,20.65,20.88,21.56,-0.68,-3.15,463910.27,969905.321
600036.SH,2008-09-03,20.88,21.05,19.95,20.26,20.88,-0.62,-2.97,531037.35,1074770.101
600036.SH,2008-09-04,20.17,20.61,19.89,20.46,20.26,0.2,0.99,222802.3,449297.82
600036.SH,2008-09-05,19.98,20.25,19.72,20.0,20.46,-0.46,-2.25,283261.36,566564.473
600036.SH,2008-09-08,20.09,20.35,19.88,20.09,20.0,0.09,0.45,277785.29,558077.001
600036.SH,2008-09-09,20.2,20.25,19.9,20.18,20.09,0.09,0.45,169196.88,339845.035
600036.SH,2008-09-10,19.99,20.35,19.38,19.8,20.18,-0.38,-1.88,273833.75,542599.974
600036.SH,2008-09-11,19.69,19.69,17.94,18.04,19.8,-1.76,-8.89,461555.53,863843.889
600036.SH,2008-09-12,18.19,18.28,17.7,17.85,18.04,-0.19,-1.05,370111.09,662727.985
600036.SH,2008-09-16,16.9,16.9,16.07,16.07,17.85,-1.78,-9.97,814847.66,1312260.858
600036.SH,2008-09-17,15.2,15.5,14.46,14.47,16.07,-1.6,-9.96,1505306.08,2233786.791
600036.SH,2008-09-18,13.81,15.36,13.7,14.92,14.47,0.45,3.11,1228709.12,1758244.541
600036.SH,2008-09-19,16.41,16.41,16.29,16.41,14.92,1.49,9.99,349583.57,573264.747
600036.SH,2008-09-22,18.05,18.05,17.3,18.05,16.41,1.64,9.99,1710547.43,3070803.806
600036.SH,2008-09-23,17.2,18.01,17.01,17.13,18.05,-0.92,-5.1,949241.72,1655795.957
600036.SH,2008-09-24,16.7,16.96,16.1,16.83,17.13,-0.3,-1.75,449428.24,740220.816
600036.SH,2008-09-25,16.87,18.11,16.7,17.6,16.83,0.77,4.58,654507.51,1144154.309
600036.SH,2008-09-26,17.6,17.8,17.03,17.62,17.6,0.02,0.11,535035.6,937605.223
600036.SH,2008-10-06,17.1,17.1,15.86,15.86,17.62,-1.76,-9.99,612834.0,999045.443
600036.SH,2008-10-07,15.0,16.01,14.83,15.59,15.86,-0.27,-1.7,526479.48,809934.554
600036.SH,2008-10-08,14.9,15.02,14.1,14.29,15.59,-1.3,-8.34,849968.54,1229509.301
600036.SH,2008-10-09,14.66,14.7,13.97,14.39,14.29,0.1,0.7,523294.73,751277.266
600036.SH,2008-10-10,13.68,14.3,13.45,13.84,14.39,-0.55,-3.82,529443.85,731331.156
600036.SH,2008-10-13,13.81,15.22,13.7,15.22,13.84,1.38,9.97,795628.31,1171756.596
600036.SH,2008-10-14,15.99,16.18,14.9,14.93,15.22,-0.29,-1.91,940381.09,1476264.325
600036.SH,2008-10-15,14.91,15.27,14.66,15.2,14.93,0.27,1.81,485430.42,732137.591
600036.SH,2008-10-16,14.0,14.88,13.95,14.33,15.2,-0.87,-5.72,468064.24,673378.463
600036.SH,2008-10-17,14.6,14.79,13.9,14.18,14.33,-0.15,-1.05,348344.19,495382.587
600036.SH,2008-10-20,14.15,14.89,13.9,14.87,14.18,0.69,4.87,515574.91,738736.226
600036.SH,2008-10-21,14.87,15.2,14.6,14.63,14.87,-0.24,-1.61,548592.41,819377.798
600036.SH,2008-10-22,14.35,14.75,14.1,14.12,14.63,-0.51,-3.49,396340.49,569747.948
600036.SH,2008-10-23,13.8,13.8,12.8,13.49,14.12,-0.63,-4.46,764451.37,1017095.857
600036.SH,2008-10-24,13.48,13.48,12.14,12.14,13.49,-1.35,-10.01,1189941.83,1495600.695
600036.SH,2008-10-27,11.88,11.96,10.93,11.15,12.14,-0.99,-8.15,705219.77,809071.999
600036.SH,2008-10-28,10.93,12.09,10.68,11.8,11.15,0.65,5.83,1077212.79,1232232.438
600036.SH,2008-10-29,11.84,12.32,11.6,11.72,11.8,-0.08,-0.68,867159.81,1030374.94
600036.SH,2008-10-30,11.83,12.4,11.32,12.17,11.72,0.45,3.84,715955.9,863939.491
600036.SH,2008-10-31,12.13,12.13,11.58,11.69,12.17,-0.48,-3.94,409435.01,483224.01
600036.SH,2008-11-03,11.42,12.07,11.29,11.75,11.69,0.06,0.51,315266.42,373995.767
600036.SH,2008-11-04,11.75,11.81,11.11,11.6,11.75,-0.15,-1.28,410482.35,472870.738
600036.SH,2008-11-05,11.76,12.76,11.76,12.71,11.6,1.11,9.57,1261900.36,1586328.056
600036.SH,2008-11-06,12.18,12.36,11.98,12.07,12.71,-0.64,-5.04,921187.76,1118742.022
600036.SH,2008-11-07,11.69,12.9,11.6,12.52,12.07,0.45,3.73,962170.14,1192467.865
600036.SH,2008-11-10,12.85,13.77,12.77,13.71,12.52,1.19,9.5,1447738.67,1943127.103
600036.SH,2008-11-11,13.49,13.77,13.28,13.42,13.71,-0.29,-2.12,902622.32,1220376.656
600036.SH,2008-11-12,13.22,13.98,13.16,13.58,13.42,0.16,1.19,714833.72,970208.735
600036.SH,2008-11-13,13.26,14.37,13.02,14.02,13.58,0.44,3.24,1256043.07,1719379.638
600036.SH,2008-11-14,14.11,14.48,13.86,14.25,14.02,0.23,1.64,1060212.24,1503303.511
600036.SH,2008-11-17,14.2,14.59,14.0,14.45,14.25,0.2,1.4,1017185.41,1450716.754
600036.SH,2008-11-18,14.33,14.47,13.01,13.01,14.45,-1.44,-9.97,1283725.31,1749239.33
600036.SH,2008-11-19,12.98,13.97,12.87,13.84,13.01,0.83,6.38,974620.18,1309192.377
600036.SH,2008-11-20,13.4,13.75,13.08,13.34,13.84,-0.5,-3.61,840113.09,1124241.59
600036.SH,2008-11-21,12.78,13.8,12.44,13.21,13.34,-0.13,-0.97,977618.76,1279175.892
600036.SH,2008-11-24,13.2,13.2,12.48,12.54,13.21,-0.67,-5.07,652099.59,827844.274
600036.SH,2008-11-25,12.9,13.0,12.12,12.35,12.54,-0.19,-1.52,605447.6,757961.378
600036.SH,2008-11-26,12.38,12.45,12.07,12.26,12.35,-0.09,-0.73,509182.63,623838.0
600036.SH,2008-11-27,13.01,13.27,12.28,12.33,12.26,0.07,0.57,1312669.86,1679336.509
600036.SH,2008-11-28,12.15,12.25,11.5,11.68,12.33,-0.65,-5.27,843304.31,996000.355
600036.SH,2008-12-01,11.68,11.96,11.39,11.88,11.68,0.2,1.71,546485.01,642206.231
600036.SH,2008-12-02,11.5,11.99,11.45,11.73,11.88,-0.15,-1.26,744139.61,869603.097
600036.SH,2008-12-03,11.95,12.51,11.89,12.49,11.73,0.76,6.48,1348163.83,1649688.241
600036.SH,2008-12-04,12.85,13.41,12.67,12.85,12.49,0.36,2.88,1644563.11,2147668.948
600036.SH,2008-12-05,12.7,13.1,12.65,13.06,12.85,0.21,1.63,781445.46,1011788.97
600036.SH,2008-12-08,13.3,14.18,13.28,14.14,13.06,1.08,8.27,1656467.02,2277153.973
600036.SH,2008-12-09,14.19,14.2,13.4,13.48,14.14,-0.66,-4.67,1311856.71,1811476.318
600036.SH,2008-12-10,13.48,14.47,13.48,14.4,13.48,0.92,6.82,1749907.92,2457850.57
600036.SH,2008-12-11,14.17,14.41,13.78,14.01,14.4,-0.39,-2.71,1147421.77,1613404.562
600036.SH,2008-12-12,13.75,13.86,12.93,13.16,14.01,-0.85,-6.07,1224610.22,1626433.692
600036.SH,2008-12-15,13.45,13.47,12.84,13.11,13.16,-0.05,-0.38,646882.13,853164.927
600036.SH,2008-12-16,12.88,13.06,12.43,12.97,13.11,-0.14,-1.07,712637.16,907689.616
600036.SH,2008-12-17,13.0,13.22,12.65,12.91,12.97,-0.06,-0.46,750693.81,973944.276
600036.SH,2008-12-18,12.93,13.75,12.72,13.66,12.91,0.75,5.81,988750.26,1320526.52
600036.SH,2008-12-19,13.54,14.2,13.45,13.74,13.66,0.08,0.59,1052638.25,1454918.089
600036.SH,2008-12-22,13.8,13.82,13.26,13.41,13.74,-0.33,-2.4,584162.27,787982.257
600036.SH,2008-12-23,13.36,13.36,12.67,12.83,13.41,-0.58,-4.33,787374.75,1019040.503
600036.SH,2008-12-24,12.6,12.95,12.58,12.69,12.83,-0.14,-1.09,511053.8,651972.196
600036.SH,2008-12-25,12.72,12.88,12.26,12.37,12.69,-0.32,-2.52,451274.97,566430.736
600036.SH,2008-12-26,12.38,12.51,12.28,12.36,12.37,-0.01,-0.08,398506.72,493574.908
600036.SH,2008-12-29,12.24,12.38,12.03,12.27,12.36,-0.09,-0.73,353483.09,430778.279
600036.SH,2008-12-30,12.28,12.55,12.05,12.16,12.27,-0.11,-0.9,485723.64,598640.931
600036.SH,2008-12-31,12.22,12.4,12.06,12.16,12.16,0.0,0.0,355427.43,433450.818
600036.SH,2009-01-05,12.42,12.62,12.24,12.59,12.16,0.43,3.5362,621107.1,770104.704
600036.SH,2009-01-06,12.65,13.2,12.58,13.1,12.59,0.51,4.0508,868546.64,1125511.545
600036.SH,2009-01-07,13.04,13.42,12.85,12.87,13.1,-0.23,-1.7557,701293.4,922657.518
600036.SH,2009-01-08,12.6,12.6,12.18,12.24,12.87,-0.63,-4.8951,838262.85,1033089.569
600036.SH,2009-01-09,12.24,12.51,12.2,12.45,12.24,0.21,1.7157,564700.63,698409.944
600036.SH,2009-01-12,12.42,12.65,12.26,12.33,12.45,-0.12,-0.9639,674974.24,839299.835
600036.SH,2009-01-13,11.99,12.14,11.78,12.02,12.33,-0.31,-2.5142,686329.42,822954.584
600036.SH,2009-01-14,12.0,12.88,11.99,12.77,12.02,0.75,6.2396,823434.26,1030325.719
600036.SH,2009-01-15,12.56,13.05,12.36,12.54,12.77,-0.23,-1.8011,968442.74,1227342.647
600036.SH,2009-01-16,12.68,13.5,12.68,13.18,12.54,0.64,5.1037,1548834.07,2044224.15
600036.SH,2009-01-19,13.36,14.09,13.36,13.46,13.18,0.28,2.1244,1344594.96,1845402.75
600036.SH,2009-01-20,13.42,13.6,13.27,13.57,13.46,0.11,0.8172,523906.3,705534.523
600036.SH,2009-01-21,13.22,14.07,13.22,13.66,13.57,0.09,0.6632,1007691.38,1385590.653
600036.SH,2009-01-22,13.81,13.95,13.56,13.76,13.66,0.1,0.7321,475052.91,652348.485
600036.SH,2009-01-23,13.66,13.81,13.39,13.51,13.76,-0.25,-1.8169,479793.92,650250.482
600036.SH,2009-02-02,13.64,13.75,13.4,13.5,13.51,-0.01,-0.074,388061.04,526548.12
600036.SH,2009-02-03,13.51,14.09,13.48,13.91,13.5,0.41,3.037,585220.67,810861.532
600036.SH,2009-02-04,14.0,14.55,13.99,14.5,13.91,0.59,4.2416,1002357.92,1436089.402
600036.SH,2009-02-05,14.5,15.0,14.35,14.49,14.5,-0.01,-0.069,1041838.72,1534919.576
600036.SH,2009-02-06,14.54,15.0,14.5,14.99,14.49,0.5,3.4507,765560.62,1136065.331
600036.SH,2009-02-09,15.29,15.4,14.74,15.04,14.99,0.05,0.3336,1201275.45,1811621.165
600036.SH,2009-02-10,14.96,14.99,14.41,14.86,15.04,-0.18,-1.1968,1141054.52,1679551.902
600036.SH,2009-02-11,14.48,15.22,14.26,14.93,14.86,0.07,0.4711,2121531.29,3109573.874
600036.SH,2009-02-12,14.9,14.97,14.1,14.36,14.93,-0.57,-3.8178,1577205.0,2270899.376
600036.SH,2009-02-13,14.39,14.92,14.2,14.81,14.36,0.45,3.1337,1729236.89,2523234.214
600036.SH,2009-02-16,14.96,15.98,14.96,15.93,14.81,1.12,7.5625,2409412.72,3709939.376
600036.SH,2009-02-17,15.78,16.19,15.41,15.44,15.93,-0.49,-3.076,2157009.58,3400945.197
600036.SH,2009-02-18,15.02,15.37,14.48,14.58,15.44,-0.86,-5.5699,1847278.03,2754307.336
600036.SH,2009-02-19,14.7,14.85,14.0,14.35,14.58,-0.23,-1.5775,1286876.11,1851941.445
600036.SH,2009-02-20,14.25,14.45,13.92,14.4,14.35,0.05,0.3484,1194935.97,1696323.769
600036.SH,2009-02-23,14.19,14.95,13.85,14.76,14.4,0.36,2.5,1824742.22,2648117.494
600036.SH,2009-02-24,14.45,14.74,13.79,13.8,14.76,-0.96,-6.5041,1702984.64,2420121.005
600036.SH,2009-02-25,14.0,15.18,13.45,14.92,13.8,1.12,8.1159,3244305.39,4659765.968
600036.SH,2009-02-26,14.69,15.45,14.01,14.27,14.92,-0.65,-4.3566,3843343.72,5751822.256
600036.SH,2009-03-02,14.55,14.9,13.5,14.62,14.27,0.35,2.4527,2295566.59,3290426.494
600036.SH,2009-03-03,14.06,14.45,13.88,14.05,14.62,-0.57,-3.8988,1428711.32,2014528.54
600036.SH,2009-03-04,14.08,15.4,14.0,15.19,14.05,1.14,8.1139,2667500.42,3946482.672
600036.SH,2009-03-05,15.27,16.13,15.12,15.69,15.19,0.5,3.2916,3496356.09,5437825.122
600036.SH,2009-03-06,15.2,15.9,15.18,15.78,15.69,0.09,0.5736,2087733.66,3244153.334
600036.SH,2009-03-09,15.87,16.27,14.98,15.0,15.78,-0.78,-4.943,2065384.68,3217566.648
600036.SH,2009-03-10,14.8,14.98,14.37,14.9,15.0,-0.1,-0.6667,1364087.28,1999665.856
600036.SH,2009-03-11,15.39,15.39,14.49,14.59,14.9,-0.31,-2.0805,1946701.53,2899833.655
600036.SH,2009-03-12,14.45,14.55,13.99,14.33,14.59,-0.26,-1.782,1458483.14,2071778.403
600036.SH,2009-03-13,14.45,14.6,14.15,14.23,14.33,-0.1,-0.6978,1176681.65,1691439.282
600036.SH,2009-03-16,14.14,14.66,14.0,14.52,14.23,0.29,2.0379,1081076.82,1553801.631
600036.SH,2009-03-17,14.5,15.09,14.4,14.98,14.52,0.46,3.168,1642956.74,2426548.581
600036.SH,2009-03-18,15.18,15.24,14.76,14.86,14.98,-0.12,-0.8011,1581799.32,2367256.058
600036.SH,2009-03-19,14.89,15.13,14.78,15.06,14.86,0.2,1.3459,1253785.83,1877050.454
600036.SH,2009-03-20,15.08,15.2,14.6,14.83,15.06,-0.23,-1.5272,1327917.99,1973806.819
600036.SH,2009-03-23,14.81,15.36,14.65,15.26,14.83,0.43,2.8995,1944667.02,2930297.797
600036.SH,2009-03-24,15.65,15.75,15.17,15.21,15.26,-0.05,-0.3277,1982703.26,3061908.096
600036.SH,2009-03-25,15.0,15.51,14.95,14.99,15.21,-0.22,-1.4464,1450140.44,2200272.521
600036.SH,2009-03-26,15.04,16.1,15.03,16.03,14.99,1.04,6.938,2831953.71,4395524.788
600036.SH,2009-03-27,16.05,16.21,15.78,15.93,16.03,-0.1,-0.6238,2059362.35,3288379.484
600036.SH,2009-03-30,16.04,16.25,15.81,16.0,15.93,0.07,0.4394,1461500.06,2345077.458
600036.SH,2009-03-31,15.62,16.17,15.41,15.93,16.0,-0.07,-0.4375,1438127.49,2271123.012
600036.SH,2009-04-01,16.18,16.3,15.95,16.19,15.93,0.26,1.6321,1815649.29,2929299.914
600036.SH,2009-04-02,16.3,16.9,16.27,16.51,16.19,0.32,1.9765,2039947.95,3388514.735
600036.SH,2009-04-03,16.72,17.31,16.68,16.87,16.51,0.36,2.1805,2045029.31,3464503.247
600036.SH,2009-04-07,16.79,16.98,16.38,16.63,16.87,-0.24,-1.4226,1350591.27,2245970.617
600036.SH,2009-04-08,16.49,16.55,15.65,15.69,16.63,-0.94,-5.6524,1797249.08,2879554.613
600036.SH,2009-04-09,15.65,15.9,15.45,15.88,15.69,0.19,1.211,1282997.02,2009762.363
600036.SH,2009-04-10,16.1,16.19,15.8,16.14,15.88,0.26,1.6373,2074944.23,3318884.273
600036.SH,2009-04-13,16.22,16.49,15.94,16.37,16.14,0.23,1.425,2048900.29,3319472.483
600036.SH,2009-04-14,16.27,16.48,16.15,16.34,16.37,-0.03,-0.1833,1522288.93,2482411.411
600036.SH,2009-04-15,16.34,16.34,15.81,16.12,16.34,-0.22,-1.3464,1601755.99,2570000.881
600036.SH,2009-04-16,16.12,16.45,15.81,16.27,16.12,0.15,0.9305,2054948.07,3323903.411
600036.SH,2009-04-17,16.13,16.34,15.88,15.95,16.27,-0.32,-1.9668,1302178.91,2089978.148
600036.SH,2009-04-20,15.96,16.37,15.96,16.35,15.95,0.4,2.5078,1409613.13,2285198.485
600036.SH,2009-04-21,16.07,16.22,15.85,16.02,16.35,-0.33,-2.0183,1298506.1,2081633.064
600036.SH,2009-04-22,16.14,16.38,15.45,15.54,16.02,-0.48,-2.9963,1794081.99,2867153.275
600036.SH,2009-04-23,15.41,15.66,15.38,15.59,15.54,0.05,0.3218,810169.84,1256659.754
600036.SH,2009-04-24,15.65,15.69,15.18,15.27,15.59,-0.32,-2.0526,1257226.28,1937913.677
600036.SH,2009-04-27,15.41,15.5,15.13,15.21,15.27,-0.06,-0.3929,1137544.59,1740522.065
600036.SH,2009-04-28,15.03,15.38,14.98,15.19,15.21,-0.02,-0.1315,862874.08,1308578.34
600036.SH,2009-04-29,15.17,16.3,15.03,15.92,15.19,0.73,4.8058,2049492.74,3223489.902
600036.SH,2009-04-30,15.69,15.82,15.42,15.5,15.92,-0.42,-2.6382,1640755.99,2552589.265
600036.SH,2009-05-04,15.58,16.02,15.44,15.89,15.5,0.39,2.5161,1394604.43,2203011.29
600036.SH,2009-05-05,16.1,16.36,16.01,16.16,15.89,0.27,1.6992,1498637.89,2422951.455
600036.SH,2009-05-06,16.2,16.36,16.07,16.16,16.16,0.0,0.0,1415274.82,2293033.786
600036.SH,2009-05-07,16.27,16.56,16.12,16.3,16.16,0.14,0.8663,2023881.54,3303367.159
600036.SH,2009-05-08,16.27,17.4,16.2,17.29,16.3,0.99,6.0736,3597107.0,6072055.915
600036.SH,2009-05-11,17.38,18.0,16.9,16.96,17.29,-0.33,-1.9086,3372282.48,5932316.445
600036.SH,2009-05-12,16.85,17.6,16.74,17.55,16.96,0.59,3.4788,1569738.31,2685100.055
600036.SH,2009-05-13,17.57,17.83,17.25,17.75,17.55,0.2,1.1396,1430141.38,2515341.146
600036.SH,2009-05-14,17.4,17.5,17.06,17.23,17.75,-0.52,-2.9296,1032066.61,1782637.219
600036.SH,2009-05-15,17.38,17.45,16.99,17.17,17.23,-0.06,-0.3482,736903.53,1266718.996
600036.SH,2009-05-18,17.0,17.07,16.61,17.03,17.17,-0.14,-0.8154,973264.0,1636029.953
600036.SH,2009-05-19,17.25,17.42,16.98,17.12,17.03,0.09,0.5285,1096647.2,1884090.356
600036.SH,2009-05-20,17.14,17.14,16.71,16.73,17.12,-0.39,-2.278,879430.17,1481256.044
600036.SH,2009-05-21,16.65,16.86,16.42,16.46,16.73,-0.27,-1.6139,964679.04,1600761.181
600036.SH,2009-05-22,16.35,16.72,16.34,16.65,16.46,0.19,1.1543,637938.06,1053829.256
600036.SH,2009-05-25,16.25,16.69,16.2,16.6,16.65,-0.05,-0.3003,793590.46,1308220.476
600036.SH,2009-05-26,16.6,16.7,16.28,16.29,16.6,-0.31,-1.8675,762371.69,1249250.468
600036.SH,2009-05-27,16.38,17.11,16.35,16.86,16.29,0.57,3.4991,1331101.01,2232421.626
600036.SH,2009-06-01,17.19,18.0,17.19,17.8,16.86,0.94,5.5753,2257217.92,3989386.21
600036.SH,2009-06-02,18.03,18.46,17.8,17.81,17.8,0.01,0.0562,1810029.99,3289426.174
600036.SH,2009-06-03,17.84,19.26,17.84,19.08,17.81,1.27,7.1308,2126305.2,3974314.691
600036.SH,2009-06-04,18.89,19.76,18.84,19.47,19.08,0.39,2.044,1837884.5,3550326.764
600036.SH,2009-06-05,19.49,19.63,19.15,19.2,19.47,-0.27,-1.3867,756974.96,1463845.614
600036.SH,2009-06-08,19.22,20.4,19.02,19.81,19.2,0.61,3.1771,1248140.72,2467443.777
600036.SH,2009-06-09,19.8,19.97,19.17,19.68,19.81,-0.13,-0.6562,844038.13,1649468.123
600036.SH,2009-06-10,19.68,20.1,19.65,19.79,19.68,0.11,0.5589,659985.58,1311204.665
600036.SH,2009-06-11,19.8,20.5,19.74,20.21,19.79,0.42,2.1223,907659.62,1836137.037
600036.SH,2009-06-12,20.1,20.44,19.3,19.66,20.21,-0.55,-2.7214,821076.96,1630627.848
600036.SH,2009-06-15,19.64,21.19,19.64,21.15,19.66,1.49,7.5788,1443667.84,2959534.238
600036.SH,2009-06-16,20.88,21.58,20.78,21.15,21.15,0.0,0.0,1041192.87,2203268.974
600036.SH,2009-06-17,21.03,21.76,20.68,21.5,21.15,0.35,1.6548,701651.99,1482545.556
600036.SH,2009-06-18,21.54,22.56,21.54,22.23,21.5,0.73,3.3953,1224190.16,2708862.033
600036.SH,2009-06-22,22.65,22.92,22.1,22.22,22.23,-0.01,-0.045,909319.31,2047166.841
600036.SH,2009-06-23,21.91,23.1,21.5,22.5,22.22,0.28,1.2601,1100580.61,2446821.475
600036.SH,2009-06-24,22.22,22.4,21.41,21.76,22.5,-0.74,-3.2889,1409977.69,3062749.632
600036.SH,2009-06-25,21.7,22.06,21.48,21.75,21.76,-0.01,-0.046,811875.63,1764698.71
600036.SH,2009-06-26,21.82,22.16,21.66,21.89,21.75,0.14,0.6437,595535.17,1304091.379
600036.SH,2009-06-29,22.19,22.88,22.03,22.75,21.89,0.86,3.9287,830684.02,1867983.103
600036.SH,2009-06-30,22.89,22.9,22.15,22.41,22.75,-0.34,-1.4945,672510.27,1509170.389
600036.SH,2009-07-01,22.4,23.15,22.08,23.03,22.41,0.62,2.7666,913895.09,2082276.343
600036.SH,2009-07-02,23.15,23.48,22.85,22.98,23.03,-0.05,-0.2171,955582.77,2210448.969
600036.SH,2009-07-03,17.49,18.67,17.35,18.59,17.6,0.99,5.625,1390880.12,2526165.383
600036.SH,2009-07-06,18.57,19.23,18.31,18.82,18.59,0.23,1.2372,1344855.87,2533042.523
600036.SH,2009-07-07,18.83,19.11,18.48,18.64,18.82,-0.18,-0.9564,1194153.21,2244090.825
600036.SH,2009-07-08,18.49,18.49,17.6,18.28,18.64,-0.36,-1.9313,1640793.14,2970014.721
600036.SH,2009-07-09,18.2,18.33,17.78,18.27,18.28,-0.01,-0.0547,1344559.34,2424594.55
600036.SH,2009-07-10,18.3,18.44,17.97,18.35,18.27,0.08,0.4379,1080715.32,1967624.721
600036.SH,2009-07-13,18.25,18.26,17.81,17.86,18.35,-0.49,-2.6703,1156581.64,2077085.957
600036.SH,2009-07-14,17.89,18.26,17.89,18.17,17.86,0.31,1.7357,1190855.54,2156268.423
600036.SH,2009-07-15,18.23,18.46,18.1,18.23,18.17,0.06,0.3302,1168745.69,2127623.225
600036.SH,2009-07-16,18.37,19.0,18.14,18.63,18.23,0.4,2.1942,1942470.88,3614415.488
600036.SH,2009-07-17,18.64,18.71,18.3,18.44,18.63,-0.19,-1.0199,1050356.68,1941365.705
600036.SH,2009-07-20,18.49,18.62,18.2,18.49,18.44,0.05,0.2711,1149239.54,2114221.145
600036.SH,2009-07-21,18.53,19.06,18.39,18.57,18.49,0.08,0.4327,1476766.29,2774113.329
600036.SH,2009-07-22,18.65,19.12,18.44,19.05,18.57,0.48,2.5848,1745729.96,3278744.16
600036.SH,2009-07-23,19.03,19.77,18.8,19.41,19.05,0.36,1.8898,1648371.8,3186165.441
600036.SH,2009-07-24,19.56,19.8,19.04,19.5,19.41,0.09,0.4637,1205798.72,2336039.992
600036.SH,2009-07-27,19.5,19.92,19.38,19.69,19.5,0.19,0.9744,985081.03,1939662.844
600036.SH,2009-07-28,19.69,19.72,18.8,19.4,19.69,-0.29,-1.4728,1091667.86,2117296.541
600036.SH,2009-07-29,19.37,19.91,17.9,18.56,19.4,-0.84,-4.3299,1643959.75,3148252.908
600036.SH,2009-07-30,18.68,19.6,18.68,19.33,18.56,0.77,4.1487,1825801.7,3505127.161
600036.SH,2009-07-31,19.5,19.85,19.35,19.64,19.33,0.31,1.6037,1170632.43,2293988.249
600036.SH,2009-08-03,19.75,19.79,19.0,19.51,19.64,-0.13,-0.6619,1180952.37,2292391.39
600036.SH,2009-08-04,19.56,19.56,18.81,19.05,19.51,-0.46,-2.3578,1222201.9,2329286.352
600036.SH,2009-08-05,19.0,19.05,18.58,18.64,19.05,-0.41,-2.1522,1318810.62,2466828.795
600036.SH,2009-08-06,18.5,18.64,17.75,18.27,18.64,-0.37,-1.985,1416819.28,2569032.746
600036.SH,2009-08-07,18.27,18.56,17.87,17.98,18.27,-0.29,-1.5873,1056672.57,1929504.833
600036.SH,2009-08-10,18.15,18.28,17.51,17.84,17.98,-0.14,-0.7786,848169.31,1518304.51
600036.SH,2009-08-11,17.9,18.0,17.52,17.85,17.84,0.01,0.0561,659065.79,1173091.109
600036.SH,2009-08-12,17.87,18.18,17.38,17.41,17.85,-0.44,-2.465,1171231.69,2069670.041
600036.SH,2009-08-13,17.46,17.88,16.79,17.68,17.41,0.27,1.5508,1234838.1,2138912.739
600036.SH,2009-08-14,17.35,17.65,17.11,17.26,17.68,-0.42,-2.3756,1124139.08,1952775.692
600036.SH,2009-08-17,17.1,17.1,15.98,16.16,17.26,-1.1,-6.3731,1380112.21,2273011.062
600036.SH,2009-08-18,15.91,16.25,15.51,16.02,16.16,-0.14,-0.8663,939735.57,1498320.291
600036.SH,2009-08-19,16.04,16.5,15.48,15.67,16.02,-0.35,-2.1848,973926.24,1558164.372
600036.SH,2009-08-20,15.7,16.19,15.68,16.14,15.67,0.47,2.9994,979869.89,1561030.59
600036.SH,2009-08-21,16.05,16.54,15.88,16.24,16.14,0.1,0.6196,1041849.13,1687574.319
600036.SH,2009-08-24,16.33,16.4,15.75,16.03,16.24,-0.21,-1.2931,1184302.58,1894217.227
600036.SH,2009-08-25,15.99,15.99,14.58,15.05,16.03,-0.98,-6.1135,1606471.21,2433471.741
600036.SH,2009-08-26,15.0,15.35,14.81,15.2,15.05,0.15,0.9967,1161527.62,1760154.259
600036.SH,2009-08-27,15.2,15.44,14.86,15.05,15.2,-0.15,-0.9868,942355.23,1421672.548
600036.SH,2009-08-28,15.04,15.19,14.36,14.54,15.05,-0.51,-3.3887,1188678.53,1739121.738
600036.SH,2009-08-31,14.0,14.0,13.57,13.63,14.54,-0.91,-6.2586,1368482.28,1885178.393
600036.SH,2009-09-01,13.66,14.2,13.65,13.95,13.63,0.32,2.3478,1163099.14,1623423.888
600036.SH,2009-09-02,13.8,14.65,13.71,14.47,13.95,0.52,3.7276,1255999.09,1804015.755
600036.SH,2009-09-03,14.55,15.25,14.4,15.2,14.47,0.73,5.0449,1331051.82,1988710.281
600036.SH,2009-09-04,15.29,15.56,15.12,15.23,15.2,0.03,0.1974,861766.87,1318824.968
600036.SH,2009-09-07,15.4,15.55,15.07,15.21,15.23,-0.02,-0.1313,784193.48,1204986.033
600036.SH,2009-09-08,15.14,15.42,14.89,15.4,15.21,0.19,1.2492,744445.98,1130631.32
600036.SH,2009-09-09,15.49,15.52,15.0,15.29,15.4,-0.11,-0.7143,761854.61,1162575.587
600036.SH,2009-09-10,15.27,15.34,14.99,15.13,15.29,-0.16,-1.0464,617075.66,934873.269
600036.SH,2009-09-11,15.11,16.0,15.0,15.82,15.13,0.69,4.5605,1256745.18,1966417.416
600036.SH,2009-09-14,15.85,15.95,15.71,15.9,15.82,0.08,0.5057,812705.42,1288111.151
600036.SH,2009-09-15,15.95,16.19,15.8,16.02,15.9,0.12,0.7547,793469.64,1269623.165
600036.SH,2009-09-16,15.9,16.1,15.52,15.68,16.02,-0.34,-2.1223,720012.89,1137016.363
600036.SH,2009-09-17,15.8,16.05,15.75,15.87,15.68,0.19,1.2117,722141.36,1148669.954
600036.SH,2009-09-18,15.9,15.94,15.16,15.27,15.87,-0.6,-3.7807,882166.91,1373714.95
600036.SH,2009-09-21,15.15,15.31,14.81,15.22,15.27,-0.05,-0.3274,713653.89,1072444.243
600036.SH,2009-09-22,15.18,15.4,14.75,14.81,15.22,-0.41,-2.6938,738969.58,1110864.563
600036.SH,2009-09-23,14.84,15.05,14.45,14.6,14.81,-0.21,-1.418,697703.15,1026109.835
600036.SH,2009-09-24,14.61,15.27,14.36,14.98,14.6,0.38,2.6027,1038743.79,1535307.302
600036.SH,2009-09-25,14.82,15.04,14.65,14.8,14.98,-0.18,-1.2016,661582.98,982446.773
600036.SH,2009-09-28,14.82,14.95,14.4,14.46,14.8,-0.34,-2.2973,425796.21,625353.311
600036.SH,2009-09-29,14.55,14.84,14.4,14.58,14.46,0.12,0.8299,822129.86,1199973.447
600036.SH,2009-09-30,14.73,14.97,14.61,14.78,14.58,0.2,1.3717,504878.33,747045.955
600036.SH,2009-10-09,15.1,15.55,15.03,15.51,14.78,0.73,4.9391,862816.04,1324277.177
600036.SH,2009-10-12,15.7,16.01,15.56,15.59,15.51,0.08,0.5158,902786.25,1428746.106
600036.SH,2009-10-13,15.56,16.0,15.51,15.99,15.59,0.4,2.5657,968758.88,1540481.66
600036.SH,2009-10-14,16.01,16.13,15.8,15.85,15.99,-0.14,-0.8755,1643406.52,2627065.036
600036.SH,2009-10-15,16.04,16.2,15.78,15.8,15.85,-0.05,-0.3155,987446.19,1580411.077
600036.SH,2009-10-16,15.85,16.07,15.67,15.98,15.8,0.18,1.1392,773397.54,1229679.274
600036.SH,2009-10-20,16.52,16.85,16.45,16.73,15.98,0.75,4.6934,1671089.35,2782738.969
600036.SH,2009-10-21,16.73,17.19,16.6,16.9,16.73,0.17,1.0161,1272062.67,2161300.875
600036.SH,2009-10-22,16.88,17.26,16.81,16.95,16.9,0.05,0.2959,834185.55,1422127.926
600036.SH,2009-10-23,16.96,17.85,16.96,17.71,16.95,0.76,4.4838,1378649.42,2420767.226
600036.SH,2009-10-26,17.73,18.1,17.73,18.0,17.71,0.29,1.6375,972381.89,1743680.55
600036.SH,2009-10-27,17.8,18.08,17.58,17.7,18.0,-0.3,-1.6667,965321.98,1720813.231
600036.SH,2009-10-28,17.63,17.82,17.0,17.51,17.7,-0.19,-1.0734,921774.73,1607841.949
600036.SH,2009-10-29,17.11,17.51,17.0,17.06,17.51,-0.45,-2.57,812228.6,1395416.999
600036.SH,2009-10-30,17.4,18.1,17.25,17.77,17.06,0.71,4.1618,1190651.48,2117013.259
600036.SH,2009-11-02,17.15,19.0,17.1,18.69,17.77,0.92,5.1773,1933154.89,3522458.63
600036.SH,2009-11-03,18.7,19.1,18.69,18.81,18.69,0.12,0.6421,1076894.76,2035113.892
600036.SH,2009-11-04,18.8,19.1,18.5,18.91,18.81,0.1,0.5316,967735.6,1823913.453
600036.SH,2009-11-05,18.87,19.0,18.59,18.82,18.91,-0.09,-0.4759,648426.83,1216933.884
600036.SH,2009-11-06,18.92,19.25,18.72,18.83,18.82,0.01,0.0531,692668.17,1314683.981
600036.SH,2009-11-09,18.83,18.87,18.3,18.66,18.83,-0.17,-0.9028,670458.49,1245005.057
600036.SH,2009-11-10,18.79,18.96,18.58,18.68,18.66,0.02,0.1072,676408.59,1269969.101
600036.SH,2009-11-11,18.61,18.61,18.17,18.29,18.68,-0.39,-2.0878,848830.07,1557549.202
600036.SH,2009-11-12,18.35,18.55,18.0,18.1,18.29,-0.19,-1.0388,911898.98,1663950.606
600036.SH,2009-11-13,18.11,18.38,17.91,18.36,18.1,0.26,1.4365,866486.86,1570106.157
600036.SH,2009-11-16,18.42,18.88,18.42,18.85,18.36,0.49,2.6688,949151.83,1776762.005
600036.SH,2009-11-17,18.99,19.38,18.9,18.99,18.85,0.14,0.7427,1023617.71,1960165.652
600036.SH,2009-11-18,19.1,19.15,18.73,18.82,18.99,-0.17,-0.8952,609062.72,1149114.894
600036.SH,2009-11-19,18.82,18.93,18.24,18.49,18.82,-0.33,-1.7535,1279258.57,2363664.678
600036.SH,2009-11-20,18.49,18.55,18.2,18.4,18.49,-0.09,-0.4867,757923.73,1389541.685
600036.SH,2009-11-23,18.41,18.57,18.3,18.53,18.4,0.13,0.7065,713001.91,1314565.137
600036.SH,2009-11-24,18.61,18.68,17.87,17.89,18.53,-0.64,-3.4539,1295529.49,2370358.466
600036.SH,2009-11-25,17.95,18.17,17.4,18.06,17.89,0.17,0.9503,1551825.16,2747003.435
600036.SH,2009-11-26,17.94,17.94,17.02,17.22,18.06,-0.84,-4.6512,1614155.35,2819123.042
600036.SH,2009-11-27,17.0,17.44,16.7,16.91,17.22,-0.31,-1.8002,1105472.94,1872011.048
600036.SH,2009-11-30,17.1,17.3,16.91,17.29,16.91,0.38,2.2472,863917.49,1481611.756
600036.SH,2009-12-01,17.24,17.48,16.86,17.39,17.29,0.1,0.5784,1222685.31,2094568.184
600036.SH,2009-12-02,17.42,17.72,17.3,17.41,17.39,0.02,0.115,1068415.55,1872278.6
600036.SH,2009-12-03,17.41,17.41,17.12,17.24,17.41,-0.17,-0.9765,706980.49,1218466.685
600036.SH,2009-12-04,17.17,18.1,16.96,18.04,17.24,0.8,4.6404,2354452.41,4167711.371
600036.SH,2009-12-07,18.05,18.3,17.9,18.1,18.04,0.06,0.3326,1245679.64,2259393.22
600036.SH,2009-12-08,18.15,18.22,17.75,17.82,18.1,-0.28,-1.547,761446.28,1364974.339
600036.SH,2009-12-09,17.52,17.69,17.3,17.37,17.82,-0.45,-2.5253,660185.1,1152946.559
600036.SH,2009-12-10,17.53,17.7,17.28,17.49,17.37,0.12,0.6908,469298.3,822146.821
600036.SH,2009-12-11,17.58,17.89,17.48,17.62,17.49,0.13,0.7433,496587.91,880561.155
600036.SH,2009-12-14,17.5,18.22,17.21,18.03,17.62,0.41,2.3269,1273025.22,2265384.997
600036.SH,2009-12-15,17.9,18.27,17.76,17.94,18.03,-0.09,-0.4992,788645.43,1423022.5
600036.SH,2009-12-16,17.88,18.32,17.8,17.9,17.94,-0.04,-0.223,800207.68,1446426.935
600036.SH,2009-12-17,18.06,18.2,17.39,17.5,17.9,-0.4,-2.2346,734052.21,1298305.349
600036.SH,2009-12-18,17.3,17.53,16.96,17.18,17.5,-0.32,-1.8286,694065.55,1194001.076
600036.SH,2009-12-21,17.11,17.3,16.58,16.82,17.18,-0.36,-2.0955,812483.57,1367736.655
600036.SH,2009-12-22,16.9,16.96,16.08,16.33,16.82,-0.49,-2.9132,815809.52,1338994.727
600036.SH,2009-12-23,16.32,16.42,16.0,16.29,16.33,-0.04,-0.2449,580043.23,940796.825
600036.SH,2009-12-24,16.4,16.8,16.1,16.69,16.29,0.4,2.4555,711173.37,1171756.791
600036.SH,2009-12-25,16.55,16.68,16.33,16.4,16.69,-0.29,-1.7376,550080.64,903887.635
600036.SH,2009-12-28,16.45,17.04,16.4,16.79,16.4,0.39,2.378,801641.94,1348994.806
600036.SH,2009-12-29,16.8,17.24,16.7,17.17,16.79,0.38,2.2633,714417.18,1215131.764
600036.SH,2009-12-30,17.21,18.15,17.16,18.02,17.17,0.85,4.9505,2272767.49,4059747.325
600036.SH,2009-12-31,18.05,18.24,17.85,18.05,18.02,0.03,0.1665,1015413.68,1831678.969
600036.SH,2010-01-04,17.93,18.11,17.66,17.71,18.05,-0.34,-1.88,746135.58,1332370.091
600036.SH,2010-01-05,17.71,18.0,17.34,17.73,17.71,0.02,0.11,914013.73,1615349.974
600036.SH,2010-01-06,17.69,17.69,17.31,17.36,17.73,-0.37,-2.09,774277.06,1348702.948
600036.SH,2010-01-07,17.33,17.43,16.78,16.91,17.36,-0.45,-2.59,1019431.96,1742282.28
600036.SH,2010-01-08,16.88,16.98,16.68,16.91,16.91,0.0,0.0,803598.62,1351767.271
600036.SH,2010-01-11,17.88,17.91,16.8,16.94,16.91,0.03,0.18,1465692.5,2530625.181
600036.SH,2010-01-12,16.88,17.17,16.45,17.07,16.94,0.13,0.77,1121898.32,1879278.148
600036.SH,2010-01-13,16.52,16.7,15.97,16.15,17.07,-0.92,-5.39,2052232.76,3344313.047
600036.SH,2010-01-14,16.2,16.35,15.95,16.33,16.15,0.18,1.11,1247175.72,2011436.062
600036.SH,2010-01-15,16.27,16.46,16.03,16.31,16.33,-0.02,-0.12,873021.99,1417365.938
600036.SH,2010-01-18,16.1,16.29,15.99,16.18,16.31,-0.13,-0.8,960226.34,1546142.296
600036.SH,2010-01-19,16.22,16.4,16.16,16.25,16.18,0.07,0.43,984442.69,1601316.552
600036.SH,2010-01-20,16.29,16.31,15.82,15.86,16.25,-0.39,-2.4,1078806.28,1725434.301
600036.SH,2010-01-21,15.88,16.3,15.8,16.15,15.86,0.29,1.83,912858.13,1469683.734
600036.SH,2010-01-22,16.0,16.85,15.95,16.67,16.15,0.52,3.22,1944471.02,3191885.833
600036.SH,2010-01-25,16.39,16.79,16.15,16.23,16.67,-0.44,-2.64,956048.6,1565828.495
600036.SH,2010-01-26,16.23,16.36,15.9,16.09,16.23,-0.14,-0.86,973648.9,1565571.395
600036.SH,2010-01-27,16.11,16.17,15.4,15.44,16.09,-0.65,-4.04,1411065.41,2206603.674
600036.SH,2010-01-28,15.43,15.43,14.98,15.13,15.44,-0.31,-2.01,1114656.63,1690862.734
600036.SH,2010-01-29,15.0,15.5,14.94,15.17,15.13,0.04,0.26,923380.67,1411179.098
600036.SH,2010-02-01,15.19,15.42,14.86,15.29,15.17,0.12,0.79,871956.9,1313666.473
600036.SH,2010-02-02,15.4,15.88,15.31,15.63,15.29,0.34,2.22,1123238.04,1758471.919
600036.SH,2010-02-03,15.66,16.09,15.39,15.99,15.63,0.36,2.3,987548.82,1563011.931
600036.SH,2010-02-04,15.8,16.05,15.76,15.85,15.99,-0.14,-0.88,507177.79,805695.722
600036.SH,2010-02-05,15.6,15.74,15.29,15.48,15.85,-0.37,-2.33,556008.4,861379.137
600036.SH,2010-02-08,15.48,15.6,15.08,15.13,15.48,-0.35,-2.26,535139.64,815924.76
600036.SH,2010-02-09,15.15,15.39,15.11,15.31,15.13,0.18,1.19,429536.6,655032.98
600036.SH,2010-02-10,15.42,15.6,15.35,15.53,15.31,0.22,1.44,428959.05,664539.417
600036.SH,2010-02-11,15.58,15.71,15.49,15.56,15.53,0.03,0.19,388432.44,605445.056
600036.SH,2010-02-12,15.66,15.81,15.61,15.78,15.56,0.22,1.41,390076.63,614206.831
600036.SH,2010-02-22,15.7,15.95,15.53,15.73,15.78,-0.05,-0.32,375122.36,592096.519
600036.SH,2010-02-23,15.69,15.69,15.21,15.46,15.73,-0.27,-1.72,479831.22,738670.64
600036.SH,2010-02-24,15.27,15.56,15.2,15.55,15.46,0.09,0.58,406973.91,625196.032
600036.SH,2010-02-25,15.55,16.05,15.53,15.86,15.55,0.31,1.99,704463.88,1118873.396
600036.SH,2010-02-26,15.8,16.03,15.71,15.9,15.86,0.04,0.25,492145.21,783666.867
600036.SH,2010-03-01,15.95,16.35,15.9,16.3,15.9,0.4,2.52,813009.26,1318204.853
600036.SH,2010-03-02,16.4,16.55,16.3,16.46,16.3,0.16,0.98,1097808.37,1805331.4
600036.SH,2010-03-03,16.46,16.5,16.25,16.49,16.46,0.03,0.18,709333.93,1161657.569
600036.SH,2010-03-04,16.5,16.56,16.01,16.12,16.49,-0.37,-2.24,854536.48,1390873.694
600036.SH,2010-03-15,15.31,15.38,14.8,14.89,15.28,-0.39,-2.55,655561.81,985495.936
600036.SH,2010-03-16,14.89,15.4,14.8,15.37,14.89,0.48,3.22,651948.13,986746.175
600036.SH,2010-03-17,15.32,15.74,15.2,15.65,15.37,0.28,1.82,605339.87,937367.087
600036.SH,2010-03-18,15.65,15.77,15.47,15.53,15.65,-0.12,-0.77,542364.14,847490.025
600036.SH,2010-03-19,15.49,15.62,15.36,15.53,15.53,0.0,0.0,475023.36,736175.201
600036.SH,2010-03-22,15.53,15.97,15.51,15.67,15.53,0.14,0.9,652214.48,1027260.456
600036.SH,2010-03-23,15.71,15.86,15.5,15.57,15.67,-0.1,-0.64,481477.97,754545.796
600036.SH,2010-03-24,15.61,15.81,15.55,15.57,15.57,0.0,0.0,476514.03,748012.382
600036.SH,2010-03-25,15.53,15.54,15.29,15.43,15.57,-0.14,-0.9,389458.83,598626.532
600036.SH,2010-03-26,15.38,15.98,15.34,15.74,15.43,0.31,2.01,798330.17,1257764.458
600036.SH,2010-03-29,15.87,16.4,15.85,16.3,15.74,0.56,3.56,1573013.43,2553505.378
600036.SH,2010-03-30,16.35,16.52,16.2,16.44,16.3,0.14,0.86,895022.36,1468470.754
600036.SH,2010-03-31,16.43,16.5,16.21,16.28,16.44,-0.16,-0.97,556968.82,907779.854
600036.SH,2010-04-01,16.3,16.48,16.23,16.38,16.28,0.1,0.61,635958.85,1040503.144
600036.SH,2010-04-02,16.45,16.5,16.22,16.29,16.38,-0.09,-0.55,600849.45,979992.014
600036.SH,2010-04-06,16.41,16.68,16.29,16.38,16.29,0.09,0.55,779520.73,1283652.808
600036.SH,2010-04-07,16.36,16.4,16.1,16.26,16.38,-0.12,-0.73,637702.04,1035449.53
600036.SH,2010-04-08,16.24,16.24,15.75,15.92,16.26,-0.34,-2.09,831472.62,1327936.394
600036.SH,2010-04-09,15.9,16.09,15.88,16.04,15.92,0.12,0.75,552629.32,884348.347
600036.SH,2010-04-12,16.13,16.22,15.6,15.88,16.04,-0.16,-1.0,831300.63,1318452.657
600036.SH,2010-04-13,15.87,16.25,15.71,16.14,15.88,0.26,1.64,1093558.37,1754697.652
600036.SH,2010-04-14,16.19,16.25,16.03,16.14,16.14,0.0,0.0,669830.44,1080422.231
600036.SH,2010-04-15,16.21,16.24,15.88,16.09,16.14,-0.05,-0.31,794739.14,1275626.538
600036.SH,2010-04-16,16.04,16.06,15.67,15.69,16.09,-0.4,-2.49,785192.84,1238083.79
600036.SH,2010-04-19,15.38,15.38,14.28,14.69,15.69,-1.0,-6.37,2216151.81,3294024.522
600036.SH,2010-04-20,14.68,14.82,14.25,14.48,14.69,-0.21,-1.43,1357677.19,1961918.803
600036.SH,2010-04-21,14.52,14.68,14.25,14.66,14.48,0.18,1.24,1237929.37,1788933.241
600036.SH,2010-04-22,14.5,14.5,14.01,14.18,14.66,-0.48,-3.27,1709073.98,2420550.387
600036.SH,2010-04-23,14.19,14.38,13.99,14.17,14.18,-0.01,-0.07,1057509.16,1494785.831
600036.SH,2010-04-26,14.21,14.25,14.01,14.05,14.17,-0.12,-0.85,638387.1,902685.76
600036.SH,2010-04-27,14.01,14.03,13.58,13.8,14.05,-0.25,-1.78,937591.6,1296433.64
600036.SH,2010-04-28,13.68,13.94,13.51,13.82,13.8,0.02,0.14,682680.65,939065.477
600036.SH,2010-04-29,13.97,14.27,13.92,14.03,13.82,0.21,1.52,891714.73,1259234.95
600036.SH,2010-04-30,14.15,14.28,13.95,14.27,14.03,0.24,1.71,805378.49,1140398.655
600036.SH,2010-05-04,13.97,14.23,13.74,13.9,14.27,-0.37,-2.59,796001.22,1111677.929
600036.SH,2010-05-05,13.75,14.0,13.47,13.95,13.9,0.05,0.36,851186.57,1166086.132
600036.SH,2010-05-06,13.85,13.87,13.29,13.31,13.95,-0.64,-4.59,910129.55,1227756.955
600036.SH,2010-05-07,13.04,13.58,12.91,13.36,13.31,0.05,0.38,1003744.88,1335649.912
600036.SH,2010-05-10,13.38,13.68,13.33,13.59,13.36,0.23,1.72,637270.75,861222.521
600036.SH,2010-05-11,13.91,13.98,13.15,13.33,13.59,-0.26,-1.91,969945.29,1317667.14
600036.SH,2010-05-12,13.27,13.76,13.1,13.65,13.33,0.32,2.4,891015.64,1201910.669
600036.SH,2010-05-13,13.65,14.09,13.6,14.05,13.65,0.4,2.93,1284065.34,1787683.461
600036.SH,2010-05-14,13.93,14.01,13.74,13.88,14.05,-0.17,-1.21,601995.12,835493.704
600036.SH,2010-05-17,13.7,13.7,13.15,13.34,13.88,-0.54,-3.89,766394.35,1023923.407
600036.SH,2010-05-18,13.36,13.82,13.31,13.77,13.34,0.43,3.22,786123.56,1066581.343
600036.SH,2010-05-19,13.66,13.98,13.4,13.64,13.77,-0.13,-0.94,663389.92,908592.758
600036.SH,2010-05-20,13.51,13.81,13.46,13.55,13.64,-0.09,-0.66,449219.23,610337.519
600036.SH,2010-05-21,13.15,13.74,13.11,13.67,13.55,0.12,0.89,559810.35,756056.199
600036.SH,2010-05-24,13.73,14.21,13.73,14.02,13.67,0.35,2.56,1164721.08,1635243.586
600036.SH,2010-05-25,13.99,13.99,13.6,13.69,14.02,-0.33,-2.35,696017.83,959218.14
600036.SH,2010-05-26,13.73,13.84,13.55,13.64,13.69,-0.05,-0.37,492385.27,673396.09
600036.SH,2010-05-27,13.64,13.83,13.36,13.75,13.64,0.11,0.81,666636.32,908028.445
600036.SH,2010-05-28,13.9,13.93,13.5,13.62,13.75,-0.13,-0.95,652869.61,892922.191
600036.SH,2010-05-31,13.48,13.61,13.21,13.23,13.62,-0.39,-2.86,669749.31,895684.166
600036.SH,2010-06-01,13.2,13.38,13.07,13.13,13.23,-0.1,-0.76,643830.05,847555.6
600036.SH,2010-06-02,13.17,13.22,13.03,13.14,13.13,0.01,0.08,429623.33,564098.505
600036.SH,2010-06-03,13.24,13.38,13.13,13.15,13.14,0.01,0.08,584814.36,774042.11
600036.SH,2010-06-04,13.14,13.21,13.05,13.18,13.15,0.03,0.23,322708.27,423753.142
600036.SH,2010-06-07,13.0,13.05,12.7,12.8,13.18,-0.38,-2.88,734551.03,945623.276
600036.SH,2010-06-08,12.79,12.89,12.38,12.52,12.8,-0.28,-2.19,708671.31,893128.704
600036.SH,2010-06-09,12.6,13.15,12.31,13.03,12.52,0.51,4.07,1368747.64,1751165.466
600036.SH,2010-06-10,12.78,12.81,12.6,12.68,13.03,-0.35,-2.69,647016.97,822240.892
600036.SH,2010-06-11,12.78,13.01,12.68,12.73,12.68,0.05,0.39,616911.87,792495.703
600036.SH,2010-06-17,13.0,13.02,12.73,12.84,12.73,0.11,0.86,532636.72,686034.147
600036.SH,2010-06-18,12.84,13.07,12.74,12.86,12.84,0.02,0.16,618917.41,800668.829
600036.SH,2010-06-21,12.95,13.43,12.88,13.36,12.86,0.5,3.89,1173552.53,1552574.397
600036.SH,2010-06-22,13.36,13.43,13.25,13.32,13.36,-0.04,-0.3,593170.44,790164.849
600036.SH,2010-06-24,13.16,13.5,13.07,13.29,13.32,-0.03,-0.23,521247.16,691918.171
600036.SH,2010-06-25,13.2,13.51,13.17,13.39,13.29,0.1,0.75,585397.46,783830.388
600036.SH,2010-06-28,13.4,13.77,13.35,13.52,13.39,0.13,0.97,761947.39,1034967.178
600036.SH,2010-06-29,13.58,13.63,12.98,13.03,13.52,-0.49,-3.62,988201.67,1313718.722
600036.SH,2010-06-30,12.99,13.11,12.8,13.01,13.03,-0.02,-0.15,544867.9,707821.779
600036.SH,2010-07-01,12.82,13.03,12.74,12.81,12.8,0.01,0.08,481306.08,619400.703
600036.SH,2010-07-02,12.83,13.01,12.56,12.91,12.81,0.1,0.78,610832.48,781190.447
600036.SH,2010-07-05,12.8,13.01,12.66,12.78,12.91,-0.13,-1.01,512746.46,656375.291
600036.SH,2010-07-06,12.78,13.15,12.78,13.13,12.78,0.35,2.74,642022.77,831971.406
600036.SH,2010-07-07,13.07,13.2,13.02,13.15,13.13,0.02,0.15,431825.4,566175.644
600036.SH,2010-07-08,13.33,13.48,13.15,13.21,13.15,0.06,0.46,562314.27,748535.06
600036.SH,2010-07-09,13.28,13.85,13.11,13.63,13.21,0.42,3.18,1014631.54,1379341.612
600036.SH,2010-07-12,13.64,14.0,13.55,13.91,13.63,0.28,2.05,956178.46,1327310.468
600036.SH,2010-07-13,13.71,13.85,13.53,13.74,13.91,-0.17,-1.22,588476.7,806065.749
600036.SH,2010-07-14,13.78,14.08,13.7,13.84,13.74,0.1,0.73,822164.37,1144078.845
600036.SH,2010-07-15,13.8,14.04,13.54,13.56,13.84,-0.28,-2.02,663640.85,913372.836
600036.SH,2010-07-16,13.49,13.73,13.36,13.65,13.56,0.09,0.66,479943.02,648072.291
600036.SH,2010-07-19,13.54,14.02,13.48,14.01,13.65,0.36,2.64,869991.34,1207052.852
600036.SH,2010-07-20,14.0,14.25,13.91,14.0,14.01,-0.01,-0.07,1018438.07,1432244.425
600036.SH,2010-07-21,14.03,14.07,13.9,13.96,14.0,-0.04,-0.29,537298.31,750942.394
600036.SH,2010-07-22,13.9,14.2,13.9,14.14,13.96,0.18,1.29,700795.84,988205.686
600036.SH,2010-07-23,14.2,14.48,14.14,14.27,14.14,0.13,0.92,1094988.55,1565726.838
600036.SH,2010-07-26,14.3,14.35,14.08,14.26,14.27,-0.01,-0.07,439564.91,624937.923
600036.SH,2010-07-27,14.21,14.21,14.02,14.11,14.26,-0.15,-1.05,445213.86,628630.56
600036.SH,2010-07-28,14.15,14.52,14.03,14.47,14.11,0.36,2.55,940685.57,1350679.942
600036.SH,2010-07-29,14.47,14.66,14.4,14.54,14.47,0.07,0.48,843793.52,1225448.577
600036.SH,2010-07-30,14.46,14.61,14.33,14.52,14.54,-0.02,-0.14,486146.35,703712.439
600036.SH,2010-08-02,14.48,14.85,14.42,14.79,14.52,0.27,1.86,692891.36,1019991.435
600036.SH,2010-08-03,14.85,14.89,14.36,14.39,14.79,-0.4,-2.7,589604.22,863539.56
600036.SH,2010-08-04,14.36,14.48,14.07,14.32,14.39,-0.07,-0.49,795607.72,1133420.408
600036.SH,2010-08-05,14.32,14.36,13.97,14.03,14.32,-0.29,-2.03,942478.6,1326866.483
600036.SH,2010-08-06,14.0,14.24,13.85,14.18,14.03,0.15,1.07,682418.77,960233.061
600036.SH,2010-08-09,14.13,14.38,14.07,14.31,14.18,0.13,0.92,698233.13,996109.707
600036.SH,2010-08-10,14.3,14.46,13.85,13.86,14.31,-0.45,-3.14,759978.33,1066876.44
600036.SH,2010-08-11,13.83,13.97,13.79,13.88,13.86,0.02,0.14,487899.51,676781.297
600036.SH,2010-08-12,13.79,13.87,13.52,13.57,13.88,-0.31,-2.23,650337.85,887318.795
600036.SH,2010-08-13,13.59,13.75,13.33,13.72,13.57,0.15,1.11,794782.17,1075675.182
600036.SH,2010-08-16,13.6,14.06,13.55,13.98,13.72,0.26,1.9,690500.47,955709.253
600036.SH,2010-08-17,14.0,14.05,13.81,14.01,13.98,0.03,0.21,520809.18,726753.112
600036.SH,2010-08-18,14.0,14.21,13.83,13.88,14.01,-0.13,-0.93,674576.37,944919.094
600036.SH,2010-08-19,13.99,14.36,13.93,14.19,13.88,0.31,2.23,1113001.46,1575117.184
600036.SH,2010-08-20,14.17,14.39,14.04,14.09,14.19,-0.1,-0.7,942350.59,1338395.197
600036.SH,2010-08-23,14.1,14.45,14.1,14.2,14.09,0.11,0.78,643472.42,916453.773
600036.SH,2010-08-24,14.18,14.29,13.92,14.07,14.2,-0.13,-0.92,576895.8,813426.051
600036.SH,2010-08-25,13.99,14.02,13.6,13.65,14.07,-0.42,-2.99,749541.61,1031973.31
600036.SH,2010-08-26,13.68,13.74,13.5,13.58,13.65,-0.07,-0.51,503846.81,684959.671
600036.SH,2010-08-27,13.6,13.7,13.5,13.59,13.58,0.01,0.07,339878.04,462249.978
600036.SH,2010-08-30,13.65,13.88,13.6,13.75,13.59,0.16,1.18,683815.66,939409.011
600036.SH,2010-08-31,13.66,13.74,13.5,13.54,13.75,-0.21,-1.53,742569.3,1007590.728
600036.SH,2010-09-01,13.59,13.86,13.42,13.59,13.54,0.05,0.37,1013719.8,1376732.011
600036.SH,2010-09-02,13.79,13.82,13.55,13.65,13.59,0.06,0.44,800286.86,1091209.063
600036.SH,2010-09-03,13.67,13.72,13.42,13.64,13.65,-0.01,-0.07,737800.45,997589.431
600036.SH,2010-09-06,13.68,13.89,13.6,13.88,13.64,0.24,1.76,950192.36,1311176.856
600036.SH,2010-09-07,13.89,14.07,13.75,13.84,13.88,-0.04,-0.29,656643.96,913071.093
600036.SH,2010-09-08,13.77,13.77,13.51,13.56,13.84,-0.28,-2.02,906975.33,1230017.474
600036.SH,2010-09-09,13.58,13.58,13.18,13.23,13.56,-0.33,-2.43,1069617.93,1425353.48
600036.SH,2010-09-10,13.25,13.37,13.14,13.28,13.23,0.05,0.38,719205.2,952020.143
600036.SH,2010-09-13,13.27,13.38,13.05,13.26,13.28,-0.02,-0.15,1007275.97,1328454.647
600036.SH,2010-09-14,13.33,13.49,13.29,13.36,13.26,0.1,0.75,970183.64,1300524.9
600036.SH,2010-09-15,13.35,13.35,13.0,13.12,13.36,-0.24,-1.8,778446.55,1023944.989
600036.SH,2010-09-16,13.1,13.14,12.65,12.8,13.12,-0.32,-2.44,1084951.66,1396786.423
600036.SH,2010-09-17,12.83,12.95,12.7,12.85,12.8,0.05,0.39,539949.46,692184.522
600036.SH,2010-09-20,12.84,13.03,12.72,12.89,12.85,0.04,0.31,493167.15,634513.855
600036.SH,2010-09-21,12.92,12.97,12.82,12.87,12.89,-0.02,-0.16,344400.66,443812.285
600036.SH,2010-09-27,12.9,12.94,12.79,12.84,12.87,-0.03,-0.23,465508.77,597506.074
600036.SH,2010-09-28,12.83,12.84,12.54,12.61,12.84,-0.23,-1.79,732663.88,926550.632
600036.SH,2010-09-29,12.51,12.83,12.51,12.66,12.61,0.05,0.4,531916.03,675105.052
600036.SH,2010-09-30,12.51,13.01,12.51,12.95,12.66,0.29,2.29,641637.84,825341.985
600036.SH,2010-10-08,13.1,13.55,12.93,13.44,12.95,0.49,3.78,1111730.82,1481540.664
600036.SH,2010-10-11,13.5,14.05,13.47,13.9,13.44,0.46,3.42,1803881.27,2492974.698
600036.SH,2010-10-12,13.8,13.97,13.7,13.84,13.9,-0.06,-0.43,1059104.27,1465333.68
600036.SH,2010-10-13,13.97,14.55,13.97,14.49,13.84,0.65,4.7,2120639.03,3034890.393
600036.SH,2010-10-14,14.64,15.05,14.5,14.53,14.49,0.04,0.28,2223435.38,3300251.733
600036.SH,2010-10-15,14.5,15.32,14.4,15.23,14.53,0.7,4.82,3161391.73,4741765.242
600036.SH,2010-10-18,15.55,15.92,15.26,15.28,15.23,0.05,0.33,2395678.79,3728968.986
600036.SH,2010-10-19,15.25,15.5,14.95,15.49,15.28,0.21,1.37,1294699.72,1974028.898
600036.SH,2010-10-20,15.61,16.08,15.48,15.73,15.49,0.24,1.55,2073024.03,3273085.151
600036.SH,2010-10-21,15.65,15.69,14.98,15.14,15.73,-0.59,-3.75,1723987.64,2628376.011
600036.SH,2010-10-22,15.14,15.18,14.76,15.02,15.14,-0.12,-0.79,1141908.32,1708324.095
600036.SH,2010-10-25,15.03,15.29,14.66,15.17,15.02,0.15,1.0,1444071.43,2164932.417
600036.SH,2010-10-26,15.25,15.35,14.84,14.96,15.17,-0.21,-1.38,1402740.71,2117599.24
600036.SH,2010-10-27,14.88,15.3,14.61,14.76,14.96,-0.2,-1.34,1165057.45,1737296.794
600036.SH,2010-10-28,14.76,15.07,14.69,14.93,14.76,0.17,1.15,812841.66,1209347.758
600036.SH,2010-10-29,14.95,14.95,14.41,14.57,14.93,-0.36,-2.41,1226922.24,1790919.509
600036.SH,2010-11-01,14.61,14.93,14.55,14.81,14.57,0.24,1.65,1323099.45,1949010.708
600036.SH,2010-11-02,14.83,14.99,14.58,14.76,14.81,-0.05,-0.34,1144297.65,1692509.96
600036.SH,2010-11-03,14.83,15.44,14.7,15.26,14.76,0.5,3.39,1859612.27,2826057.448
600036.SH,2010-11-04,15.22,15.59,15.14,15.36,15.26,0.1,0.66,1368095.87,2100416.672
600036.SH,2010-11-05,15.57,15.75,15.23,15.44,15.36,0.08,0.52,1049748.09,1620113.04
600036.SH,2010-11-08,15.58,15.85,15.41,15.56,15.44,0.12,0.78,1218280.57,1902878.441
600036.SH,2010-11-09,15.54,15.54,15.05,15.17,15.56,-0.39,-2.51,1098538.54,1673300.864
600036.SH,2010-11-10,14.95,14.97,14.54,14.6,15.17,-0.57,-3.76,1713128.42,2516790.017
600036.SH,2010-11-11,14.65,14.95,14.52,14.76,14.6,0.16,1.1,1782159.12,2618828.831
600036.SH,2010-11-12,14.6,14.69,13.97,13.99,14.76,-0.77,-5.22,1717528.55,2456027.4
600036.SH,2010-11-15,14.11,14.29,13.84,14.22,13.99,0.23,1.64,1023688.94,1432968.599
600036.SH,2010-11-16,14.1,14.1,13.58,13.64,14.22,-0.58,-4.08,1128297.79,1559381.559
600036.SH,2010-11-17,13.5,13.89,13.45,13.63,13.64,-0.01,-0.07,1036117.57,1412300.035
600036.SH,2010-11-18,13.7,13.8,13.46,13.68,13.63,0.05,0.37,706926.91,964387.428
600036.SH,2010-11-19,13.74,13.75,13.1,13.56,13.68,-0.12,-0.88,1451351.57,1941697.377
600036.SH,2010-11-22,13.37,13.56,13.18,13.25,13.56,-0.31,-2.29,1028932.66,1371599.299
600036.SH,2010-11-23,13.21,13.28,12.97,13.11,13.25,-0.14,-1.06,968311.77,1265792.742
600036.SH,2010-11-24,13.12,13.49,13.12,13.27,13.11,0.16,1.22,880793.91,1170023.519
600036.SH,2010-11-25,13.4,13.52,13.14,13.48,13.27,0.21,1.58,943803.69,1261055.486
600036.SH,2010-11-26,13.43,13.45,13.2,13.26,13.48,-0.22,-1.63,618014.38,823861.434
600036.SH,2010-11-29,13.23,13.4,13.22,13.28,13.26,0.02,0.15,535981.88,712049.339
600036.SH,2010-11-30,13.28,13.37,12.91,13.05,13.28,-0.23,-1.73,830966.87,1087226.787
600036.SH,2010-12-01,13.05,13.19,13.01,13.13,13.05,0.08,0.61,424707.7,556394.048
600036.SH,2010-12-02,13.37,13.43,13.17,13.21,13.13,0.08,0.61,592507.14,788287.603
600036.SH,2010-12-03,13.24,13.39,13.15,13.2,13.21,-0.01,-0.08,599573.02,794595.447
600036.SH,2010-12-06,13.26,13.66,13.18,13.42,13.2,0.22,1.67,1103108.04,1483600.449
600036.SH,2010-12-07,13.4,13.52,13.23,13.45,13.42,0.03,0.22,618260.1,824896.516
600036.SH,2010-12-08,13.45,13.5,13.2,13.24,13.45,-0.21,-1.56,531734.2,708736.254
600036.SH,2010-12-09,13.19,13.2,12.95,13.0,13.24,-0.24,-1.81,907861.52,1184751.223
600036.SH,2010-12-10,13.0,13.24,12.98,13.15,13.0,0.15,1.15,508400.08,665536.799
600036.SH,2010-12-13,13.17,13.37,13.08,13.36,13.15,0.21,1.6,805361.22,1064964.867
600036.SH,2010-12-14,13.4,13.46,13.23,13.28,13.36,-0.08,-0.6,809197.08,1078067.273
600036.SH,2010-12-15,13.3,13.42,13.25,13.26,13.28,-0.02,-0.15,690625.54,919900.465
600036.SH,2010-12-16,13.26,13.27,13.11,13.16,13.26,-0.1,-0.75,458213.12,604194.386
600036.SH,2010-12-17,13.17,13.18,13.05,13.13,13.16,-0.03,-0.23,391086.74,512271.408
600036.SH,2010-12-20,13.16,13.23,12.78,12.97,13.13,-0.16,-1.22,715870.24,928832.917
600036.SH,2010-12-21,12.97,13.35,12.87,13.3,12.97,0.33,2.54,924755.72,1216351.273
600036.SH,2010-12-22,13.31,13.36,13.01,13.07,13.3,-0.23,-1.73,588295.1,776712.271
600036.SH,2010-12-23,13.07,13.41,12.99,13.18,13.07,0.11,0.84,707702.35,933782.289
600036.SH,2010-12-24,13.06,13.35,13.01,13.23,13.18,0.05,0.38,693246.71,914915.628
600036.SH,2010-12-27,13.38,13.47,12.99,13.0,13.23,-0.23,-1.74,885934.35,1170719.213
600036.SH,2010-12-28,13.02,13.15,12.78,12.83,13.0,-0.17,-1.31,1058950.69,1372360.49
600036.SH,2010-12-29,12.85,12.87,12.7,12.77,12.83,-0.06,-0.47,742402.51,947620.925
600036.SH,2010-12-30,12.78,12.79,12.5,12.68,12.77,-0.09,-0.7,878235.79,1110812.543
600036.SH,2010-12-31,12.75,12.94,12.61,12.81,12.68,0.13,1.03,693756.62,885216.765
600036.SH,2011-01-04,12.91,13.09,12.78,13.02,12.81,0.21,1.64,984984.51,1276763.364
600036.SH,2011-01-05,12.99,13.11,12.92,12.97,13.02,-0.05,-0.38,726260.95,944910.512
600036.SH,2011-01-06,12.98,13.11,12.82,12.9,12.97,-0.07,-0.54,636209.93,823324.507
600036.SH,2011-01-07,12.9,13.55,12.82,13.25,12.9,0.35,2.71,1841778.49,2440982.564
600036.SH,2011-01-10,13.24,13.37,13.0,13.02,13.25,-0.23,-1.74,894391.02,1177813.02
600036.SH,2011-01-11,12.96,13.27,12.95,13.19,13.02,0.17,1.31,801786.43,1050831.147
600036.SH,2011-01-12,13.17,13.31,13.07,13.27,13.19,0.08,0.61,719910.84,950345.184
600036.SH,2011-01-13,13.28,13.33,13.12,13.2,13.27,-0.07,-0.53,595164.49,786701.585
600036.SH,2011-01-14,13.16,13.24,13.04,13.05,13.2,-0.15,-1.14,505364.91,662003.482
600036.SH,2011-01-17,12.99,13.07,12.62,12.71,13.05,-0.34,-2.61,771566.0,991616.45
600036.SH,2011-01-18,12.73,12.77,12.61,12.67,12.71,-0.04,-0.31,539902.07,684464.697
600036.SH,2011-01-19,12.7,12.8,12.6,12.77,12.67,0.1,0.79,471441.59,598577.845
600036.SH,2011-01-20,12.76,12.76,12.5,12.52,12.77,-0.25,-1.96,567887.17,714769.681
600036.SH,2011-01-21,12.53,12.99,12.51,12.71,12.52,0.19,1.52,621912.45,793177.476
600036.SH,2011-01-24,12.7,12.77,12.56,12.58,12.71,-0.13,-1.02,494382.23,624077.121
600036.SH,2011-01-25,12.63,12.75,12.55,12.63,12.58,0.05,0.4,522157.93,660597.68
600036.SH,2011-01-26,12.67,12.75,12.65,12.71,12.63,0.08,0.63,237689.29,301774.55
600036.SH,2011-01-27,12.6,12.73,12.49,12.71,12.71,0.0,0.0,707075.57,891864.175
600036.SH,2011-01-28,12.65,12.71,12.52,12.59,12.71,-0.12,-0.94,664064.77,835307.124
600036.SH,2011-01-31,12.59,12.68,12.58,12.63,12.59,0.04,0.32,484556.83,611798.445
600036.SH,2011-02-01,12.65,12.74,12.61,12.7,12.63,0.07,0.55,402110.2,509422.748
600036.SH,2011-02-09,12.67,12.77,12.57,12.6,12.7,-0.1,-0.79,588292.16,745910.348
600036.SH,2011-02-10,12.6,12.74,12.52,12.71,12.6,0.11,0.87,464886.71,588451.369
600036.SH,2011-02-11,12.7,12.79,12.61,12.71,12.71,0.0,0.0,610007.66,773509.587
600036.SH,2011-02-14,12.72,13.29,12.72,13.26,12.71,0.55,4.33,1463853.52,1910514.159
600036.SH,2011-02-15,13.25,13.36,13.15,13.19,13.26,-0.07,-0.53,1085387.66,1438854.668
600036.SH,2011-02-16,13.15,13.2,12.98,13.12,13.19,-0.07,-0.53,790423.31,1031728.586
600036.SH,2011-02-17,13.12,13.35,13.03,13.12,13.12,0.0,0.0,707543.81,932086.607
600036.SH,2011-02-18,13.13,13.18,13.0,13.11,13.12,-0.01,-0.08,558942.25,732500.521
600036.SH,2011-02-21,13.0,13.1,12.9,13.08,13.11,-0.03,-0.23,599964.2,779859.965
600036.SH,2011-02-22,13.1,13.1,12.66,12.72,13.08,-0.36,-2.75,1215256.57,1556214.132
600036.SH,2011-02-23,12.72,12.77,12.62,12.68,12.72,-0.04,-0.31,543975.98,689930.998
600036.SH,2011-02-24,12.66,12.77,12.61,12.68,12.68,0.0,0.0,529320.82,670747.773
600036.SH,2011-02-25,12.71,12.87,12.66,12.75,12.68,0.07,0.55,490857.89,626193.457
600036.SH,2011-02-28,12.79,12.94,12.67,12.87,12.75,0.12,0.94,695827.53,892379.258
600036.SH,2011-03-01,12.91,13.34,12.87,13.1,12.87,0.23,1.79,1247783.75,1633085.388
600036.SH,2011-03-02,13.0,13.63,12.98,13.47,13.1,0.37,2.82,2260965.5,3029627.382
600036.SH,2011-03-03,13.57,14.39,13.51,14.03,13.47,0.56,4.16,3993085.64,5586884.166
600036.SH,2011-03-04,14.18,14.34,13.91,14.22,14.03,0.19,1.35,1972610.03,2789248.375
600036.SH,2011-03-07,14.32,14.58,14.1,14.23,14.22,0.01,0.07,1770774.08,2536416.911
600036.SH,2011-03-08,14.2,14.54,14.12,14.3,14.23,0.07,0.49,1124464.84,1611304.489
600036.SH,2011-03-09,14.37,14.58,14.33,14.38,14.3,0.08,0.56,1097432.92,1588328.817
600036.SH,2011-03-10,14.32,14.35,13.92,13.99,14.38,-0.39,-2.71,1240878.91,1750290.871
600036.SH,2011-03-11,13.92,13.99,13.58,13.66,13.99,-0.33,-2.36,1098412.96,1512829.301
600036.SH,2011-03-14,13.6,13.78,13.56,13.71,13.66,0.05,0.37,657391.43,897940.761
600036.SH,2011-03-15,13.6,13.68,13.32,13.49,13.71,-0.22,-1.6,1078765.63,1454391.999
600036.SH,2011-03-16,13.54,13.85,13.44,13.71,13.49,0.22,1.63,755601.07,1029474.178
600036.SH,2011-03-17,13.57,13.6,13.4,13.51,13.71,-0.2,-1.46,604205.58,815232.321
600036.SH,2011-03-18,13.62,13.68,13.35,13.41,13.51,-0.1,-0.74,692493.98,936462.246
600036.SH,2011-03-21,13.48,13.65,13.44,13.55,13.41,0.14,1.04,554993.55,752686.257
600036.SH,2011-03-22,13.6,13.87,13.42,13.85,13.55,0.3,2.21,857479.1,1176642.575
600036.SH,2011-03-23,13.81,14.1,13.74,14.05,13.85,0.2,1.44,936747.44,1310343.356
600036.SH,2011-03-24,14.06,14.08,13.91,14.0,14.05,-0.05,-0.36,567940.94,793623.576
600036.SH,2011-03-25,14.03,14.4,14.0,14.3,14.0,0.3,2.14,1202710.98,1719538.845
600036.SH,2011-03-28,14.35,14.62,14.18,14.23,14.3,-0.07,-0.49,1004376.25,1447242.206
600036.SH,2011-03-29,14.2,14.6,14.1,14.31,14.23,0.08,0.56,1345192.9,1934315.908
600036.SH,2011-03-30,14.28,14.53,14.21,14.28,14.31,-0.03,-0.21,858223.63,1232672.427
600036.SH,2011-03-31,14.29,14.31,14.05,14.09,14.28,-0.19,-1.33,714178.85,1011476.95
600036.SH,2011-04-01,13.98,14.45,13.92,14.33,14.09,0.24,1.7,986852.04,1407150.715
600036.SH,2011-04-06,14.4,14.88,14.4,14.81,14.33,0.48,3.35,1717625.44,2530008.678
600036.SH,2011-04-07,14.8,14.92,14.7,14.8,14.81,-0.01,-0.07,1026465.36,1521323.469
600036.SH,2011-04-08,14.78,14.95,14.71,14.92,14.8,0.12,0.81,677974.83,1007369.138
600036.SH,2011-04-11,14.9,15.3,14.9,14.98,14.92,0.06,0.4,1389549.05,2099312.1
600036.SH,2011-04-12,14.93,15.11,14.73,14.81,14.98,-0.17,-1.13,707200.22,1051558.709
600036.SH,2011-04-13,14.7,15.34,14.7,15.32,14.81,0.51,3.44,1115692.63,1676616.86
600036.SH,2011-04-14,15.36,15.53,15.25,15.31,15.32,-0.01,-0.07,1234363.53,1902494.388
600036.SH,2011-04-15,15.19,15.44,15.05,15.18,15.31,-0.13,-0.85,707264.84,1076534.796
600036.SH,2011-04-18,15.06,15.25,15.0,15.12,15.18,-0.06,-0.4,625730.78,944076.053
600036.SH,2011-04-19,15.01,15.09,14.8,14.83,15.12,-0.29,-1.92,629740.6,939570.353
600036.SH,2011-04-20,14.87,14.96,14.51,14.66,14.83,-0.17,-1.15,775332.88,1138480.608
600036.SH,2011-04-21,14.72,14.83,14.58,14.65,14.66,-0.01,-0.07,664168.92,974818.178
600036.SH,2011-04-22,14.64,14.77,14.52,14.65,14.65,0.0,0.0,353297.91,517354.335
600036.SH,2011-04-25,14.59,14.89,14.51,14.64,14.65,-0.01,-0.07,724940.91,1063584.476
600036.SH,2011-04-26,14.69,14.8,14.6,14.71,14.64,0.07,0.48,746748.94,1098458.522
600036.SH,2011-04-27,14.76,14.95,14.45,14.55,14.71,-0.16,-1.09,766646.86,1129952.514
600036.SH,2011-04-28,14.63,15.0,14.6,14.68,14.55,0.13,0.89,818652.72,1211753.376
600036.SH,2011-04-29,14.75,14.79,14.1,14.46,14.68,-0.22,-1.5,858107.95,1238689.42
600036.SH,2011-05-03,14.49,14.55,14.31,14.42,14.46,-0.04,-0.28,311277.94,449474.31
600036.SH,2011-05-04,14.36,14.5,14.0,14.05,14.42,-0.37,-2.57,699884.29,992114.005
600036.SH,2011-05-05,14.02,14.22,13.93,14.1,14.05,0.05,0.36,526120.78,739726.859
600036.SH,2011-05-06,14.0,14.21,13.85,14.04,14.1,-0.06,-0.43,530931.78,746452.761
600036.SH,2011-05-09,14.08,14.14,13.95,14.0,14.04,-0.04,-0.28,277514.87,389755.951
600036.SH,2011-05-10,14.05,14.26,13.94,14.16,14.0,0.16,1.14,297003.56,419991.542
600036.SH,2011-05-11,14.18,14.2,14.0,14.03,14.16,-0.13,-0.92,241151.93,339926.611
600036.SH,2011-05-12,13.98,14.06,13.9,13.93,14.03,-0.1,-0.71,275203.33,384622.461
600036.SH,2011-05-13,13.91,14.09,13.81,14.06,13.93,0.13,0.93,395275.51,550546.465
600036.SH,2011-05-16,13.98,14.2,13.85,13.88,14.06,-0.18,-1.28,399139.81,560148.269
600036.SH,2011-05-17,13.88,14.15,13.76,14.06,13.88,0.18,1.3,386717.29,541013.968
600036.SH,2011-05-18,14.01,14.39,14.0,14.3,14.06,0.24,1.71,456188.85,651189.333
600036.SH,2011-05-19,14.33,14.37,14.23,14.23,14.3,-0.07,-0.49,298304.48,426866.572
600036.SH,2011-05-20,14.19,14.43,14.15,14.27,14.23,0.04,0.28,442205.95,633299.261
600036.SH,2011-05-23,14.2,14.23,13.79,13.91,14.27,-0.36,-2.52,432923.55,605028.229
600036.SH,2011-05-24,13.87,13.95,13.81,13.83,13.91,-0.08,-0.58,321633.62,446632.783
600036.SH,2011-05-25,13.81,13.89,13.56,13.59,13.83,-0.24,-1.74,328069.21,450232.875
600036.SH,2011-05-26,13.71,13.74,13.58,13.59,13.59,0.0,0.0,264859.89,361555.061
600036.SH,2011-05-27,13.64,13.93,13.59,13.79,13.59,0.2,1.47,563673.25,774696.008
600036.SH,2011-05-31,13.81,13.93,13.68,13.91,13.79,0.12,0.87,557297.74,768496.357
600036.SH,2011-06-01,13.85,13.93,13.77,13.8,13.91,-0.11,-0.79,389732.63,539979.45
600036.SH,2011-06-02,13.69,13.69,13.15,13.27,13.8,-0.53,-3.84,1220617.36,1624942.181
600036.SH,2011-06-03,13.28,13.41,13.18,13.38,13.27,0.11,0.83,316112.68,420003.087
600036.SH,2011-06-07,13.32,13.46,13.28,13.42,13.38,0.04,0.3,223113.87,298550.842
600036.SH,2011-06-08,13.43,13.43,13.0,13.23,13.42,-0.19,-1.42,675817.88,886466.831
600036.SH,2011-06-09,13.18,13.2,12.95,12.96,13.23,-0.27,-2.04,428466.93,559478.791
600036.SH,2011-06-10,12.78,12.8,12.63,12.78,12.67,0.11,0.87,386302.87,491407.552
600036.SH,2011-06-13,12.72,12.95,12.6,12.83,12.78,0.05,0.39,252781.35,323139.877
600036.SH,2011-06-14,12.85,13.08,12.83,12.9,12.83,0.07,0.55,421843.94,546605.055
600036.SH,2011-06-15,12.9,13.0,12.8,12.84,12.9,-0.06,-0.47,232844.1,299419.257
600036.SH,2011-06-16,12.81,12.82,12.68,12.73,12.84,-0.11,-0.86,233804.62,298141.66
600036.SH,2011-06-17,12.74,12.89,12.7,12.73,12.73,0.0,0.0,278803.34,356450.191
600036.SH,2011-06-20,12.78,12.89,12.7,12.8,12.73,0.07,0.55,262220.04,335005.374
600036.SH,2011-06-21,12.85,13.01,12.75,12.93,12.8,0.13,1.02,350879.1,453801.023
600036.SH,2011-06-22,12.98,13.07,12.91,12.96,12.93,0.03,0.23,272378.36,353638.988
600036.SH,2011-06-23,12.95,13.2,12.84,13.13,12.96,0.17,1.31,350414.67,454936.893
600036.SH,2011-06-24,13.07,13.45,13.04,13.37,13.13,0.24,1.83,868114.62,1156433.133
600036.SH,2011-06-27,13.45,13.45,13.21,13.27,13.37,-0.1,-0.75,461976.64,614574.624
600036.SH,2011-06-28,13.31,13.33,13.0,13.16,13.27,-0.11,-0.83,532206.06,696880.338
600036.SH,2011-06-29,13.16,13.17,12.8,12.92,13.16,-0.24,-1.82,797399.03,1032977.097
600036.SH,2011-06-30,12.96,13.15,12.88,13.02,12.92,0.1,0.77,740717.74,965357.054
600036.SH,2011-07-01,13.06,13.07,12.81,12.92,13.02,-0.1,-0.77,872984.77,1127688.463
600036.SH,2011-07-04,12.99,13.4,12.96,13.39,12.92,0.47,3.64,964560.29,1273450.061
600036.SH,2011-07-05,13.39,13.48,13.22,13.28,13.39,-0.11,-0.82,568760.51,758447.132
600036.SH,2011-07-06,13.28,13.28,13.03,13.17,13.28,-0.11,-0.83,529949.01,695769.032
600036.SH,2011-07-07,13.36,13.52,13.16,13.23,13.17,0.06,0.46,1147181.04,1530107.29
600036.SH,2011-07-08,13.29,13.5,13.23,13.41,13.23,0.18,1.36,591391.78,790712.407
600036.SH,2011-07-11,13.34,13.34,13.15,13.22,13.41,-0.19,-1.42,578818.89,765076.662
600036.SH,2011-07-12,13.11,13.11,12.88,12.96,13.22,-0.26,-1.97,680646.51,882644.535
600036.SH,2011-07-13,13.0,13.14,12.92,13.08,12.96,0.12,0.93,531378.36,692721.387
600036.SH,2011-07-14,13.08,13.12,12.89,13.0,13.08,-0.08,-0.61,719121.05,933187.33
600036.SH,2011-07-15,12.92,13.08,12.9,13.01,13.0,0.01,0.08,411041.05,534507.791
600036.SH,2011-07-18,13.01,13.09,12.96,12.98,13.01,-0.03,-0.23,490882.07,638579.4
600036.SH,2011-07-19,12.89,12.91,12.77,12.8,12.98,-0.18,-1.39,774692.27,993779.418
600036.SH,2011-07-20,12.89,12.9,12.72,12.74,12.8,-0.06,-0.47,648596.79,828288.8
600036.SH,2011-07-21,12.76,12.8,12.6,12.63,12.74,-0.11,-0.86,819324.26,1036559.246
600036.SH,2011-07-22,12.66,12.68,12.51,12.64,12.63,0.01,0.08,576357.87,726367.603
600036.SH,2011-07-25,12.55,12.58,12.31,12.33,12.64,-0.31,-2.45,862364.99,1071213.058
600036.SH,2011-07-26,12.35,12.47,12.27,12.35,12.33,0.02,0.16,506577.25,626321.665
600036.SH,2011-07-27,12.31,12.34,12.21,12.26,12.35,-0.09,-0.73,726124.27,889699.84
600036.SH,2011-07-28,12.2,12.2,12.02,12.05,12.26,-0.21,-1.71,754891.39,912401.748
600036.SH,2011-07-29,12.08,12.49,12.02,12.35,12.05,0.3,2.49,867509.26,1063529.528
600036.SH,2011-08-01,12.29,12.4,12.2,12.24,12.35,-0.11,-0.89,406049.1,498769.399
600036.SH,2011-08-02,12.15,12.22,12.05,12.19,12.24,-0.05,-0.41,323370.6,391831.793
600036.SH,2011-08-03,12.12,12.33,12.08,12.17,12.19,-0.02,-0.16,322290.06,393209.598
600036.SH,2011-08-04,12.25,12.36,12.1,12.13,12.17,-0.04,-0.33,483332.22,589377.52
600036.SH,2011-08-05,11.93,11.93,11.74,11.77,12.13,-0.36,-2.97,992453.68,1174633.433
600036.SH,2011-08-08,11.69,11.76,11.24,11.43,11.77,-0.34,-2.89,942670.59,1084623.236
600036.SH,2011-08-09,11.2,11.55,11.01,11.51,11.43,0.08,0.7,1015356.51,1149224.884
600036.SH,2011-08-10,11.73,11.74,11.49,11.52,11.51,0.01,0.09,630888.35,734433.35
600036.SH,2011-08-11,11.35,11.74,11.3,11.67,11.52,0.15,1.3,607417.8,704693.543
600036.SH,2011-08-12,11.76,11.76,11.56,11.62,11.67,-0.05,-0.43,547531.48,638384.02
600036.SH,2011-08-15,11.66,12.06,11.56,11.99,11.62,0.37,3.18,947090.16,1119030.67
600036.SH,2011-08-16,11.98,12.18,11.88,11.95,11.99,-0.04,-0.33,689124.48,829459.598
600036.SH,2011-08-17,11.99,12.03,11.87,11.92,11.95,-0.03,-0.25,363530.5,434332.839
600036.SH,2011-08-18,11.92,11.98,11.6,11.63,11.92,-0.29,-2.43,326812.06,385913.747
600036.SH,2011-08-19,11.48,11.59,11.45,11.5,11.63,-0.13,-1.12,365947.69,421094.239
600036.SH,2011-08-22,11.49,11.76,11.46,11.56,11.5,0.06,0.52,364861.05,421945.758
600036.SH,2011-08-23,11.59,11.78,11.54,11.77,11.56,0.21,1.82,341873.88,399552.754
600036.SH,2011-08-24,11.83,11.93,11.63,11.64,11.77,-0.13,-1.1,320987.12,378951.979
600036.SH,2011-08-25,11.72,12.25,11.71,12.17,11.64,0.53,4.55,1272375.61,1533060.422
600036.SH,2011-08-26,12.07,12.17,12.01,12.12,12.17,-0.05,-0.41,407158.66,492170.073
600036.SH,2011-08-29,11.96,11.96,11.68,11.77,12.12,-0.35,-2.89,722551.95,850133.401
600036.SH,2011-08-30,11.81,12.06,11.76,11.79,11.77,0.02,0.17,587969.76,699691.494
600036.SH,2011-08-31,11.82,11.98,11.75,11.85,11.79,0.06,0.51,368138.6,436809.527
600036.SH,2011-09-01,11.86,12.1,11.86,12.02,11.85,0.17,1.43,517209.69,620439.687
600036.SH,2011-09-02,11.99,12.03,11.79,11.91,12.02,-0.11,-0.92,317000.81,377145.835
600036.SH,2011-09-05,11.8,11.86,11.64,11.7,11.91,-0.21,-1.76,367527.29,431142.237
600036.SH,2011-09-06,11.57,11.76,11.49,11.6,11.7,-0.1,-0.85,418009.11,484724.372
600036.SH,2011-09-07,11.65,11.89,11.63,11.83,11.6,0.23,1.98,398187.59,469015.201
600036.SH,2011-09-08,11.9,11.93,11.79,11.81,11.83,-0.02,-0.17,280113.38,332240.906
600036.SH,2011-09-13,11.68,11.73,11.58,11.65,11.81,-0.16,-1.35,325408.34,379196.428
600036.SH,2011-09-14,11.7,11.74,11.47,11.61,11.65,-0.04,-0.34,333199.46,386832.04
600036.SH,2011-09-15,11.65,11.76,11.58,11.59,11.61,-0.02,-0.17,263751.97,307732.293
600036.SH,2011-09-16,11.7,11.75,11.56,11.66,11.59,0.07,0.6,354281.41,413632.562
600036.SH,2011-09-19,11.57,11.6,11.4,11.43,11.66,-0.23,-1.97,301387.62,345454.268
600036.SH,2011-09-20,11.49,11.55,11.35,11.44,11.43,0.01,0.09,205009.25,234604.583
600036.SH,2011-09-21,11.45,11.77,11.37,11.69,11.44,0.25,2.19,472942.67,550827.539
600036.SH,2011-09-22,11.6,11.64,11.3,11.33,11.69,-0.36,-3.08,540840.38,619022.127
600036.SH,2011-09-23,11.21,11.39,11.05,11.21,11.33,-0.12,-1.06,563060.96,629316.318
600036.SH,2011-09-26,11.14,11.3,10.85,10.9,11.21,-0.31,-2.77,540698.73,596926.403
600036.SH,2011-09-27,10.99,11.15,10.89,11.05,10.9,0.15,1.38,422848.31,465927.386
600036.SH,2011-09-28,11.1,11.19,10.94,10.97,11.05,-0.08,-0.72,249221.99,275447.804
600036.SH,2011-09-29,10.9,11.1,10.83,11.04,10.97,0.07,0.64,437315.02,480333.234
600036.SH,2011-09-30,11.04,11.26,11.02,11.06,11.04,0.02,0.18,510053.96,568221.987
600036.SH,2011-10-10,11.06,11.14,10.91,10.99,11.06,-0.07,-0.63,265329.5,292021.371
600036.SH,2011-10-11,11.37,11.45,11.04,11.19,10.99,0.2,1.82,724605.91,818837.126
600036.SH,2011-10-12,11.11,11.68,11.09,11.57,11.19,0.38,3.4,827987.45,952485.525
600036.SH,2011-10-13,11.56,11.65,11.42,11.62,11.57,0.05,0.43,536819.28,621393.83
600036.SH,2011-10-14,11.58,11.75,11.44,11.68,11.62,0.06,0.52,470115.24,545351.886
600036.SH,2011-10-17,11.69,11.98,11.67,11.88,11.68,0.2,1.71,632497.28,750162.93
600036.SH,2011-10-18,11.77,11.85,11.51,11.57,11.88,-0.31,-2.61,408504.81,476284.157
600036.SH,2011-10-19,11.61,11.74,11.56,11.64,11.57,0.07,0.61,272122.5,316792.188
600036.SH,2011-10-20,11.55,11.66,11.41,11.51,11.64,-0.13,-1.12,433477.13,499537.954
600036.SH,2011-10-21,11.55,11.75,11.45,11.65,11.51,0.14,1.22,422967.6,492703.992
600036.SH,2011-10-24,11.71,12.05,11.64,12.05,11.65,0.4,3.43,801773.63,955623.033
600036.SH,2011-10-25,12.03,12.2,11.87,12.13,12.05,0.08,0.66,862417.69,1038634.74
600036.SH,2011-10-26,12.08,12.18,11.99,12.03,12.13,-0.1,-0.82,741191.12,896344.575
600036.SH,2011-10-27,12.11,12.24,11.99,12.14,12.03,0.11,0.91,440898.54,535015.385
600036.SH,2011-10-28,12.3,12.55,12.25,12.34,12.14,0.2,1.65,919807.26,1140038.015
600036.SH,2011-10-31,12.31,12.35,12.05,12.1,12.34,-0.24,-1.94,509135.77,618593.51
600036.SH,2011-11-01,12.03,12.42,12.01,12.15,12.1,0.05,0.41,532559.89,651811.615
600036.SH,2011-11-02,12.0,12.39,11.96,12.38,12.15,0.23,1.89,472614.57,576343.263
600036.SH,2011-11-03,12.45,12.45,12.18,12.19,12.38,-0.19,-1.53,596359.46,731536.444
600036.SH,2011-11-04,12.35,12.39,12.17,12.26,12.19,0.07,0.57,372790.03,457164.456
600036.SH,2011-11-07,12.25,12.25,12.04,12.08,12.26,-0.18,-1.47,268391.59,325681.251
600036.SH,2011-11-08,12.05,12.18,12.01,12.11,12.08,0.03,0.25,302815.83,366721.321
600036.SH,2011-11-09,12.15,12.25,12.03,12.2,12.11,0.09,0.74,279113.37,338819.595
600036.SH,2011-11-10,12.08,12.16,11.93,11.96,12.2,-0.24,-1.97,406784.2,488989.72
600036.SH,2011-11-11,11.95,12.05,11.8,11.88,11.96,-0.08,-0.67,302713.59,360964.855
600036.SH,2011-11-14,11.98,12.15,11.93,12.06,11.88,0.18,1.52,316948.09,381405.957
600036.SH,2011-11-15,12.05,12.05,11.92,11.96,12.06,-0.1,-0.83,233296.48,279112.574
600036.SH,2011-11-16,11.93,11.95,11.55,11.64,11.96,-0.32,-2.68,562293.05,659454.196
600036.SH,2011-11-17,11.64,11.67,11.54,11.56,11.64,-0.08,-0.69,338395.71,392361.68
600036.SH,2011-11-18,11.51,11.64,11.36,11.43,11.56,-0.13,-1.12,355689.7,408315.723
600036.SH,2011-11-21,11.44,11.48,11.3,11.42,11.43,-0.01,-0.09,208787.2,237493.157
600036.SH,2011-11-22,11.38,11.57,11.36,11.55,11.42,0.13,1.14,285856.33,328534.176
600036.SH,2011-11-23,11.57,11.59,11.36,11.49,11.55,-0.06,-0.52,276103.51,316909.599
600036.SH,2011-11-24,11.4,11.64,11.4,11.58,11.49,0.09,0.78,326396.01,377008.696
600036.SH,2011-11-25,11.6,11.6,11.44,11.48,11.58,-0.1,-0.86,207538.22,238738.591
600036.SH,2011-11-28,11.52,11.6,11.41,11.46,11.48,-0.02,-0.17,250952.37,288372.198
600036.SH,2011-11-29,11.53,11.59,11.45,11.56,11.46,0.1,0.87,257372.15,296483.398
600036.SH,2011-11-30,11.5,11.55,11.18,11.21,11.56,-0.35,-3.03,362086.3,410497.595
600036.SH,2011-12-01,11.6,11.93,11.55,11.65,11.21,0.44,3.93,996294.79,1166590.331
600036.SH,2011-12-02,11.58,11.79,11.54,11.74,11.65,0.09,0.77,382061.99,446493.084
600036.SH,2011-12-05,11.76,11.95,11.62,11.87,11.74,0.13,1.11,519484.09,615599.561
600036.SH,2011-12-06,11.85,11.95,11.75,11.76,11.87,-0.11,-0.93,341660.0,404861.202
600036.SH,2011-12-07,11.78,11.98,11.75,11.89,11.76,0.13,1.11,443838.6,527973.519
600036.SH,2011-12-08,11.92,12.01,11.83,11.9,11.89,0.01,0.08,402483.43,480143.967
600036.SH,2011-12-09,11.8,11.98,11.8,11.9,11.9,0.0,0.0,357827.23,426101.035
600036.SH,2011-12-12,11.9,12.02,11.82,11.98,11.9,0.08,0.67,320760.98,383094.904
600036.SH,2011-12-13,11.96,12.0,11.6,11.66,11.98,-0.32,-2.67,510587.75,602149.216
600036.SH,2011-12-14,11.65,11.83,11.55,11.68,11.66,0.02,0.17,304081.11,356305.057
600036.SH,2011-12-15,11.65,11.76,11.4,11.41,11.68,-0.27,-2.31,433566.55,502325.991
600036.SH,2011-12-16,11.4,11.69,11.35,11.62,11.41,0.21,1.84,457068.08,525062.414
600036.SH,2011-12-19,11.48,11.69,11.27,11.65,11.62,0.03,0.26,384582.76,440755.77
600036.SH,2011-12-20,11.62,11.89,11.59,11.63,11.65,-0.02,-0.17,418191.93,491358.962
600036.SH,2011-12-21,11.75,11.96,11.57,11.59,11.63,-0.04,-0.34,396983.85,468446.039
600036.SH,2011-12-22,11.6,11.75,11.45,11.7,11.59,0.11,0.95,412914.4,479151.496
600036.SH,2011-12-23,11.68,11.86,11.59,11.69,11.7,-0.01,-0.09,352679.0,413821.885
600036.SH,2011-12-26,11.6,11.8,11.55,11.67,11.69,-0.02,-0.17,266454.92,311157.318
600036.SH,2011-12-27,11.67,11.76,11.62,11.69,11.67,0.02,0.17,322556.97,377531.963
600036.SH,2011-12-28,11.67,11.76,11.43,11.55,11.69,-0.14,-1.2,470141.89,544702.222
600036.SH,2011-12-29,11.53,11.69,11.47,11.66,11.55,0.11,0.95,319009.91,369450.306
600036.SH,2011-12-30,11.71,11.96,11.71,11.87,11.66,0.21,1.8,428773.7,509489.814
600036.SH,2012-01-04,11.95,12.1,11.63,11.67,11.87,-0.2,-1.68,522606.17,620703.189
600036.SH,2012-01-05,11.7,12.09,11.67,11.91,11.67,0.24,2.06,840847.02,1006814.678
600036.SH,2012-01-06,11.93,12.09,11.85,11.99,11.91,0.08,0.67,540381.34,646295.13
600036.SH,2012-01-09,11.98,12.5,11.9,12.38,11.99,0.39,3.25,960020.09,1181631.414
600036.SH,2012-01-10,12.38,12.61,12.23,12.56,12.38,0.18,1.45,892045.62,1114071.706
600036.SH,2012-01-11,12.56,12.65,12.41,12.49,12.56,-0.07,-0.56,387870.32,484750.529
600036.SH,2012-01-12,12.47,12.75,12.42,12.62,12.49,0.13,1.04,414193.21,522004.928
600036.SH,2012-01-13,12.59,12.71,12.35,12.49,12.62,-0.13,-1.03,481551.2,603520.214
600036.SH,2012-01-16,12.47,12.58,12.37,12.39,12.49,-0.1,-0.8,335932.05,418936.947
600036.SH,2012-01-17,12.45,12.8,12.15,12.78,12.39,0.39,3.15,809513.94,1012433.208
600036.SH,2012-01-18,12.7,12.77,12.43,12.52,12.78,-0.26,-2.03,614435.83,772296.685
600036.SH,2012-01-19,12.52,12.83,12.5,12.7,12.52,0.18,1.44,650603.32,826982.921
600036.SH,2012-01-20,12.79,13.0,12.71,13.0,12.7,0.3,2.36,740547.27,954640.989
600036.SH,2012-01-30,12.99,13.0,12.69,12.7,13.0,-0.3,-2.31,523783.68,671158.256
600036.SH,2012-01-31,12.7,12.79,12.54,12.65,12.7,-0.05,-0.39,305357.47,386591.229
600036.SH,2012-02-01,12.64,12.69,12.43,12.47,12.65,-0.18,-1.42,401286.0,502870.456
600036.SH,2012-02-02,12.51,12.88,12.44,12.87,12.47,0.4,3.21,586515.09,744135.901
600036.SH,2012-02-03,12.83,13.1,12.76,12.98,12.87,0.11,0.85,651388.94,845123.303
600036.SH,2012-02-06,12.99,13.06,12.73,12.86,12.98,-0.12,-0.92,560545.81,721459.232
600036.SH,2012-02-07,12.77,12.85,12.64,12.73,12.86,-0.13,-1.01,335470.56,427096.303
600036.SH,2012-02-08,12.7,13.05,12.68,12.99,12.73,0.26,2.04,437963.13,565073.307
600036.SH,2012-02-09,12.98,13.06,12.85,12.99,12.99,0.0,0.0,433799.91,562029.588
600036.SH,2012-02-10,12.92,13.02,12.8,12.89,12.99,-0.1,-0.77,505387.33,652053.65
600036.SH,2012-02-13,12.7,12.88,12.56,12.69,12.89,-0.2,-1.55,570350.47,726978.981
600036.SH,2012-02-14,12.68,12.69,12.57,12.66,12.69,-0.03,-0.24,447282.09,564126.713
600036.SH,2012-02-15,12.61,12.8,12.56,12.68,12.66,0.02,0.16,484764.92,615152.835
600036.SH,2012-02-16,12.7,12.8,12.6,12.64,12.68,-0.04,-0.32,485740.36,615538.999
600036.SH,2012-02-17,12.77,12.78,12.66,12.71,12.64,0.07,0.55,273998.53,348684.564
600036.SH,2012-02-20,12.94,12.95,12.68,12.69,12.71,-0.02,-0.16,496546.91,635441.465
600036.SH,2012-02-21,12.71,12.83,12.64,12.75,12.69,0.06,0.47,389364.18,496018.03
600036.SH,2012-02-22,12.8,12.8,12.62,12.78,12.75,0.03,0.24,655858.52,833270.386
600036.SH,2012-02-23,12.78,12.78,12.67,12.71,12.78,-0.07,-0.55,655992.68,833923.558
600036.SH,2012-02-24,12.71,12.89,12.65,12.88,12.71,0.17,1.34,896624.43,1143936.194
600036.SH,2012-02-27,12.9,13.02,12.8,12.82,12.88,-0.06,-0.47,880342.99,1135169.277
600036.SH,2012-02-28,12.85,13.02,12.84,12.94,12.82,0.12,0.94,930610.09,1203983.392
600036.SH,2012-02-29,12.93,12.98,12.83,12.87,12.94,-0.07,-0.54,520173.14,671363.059
600036.SH,2012-03-01,12.85,12.96,12.85,12.91,12.87,0.04,0.31,282754.84,365423.558
600036.SH,2012-03-02,12.91,13.06,12.87,13.04,12.91,0.13,1.01,607134.74,788822.636
600036.SH,2012-03-05,13.02,13.07,12.84,12.87,13.04,-0.17,-1.3,712041.63,922752.715
600036.SH,2012-03-06,12.85,12.85,12.55,12.58,12.87,-0.29,-2.25,778474.93,985947.629
600036.SH,2012-03-07,12.51,12.59,12.4,12.41,12.58,-0.17,-1.35,544366.08,680404.646
600036.SH,2012-03-08,12.46,12.57,12.4,12.46,12.41,0.05,0.4,513485.46,640558.269
600036.SH,2012-03-09,12.51,12.56,12.41,12.51,12.46,0.05,0.4,503862.44,629237.238
600036.SH,2012-03-12,12.48,12.51,12.27,12.35,12.51,-0.16,-1.28,708696.95,875848.139
600036.SH,2012-03-13,12.35,12.51,12.33,12.47,12.35,0.12,0.97,467245.01,581687.63
600036.SH,2012-03-14,12.56,12.65,12.24,12.31,12.47,-0.16,-1.28,955936.39,1191708.566
600036.SH,2012-03-15,12.32,12.45,12.19,12.22,12.31,-0.09,-0.73,574767.5,709688.413
600036.SH,2012-03-16,12.25,12.32,12.09,12.22,12.22,0.0,0.0,549693.81,669730.88
600036.SH,2012-03-19,12.22,12.22,12.04,12.13,12.22,-0.09,-0.74,543673.4,659192.747
600036.SH,2012-03-20,12.1,12.17,11.97,12.02,12.13,-0.11,-0.91,544587.48,655607.045
600036.SH,2012-03-21,12.09,12.1,11.93,12.0,12.02,-0.02,-0.17,445449.64,534595.722
600036.SH,2012-03-22,12.0,12.2,11.94,12.05,12.0,0.05,0.42,362925.37,437511.567
600036.SH,2012-03-23,12.01,12.08,11.96,12.05,12.05,0.0,0.0,319585.64,384506.323
600036.SH,2012-03-26,12.07,12.16,12.01,12.09,12.05,0.04,0.33,413471.79,500165.874
600036.SH,2012-03-27,12.12,12.16,12.01,12.03,12.09,-0.06,-0.5,287244.76,346579.569
600036.SH,2012-03-28,12.04,12.08,11.78,11.8,12.03,-0.23,-1.91,420696.93,501731.389
600036.SH,2012-03-29,11.81,11.95,11.78,11.82,11.8,0.02,0.17,513083.45,608219.818
600036.SH,2012-03-30,11.82,11.93,11.78,11.9,11.82,0.08,0.68,391878.75,465360.707
600036.SH,2012-04-05,11.85,11.95,11.56,11.84,11.9,-0.06,-0.5,574059.0,676640.99
600036.SH,2012-04-06,11.83,11.87,11.7,11.81,11.84,-0.03,-0.25,464683.61,546423.998
600036.SH,2012-04-09,11.74,11.78,11.61,11.68,11.81,-0.13,-1.1,250745.87,293312.109
600036.SH,2012-04-10,11.7,11.86,11.66,11.83,11.68,0.15,1.28,292507.21,343351.779
600036.SH,2012-04-11,11.75,11.89,11.7,11.77,11.83,-0.06,-0.51,415591.67,489513.051
600036.SH,2012-04-12,11.78,12.02,11.67,12.01,11.77,0.24,2.04,647526.12,768293.175
600036.SH,2012-04-13,12.01,12.12,11.93,12.0,12.01,-0.01,-0.08,459101.02,551302.551
600036.SH,2012-04-16,11.96,12.02,11.88,11.92,12.0,-0.08,-0.67,254713.8,304097.73
600036.SH,2012-04-17,11.9,11.95,11.82,11.85,11.92,-0.07,-0.59,223834.07,265972.778
600036.SH,2012-04-18,11.89,12.02,11.81,12.01,11.85,0.16,1.35,458998.46,549010.529
600036.SH,2012-04-19,12.0,12.0,11.91,11.96,12.01,-0.05,-0.42,456911.92,546431.735
600036.SH,2012-04-20,11.93,12.24,11.92,12.19,11.96,0.23,1.92,921904.83,1117374.132
600036.SH,2012-04-23,12.19,12.24,12.06,12.1,12.19,-0.09,-0.74,386607.94,469866.487
600036.SH,2012-04-24,12.1,12.55,12.08,12.3,12.1,0.2,1.65,951105.05,1172356.286
600036.SH,2012-04-25,12.27,12.4,12.22,12.27,12.3,-0.03,-0.24,515129.21,633930.858
600036.SH,2012-04-26,12.31,12.36,12.12,12.22,12.27,-0.05,-0.41,364000.08,445601.888
600036.SH,2012-04-27,12.29,12.37,12.13,12.2,12.22,-0.02,-0.16,354138.78,432485.756
600036.SH,2012-05-02,12.35,12.48,12.3,12.4,12.2,0.2,1.64,716513.8,887759.044
600036.SH,2012-05-03,12.41,12.44,12.28,12.35,12.4,-0.05,-0.4,459988.53,567916.036
600036.SH,2012-05-04,12.35,12.47,12.22,12.41,12.35,0.06,0.49,620547.62,766768.142
600036.SH,2012-05-07,12.31,12.45,12.3,12.42,12.41,0.01,0.08,643771.21,795713.525
600036.SH,2012-05-08,12.4,12.45,12.28,12.37,12.42,-0.05,-0.4,624078.86,772462.422
600036.SH,2012-05-09,12.29,12.29,12.07,12.12,12.37,-0.25,-2.02,766857.75,933525.547
600036.SH,2012-05-10,12.19,12.19,12.01,12.11,12.12,-0.01,-0.08,517520.22,625641.705
600036.SH,2012-05-11,12.07,12.16,12.01,12.02,12.11,-0.09,-0.74,353953.83,427334.209
600036.SH,2012-05-14,12.13,12.16,11.84,11.89,12.02,-0.13,-1.08,672027.16,804800.566
600036.SH,2012-05-15,11.85,11.89,11.77,11.84,11.89,-0.05,-0.42,552553.6,653203.85
600036.SH,2012-05-16,11.82,11.84,11.65,11.67,11.84,-0.17,-1.44,647465.24,758737.341
600036.SH,2012-05-17,11.7,11.83,11.66,11.79,11.67,0.12,1.03,424668.87,498658.799
600036.SH,2012-05-18,11.72,11.72,11.53,11.56,11.79,-0.23,-1.95,684838.29,794050.301
600036.SH,2012-05-21,11.58,11.67,11.53,11.64,11.56,0.08,0.69,468628.03,544058.576
600036.SH,2012-05-22,11.68,11.83,11.65,11.81,11.64,0.17,1.46,411729.79,484634.928
600036.SH,2012-05-23,11.79,11.82,11.7,11.74,11.81,-0.07,-0.59,382230.73,449537.352
600036.SH,2012-05-24,11.73,11.81,11.61,11.63,11.74,-0.11,-0.94,466527.79,547128.969
600036.SH,2012-05-25,11.65,11.68,11.58,11.61,11.63,-0.02,-0.17,302311.03,350720.897
600036.SH,2012-05-28,11.62,11.68,11.54,11.67,11.61,0.06,0.52,591271.81,686073.338
600036.SH,2012-05-29,11.66,11.81,11.59,11.78,11.67,0.11,0.94,613869.96,718537.025
600036.SH,2012-05-31,11.55,11.68,11.55,11.66,11.78,-0.12,-1.02,745543.51,865981.374
600036.SH,2012-06-01,11.7,11.73,11.61,11.67,11.66,0.01,0.09,596868.18,696135.362
600036.SH,2012-06-04,11.57,11.57,11.37,11.4,11.67,-0.27,-2.31,773987.21,887681.099
600036.SH,2012-06-05,11.43,11.61,11.38,11.54,11.4,0.14,1.23,628114.49,722339.047
600036.SH,2012-06-06,11.55,11.71,11.55,11.68,11.54,0.14,1.21,689701.55,803030.022
600036.SH,2012-06-07,11.42,11.42,11.24,11.25,11.26,-0.01,-0.09,486972.05,550110.889
600036.SH,2012-06-08,11.18,11.18,10.86,10.92,11.25,-0.33,-2.93,1066582.64,1167267.859
600036.SH,2012-06-11,10.93,10.99,10.85,10.95,10.92,0.03,0.27,345517.84,377823.767
600036.SH,2012-06-12,10.92,10.92,10.71,10.81,10.95,-0.14,-1.28,472236.03,510228.27
600036.SH,2012-06-13,10.85,10.95,10.79,10.89,10.81,0.08,0.74,380132.11,413336.534
600036.SH,2012-06-14,10.85,10.91,10.77,10.86,10.89,-0.03,-0.28,436198.84,472733.953
600036.SH,2012-06-15,10.87,11.17,10.86,11.05,10.86,0.19,1.75,502976.08,554896.394
600036.SH,2012-06-18,11.15,11.15,11.02,11.05,11.05,0.0,0.0,263050.41,291047.336
600036.SH,2012-06-19,11.04,11.12,10.95,10.99,11.05,-0.06,-0.54,334002.24,368734.244
600036.SH,2012-06-20,11.04,11.12,10.97,11.03,10.99,0.04,0.36,272689.25,301067.917
600036.SH,2012-06-21,11.03,11.03,10.86,10.9,11.03,-0.13,-1.18,237499.57,259603.768
600036.SH,2012-06-25,10.89,11.05,10.87,10.99,10.9,0.09,0.83,544254.37,598573.025
600036.SH,2012-06-26,10.97,11.06,10.95,10.99,10.99,0.0,0.0,447249.39,491873.011
600036.SH,2012-06-27,10.96,11.0,10.87,10.89,10.99,-0.1,-0.91,294396.87,321260.686
600036.SH,2012-06-28,10.91,10.95,10.81,10.82,10.89,-0.07,-0.64,338364.9,368182.347
600036.SH,2012-06-29,10.83,11.0,10.78,10.92,10.82,0.1,0.92,381259.64,414959.831
600036.SH,2012-07-02,10.96,10.96,10.79,10.85,10.92,-0.07,-0.64,354349.97,384038.16
600036.SH,2012-07-03,10.85,10.99,10.81,10.89,10.85,0.04,0.37,316078.69,344822.244
600036.SH,2012-07-04,10.93,11.0,10.88,10.93,10.89,0.04,0.37,257271.76,281476.904
600036.SH,2012-07-05,10.91,10.95,10.8,10.85,10.93,-0.08,-0.73,295031.42,320276.245
600036.SH,2012-07-06,10.61,10.64,10.46,10.57,10.85,-0.28,-2.58,1218602.31,1284039.859
600036.SH,2012-07-09,10.52,10.52,10.02,10.15,10.57,-0.42,-3.97,1347895.22,1380906.463
600036.SH,2012-07-10,10.14,10.2,10.07,10.16,10.15,0.01,0.1,478696.36,485118.762
600036.SH,2012-07-11,10.15,10.16,9.98,10.06,10.16,-0.1,-0.98,504514.62,507063.597
600036.SH,2012-07-12,10.06,10.13,9.89,10.09,10.06,0.03,0.3,810436.06,809607.588
600036.SH,2012-07-13,10.07,10.23,10.0,10.17,10.09,0.08,0.79,462062.88,468712.542
600036.SH,2012-07-16,10.19,10.27,10.06,10.08,10.17,-0.09,-0.89,458612.1,465617.63
600036.SH,2012-07-17,10.08,10.18,10.07,10.17,10.08,0.09,0.89,291340.3,295683.245
600036.SH,2012-07-18,10.18,10.18,10.01,10.11,10.17,-0.06,-0.59,344291.85,346515.677
600036.SH,2012-07-19,10.11,10.15,10.04,10.1,10.11,-0.01,-0.1,445058.22,449753.597
600036.SH,2012-07-20,10.09,10.1,9.96,9.99,10.1,-0.11,-1.09,486342.83,486155.924
600036.SH,2012-07-23,9.94,9.94,9.59,9.69,9.99,-0.3,-3.0,787087.05,763923.571
600036.SH,2012-07-24,9.64,9.71,9.54,9.59,9.69,-0.1,-1.03,597621.39,574182.443
600036.SH,2012-07-25,9.57,9.65,9.54,9.58,9.59,-0.01,-0.1,291417.98,279943.231
600036.SH,2012-07-26,9.59,9.67,9.57,9.59,9.58,0.01,0.1,296958.36,285606.22
600036.SH,2012-07-27,9.62,9.86,9.62,9.75,9.59,0.16,1.67,531760.24,518372.376
600036.SH,2012-07-30,9.8,9.92,9.75,9.81,9.75,0.06,0.62,416892.92,409827.972
600036.SH,2012-07-31,9.85,9.97,9.84,9.92,9.81,0.11,1.12,415970.59,412950.989
600036.SH,2012-08-01,9.92,10.0,9.86,9.97,9.92,0.05,0.5,478662.22,475037.527
600036.SH,2012-08-02,9.96,10.07,9.93,10.01,9.97,0.04,0.4,410412.73,410615.261
600036.SH,2012-08-03,10.02,10.06,9.97,10.0,10.01,-0.01,-0.1,252742.55,252693.207
600036.SH,2012-08-06,10.0,10.07,9.98,10.01,10.0,0.01,0.1,309870.52,310238.159
600036.SH,2012-08-07,10.01,10.05,9.98,10.0,10.01,-0.01,-0.1,240085.49,240145.157
600036.SH,2012-08-08,10.01,10.09,10.01,10.07,10.0,0.07,0.7,287360.17,289243.53
600036.SH,2012-08-09,10.1,10.1,10.0,10.08,10.07,0.01,0.1,194738.29,195833.145
600036.SH,2012-08-10,10.1,10.2,10.09,10.17,10.08,0.09,0.89,270653.85,275363.371
600036.SH,2012-08-13,10.14,10.2,10.11,10.15,10.17,-0.02,-0.2,387152.91,393494.003
600036.SH,2012-08-14,10.17,10.24,10.13,10.17,10.15,0.02,0.2,315532.15,321051.657
600036.SH,2012-08-15,10.17,10.19,9.93,9.94,10.17,-0.23,-2.26,394703.71,394577.962
600036.SH,2012-08-16,9.89,9.97,9.85,9.92,9.94,-0.02,-0.2,192719.16,190896.62
600036.SH,2012-08-17,9.92,10.05,9.91,10.02,9.92,0.1,1.01,223240.63,223357.073
600036.SH,2012-08-20,9.93,10.02,9.82,9.88,10.02,-0.14,-1.4,250974.69,247692.968
600036.SH,2012-08-21,9.89,9.94,9.78,9.81,9.88,-0.07,-0.71,364392.3,358531.814
600036.SH,2012-08-22,9.83,9.9,9.81,9.89,9.81,0.08,0.82,333243.51,328191.886
600036.SH,2012-08-23,9.9,9.97,9.85,9.94,9.89,0.05,0.51,367703.63,365020.417
600036.SH,2012-08-24,9.88,9.99,9.87,9.92,9.94,-0.02,-0.2,328829.66,327024.436
600036.SH,2012-08-27,9.91,9.94,9.79,9.86,9.92,-0.06,-0.6,295245.73,291275.731
600036.SH,2012-08-28,9.84,10.07,9.81,10.01,9.86,0.15,1.52,331015.09,329951.805
600036.SH,2012-08-29,10.0,10.05,9.98,10.02,10.01,0.01,0.1,258361.74,258866.506
600036.SH,2012-08-30,9.9,10.15,9.9,10.13,10.02,0.11,1.1,406293.78,410070.197
600036.SH,2012-08-31,10.13,10.19,10.07,10.08,10.13,-0.05,-0.49,292871.24,297407.357
600036.SH,2012-09-03,10.06,10.12,10.0,10.01,10.08,-0.07,-0.69,373294.4,374981.802
600036.SH,2012-09-04,10.01,10.02,9.8,9.84,10.01,-0.17,-1.7,439051.3,434354.544
600036.SH,2012-09-05,9.84,9.84,9.57,9.71,9.84,-0.13,-1.32,627543.62,606649.296
600036.SH,2012-09-06,9.67,9.74,9.63,9.73,9.71,0.02,0.21,393913.05,381180.126
600036.SH,2012-09-07,9.76,10.18,9.76,10.16,9.73,0.43,4.42,945808.52,948096.863
600036.SH,2012-09-10,10.13,10.19,10.02,10.1,10.16,-0.06,-0.59,532682.27,537083.135
600036.SH,2012-09-11,10.08,10.12,10.0,10.12,10.1,0.02,0.2,344485.99,346408.412
600036.SH,2012-09-12,10.15,10.22,10.03,10.12,10.12,0.0,0.0,333665.28,338007.629
600036.SH,2012-09-13,10.11,10.2,10.01,10.12,10.12,0.0,0.0,426358.12,431742.856
600036.SH,2012-09-14,10.15,10.33,10.14,10.25,10.12,0.13,1.28,571921.56,585483.247
600036.SH,2012-09-17,10.25,10.26,10.11,10.13,10.25,-0.12,-1.17,471850.18,480998.604
600036.SH,2012-09-18,10.1,10.1,9.96,9.99,10.13,-0.14,-1.38,304124.07,305847.748
600036.SH,2012-09-19,9.98,9.99,9.83,9.87,9.99,-0.12,-1.2,365859.5,362159.953
600036.SH,2012-09-20,9.87,9.9,9.72,9.74,9.87,-0.13,-1.32,315228.57,309091.409
600036.SH,2012-09-21,9.74,9.87,9.68,9.81,9.74,0.07,0.72,333795.0,327072.231
600036.SH,2012-09-24,9.75,9.91,9.7,9.86,9.81,0.05,0.51,338537.48,331137.645
600036.SH,2012-09-25,9.86,9.89,9.8,9.87,9.86,0.01,0.1,184790.84,181896.719
600036.SH,2012-09-26,9.86,9.91,9.75,9.75,9.87,-0.12,-1.22,325142.69,319732.145
600036.SH,2012-09-27,9.8,10.18,9.76,10.08,9.75,0.33,3.38,505059.01,505686.1
600036.SH,2012-09-28,10.01,10.18,9.91,10.16,10.08,0.08,0.79,389230.65,392264.624
600036.SH,2012-10-08,10.15,10.35,10.11,10.17,10.16,0.01,0.1,330084.15,337697.96
600036.SH,2012-10-09,10.28,10.37,10.2,10.29,10.17,0.12,1.18,432623.74,446295.752
600036.SH,2012-10-10,10.29,10.29,10.18,10.21,10.29,-0.08,-0.78,233613.47,238821.187
600036.SH,2012-10-11,10.19,10.24,10.1,10.2,10.21,-0.01,-0.1,241394.15,245864.855
600036.SH,2012-10-12,10.25,10.39,10.23,10.36,10.2,0.16,1.57,400727.15,414289.777
600036.SH,2012-10-15,10.37,10.38,10.23,10.31,10.36,-0.05,-0.48,160064.4,164776.435
600036.SH,2012-10-16,10.29,10.38,10.21,10.31,10.31,0.0,0.0,229842.85,236742.799
600036.SH,2012-10-17,10.32,10.4,10.26,10.36,10.31,0.05,0.49,295653.74,305863.198
600036.SH,2012-10-18,10.43,10.54,10.36,10.49,10.36,0.13,1.25,375426.85,393179.674
600036.SH,2012-10-19,10.5,10.5,10.4,10.44,10.49,-0.05,-0.48,238650.11,249625.613
600036.SH,2012-10-22,10.37,10.55,10.36,10.51,10.44,0.07,0.67,287582.13,301265.381
600036.SH,2012-10-23,10.51,10.6,10.43,10.45,10.51,-0.06,-0.57,268948.88,283013.779
600036.SH,2012-10-24,10.4,10.49,10.4,10.46,10.45,0.01,0.1,216248.67,226046.4
600036.SH,2012-10-25,10.43,10.49,10.35,10.37,10.46,-0.09,-0.86,195557.65,203931.727
600036.SH,2012-10-26,10.37,10.43,10.19,10.28,10.37,-0.09,-0.87,246694.23,253283.832
600036.SH,2012-10-29,10.25,10.27,10.04,10.12,10.28,-0.16,-1.56,223864.78,227127.315
600036.SH,2012-10-30,10.13,10.24,10.0,10.07,10.12,-0.05,-0.49,308360.95,310546.559
600036.SH,2012-10-31,10.05,10.11,10.04,10.08,10.07,0.01,0.1,209974.91,211535.31
600036.SH,2012-11-01,10.08,10.4,10.08,10.3,10.08,0.22,2.18,420589.17,432036.399
600036.SH,2012-11-02,10.28,10.39,10.25,10.37,10.3,0.07,0.68,284513.32,293882.466
600036.SH,2012-11-05,10.37,10.49,10.32,10.42,10.37,0.05,0.48,262621.82,273345.099
600036.SH,2012-11-06,10.43,10.47,10.22,10.38,10.42,-0.04,-0.38,256169.13,264401.793
600036.SH,2012-11-07,10.38,10.38,10.26,10.34,10.38,-0.04,-0.39,165172.77,170413.964
600036.SH,2012-11-08,10.28,10.32,10.18,10.18,10.34,-0.16,-1.55,183807.85,188188.3
600036.SH,2012-11-09,10.17,10.25,10.16,10.21,10.18,0.03,0.29,210435.05,214755.731
600036.SH,2012-11-12,10.25,10.29,10.2,10.26,10.21,0.05,0.49,253174.39,259350.027
600036.SH,2012-11-13,10.26,10.27,10.04,10.06,10.26,-0.2,-1.95,196447.27,198705.309
600036.SH,2012-11-14,10.06,10.11,10.04,10.08,10.06,0.02,0.2,159399.07,160559.555
600036.SH,2012-11-15,10.05,10.09,10.01,10.02,10.08,-0.06,-0.6,150956.65,151500.493
600036.SH,2012-11-16,10.0,10.07,9.9,9.96,10.02,-0.06,-0.6,215612.66,214485.151
600036.SH,2012-11-19,9.96,9.98,9.89,9.92,9.96,-0.04,-0.4,173151.97,171846.492
600036.SH,2012-11-20,9.95,10.02,9.79,9.83,9.92,-0.09,-0.91,215420.0,212747.659
600036.SH,2012-11-21,9.83,9.94,9.81,9.93,9.83,0.1,1.02,222344.39,219330.197
600036.SH,2012-11-22,9.9,9.93,9.86,9.9,9.93,-0.03,-0.3,154710.82,153066.794
600036.SH,2012-11-23,9.94,10.05,9.89,10.03,9.9,0.13,1.31,283828.47,283347.348
600036.SH,2012-11-26,9.98,10.02,9.94,9.99,10.03,-0.04,-0.4,186152.18,185783.024
600036.SH,2012-11-27,9.97,10.05,9.96,9.97,9.99,-0.02,-0.2,313311.98,313271.104
600036.SH,2012-11-28,9.97,10.02,9.95,9.97,9.97,0.0,0.0,281759.6,281582.422
600036.SH,2012-11-29,9.99,10.04,9.97,9.98,9.97,0.01,0.1,182130.96,182095.458
600036.SH,2012-11-30,9.98,10.05,9.9,10.02,9.98,0.04,0.4,312790.9,312092.108
600036.SH,2012-12-03,10.01,10.02,9.83,9.91,10.02,-0.11,-1.1,350315.2,347109.875
600036.SH,2012-12-04,9.91,10.01,9.9,9.98,9.91,0.07,0.71,239333.87,238259.79
600036.SH,2012-12-05,10.0,10.45,9.97,10.41,9.98,0.43,4.31,1082187.68,1117951.131
600036.SH,2012-12-06,10.4,10.56,10.38,10.45,10.41,0.04,0.38,658438.49,689223.046
600036.SH,2012-12-07,10.46,10.83,10.44,10.8,10.45,0.35,3.35,1119334.73,1198461.158
600036.SH,2012-12-10,10.85,11.08,10.75,10.97,10.8,0.17,1.57,1190133.39,1301157.141
600036.SH,2012-12-11,10.97,11.06,10.89,10.99,10.97,0.02,0.18,701450.22,770027.826
600036.SH,2012-12-12,10.99,11.21,10.96,11.05,10.99,0.06,0.55,677269.06,751240.813
600036.SH,2012-12-13,11.03,11.06,10.85,10.87,11.05,-0.18,-1.63,555840.51,609383.937
600036.SH,2012-12-14,10.93,11.75,10.92,11.7,10.87,0.83,7.64,1650039.71,1884483.35
600036.SH,2012-12-17,11.75,11.94,11.63,11.71,11.7,0.01,0.09,1143675.95,1345018.068
600036.SH,2012-12-18,11.68,12.08,11.63,11.85,11.71,0.14,1.2,1233799.59,1469876.906
600036.SH,2012-12-19,11.85,12.05,11.8,11.88,11.85,0.03,0.25,953511.45,1140126.076
600036.SH,2012-12-20,11.8,12.08,11.8,12.0,11.88,0.12,1.01,828844.13,988481.626
600036.SH,2012-12-21,12.02,12.06,11.87,11.9,12.0,-0.1,-0.83,762213.63,913082.895
600036.SH,2012-12-24,11.95,12.41,11.92,12.26,11.9,0.36,3.03,1095655.52,1345537.385
600036.SH,2012-12-25,12.22,12.95,12.22,12.77,12.26,0.51,4.16,1329924.47,1679327.688
600036.SH,2012-12-26,12.76,12.94,12.69,12.79,12.77,0.02,0.16,878176.96,1127460.77
600036.SH,2012-12-27,12.85,13.02,12.59,12.61,12.79,-0.18,-1.41,862797.94,1106929.198
600036.SH,2012-12-28,12.63,12.98,12.62,12.96,12.61,0.35,2.78,849173.6,1091049.715
600036.SH,2012-12-31,12.96,13.8,12.96,13.75,12.96,0.79,6.1,1537120.26,2060790.726
600036.SH,2013-01-04,13.82,13.97,13.35,13.53,13.75,-0.22,-1.6,1500336.42,2039552.876
600036.SH,2013-01-07,13.5,13.83,13.3,13.6,13.53,0.07,0.52,994695.43,1349911.75
600036.SH,2013-01-08,13.65,13.83,13.33,13.59,13.6,-0.01,-0.07,1033356.13,1404489.415
600036.SH,2013-01-09,13.46,13.62,13.31,13.5,13.59,-0.09,-0.66,965590.71,1302109.207
600036.SH,2013-01-10,13.5,13.7,13.37,13.54,13.5,0.04,0.3,892694.31,1212029.376
600036.SH,2013-01-11,13.53,13.64,13.16,13.28,13.54,-0.26,-1.92,920401.23,1237367.216
600036.SH,2013-01-14,13.17,13.97,13.17,13.84,13.28,0.56,4.22,1578658.8,2160111.264
600036.SH,2013-01-15,13.8,13.88,13.62,13.79,13.84,-0.05,-0.36,1067199.58,1469440.881
600036.SH,2013-01-16,13.75,13.82,13.34,13.52,13.79,-0.27,-1.96,902998.92,1231280.278
600036.SH,2013-01-17,13.53,13.54,13.19,13.22,13.52,-0.3,-2.22,1170498.3,1558604.727
600036.SH,2013-01-18,13.36,13.5,13.21,13.37,13.22,0.15,1.13,1108088.31,1480397.212
600036.SH,2013-01-21,13.42,13.7,13.31,13.57,13.37,0.2,1.5,1148859.55,1552341.58
600036.SH,2013-01-22,13.57,14.09,13.39,14.0,13.57,0.43,3.17,1757534.85,2425268.563
600036.SH,2013-01-23,13.9,14.11,13.75,14.0,14.0,0.0,0.0,894900.96,1246132.644
600036.SH,2013-01-24,14.0,14.5,13.55,13.67,14.0,-0.33,-2.36,1964852.21,2756417.941
600036.SH,2013-01-25,13.74,13.83,13.42,13.47,13.67,-0.2,-1.46,905871.16,1229494.809
600036.SH,2013-01-28,13.5,14.34,13.5,14.18,13.47,0.71,5.27,1517058.64,2131062.253
600036.SH,2013-01-29,14.19,14.8,14.04,14.6,14.18,0.42,2.96,1906255.62,2746660.145
600036.SH,2013-01-30,14.61,14.64,14.2,14.38,14.6,-0.22,-1.51,1278143.53,1836901.396
600036.SH,2013-01-31,14.43,14.49,14.03,14.3,14.38,-0.08,-0.56,1162646.71,1653013.127
600036.SH,2013-02-01,14.2,14.84,14.15,14.78,14.3,0.48,3.36,1689316.89,2451809.625
600036.SH,2013-02-04,14.77,15.01,14.46,14.57,14.78,-0.21,-1.42,1659690.12,2448320.866
600036.SH,2013-02-05,14.4,14.54,14.21,14.4,14.57,-0.17,-1.17,1214497.86,1743222.914
600036.SH,2013-02-06,14.4,14.52,14.13,14.37,14.4,-0.03,-0.21,935289.6,1337984.884
600036.SH,2013-02-07,14.37,14.37,13.71,14.14,14.37,-0.23,-1.6,1628177.93,2287383.272
600036.SH,2013-02-08,14.08,14.18,13.86,14.04,14.14,-0.1,-0.71,939297.28,1319909.435
600036.SH,2013-02-18,14.13,14.27,13.87,13.95,14.04,-0.09,-0.64,864394.11,1215568.53
600036.SH,2013-02-19,13.92,14.06,13.72,13.83,13.95,-0.12,-0.86,802575.24,1115544.74
600036.SH,2013-02-20,13.86,13.91,13.43,13.84,13.83,0.01,0.07,1108236.16,1509286.637
600036.SH,2013-02-21,13.66,13.68,12.95,13.38,13.84,-0.46,-3.32,1306216.07,1735828.988
600036.SH,2013-02-22,13.35,13.38,13.0,13.07,13.38,-0.31,-2.32,813600.28,1071160.054
600036.SH,2013-02-25,13.15,13.26,12.99,13.04,13.07,-0.03,-0.23,709805.07,929263.409
600036.SH,2013-02-26,12.89,13.28,12.65,12.71,13.04,-0.33,-2.53,2254253.96,2929255.224
600036.SH,2013-02-27,12.76,13.0,12.58,12.84,12.71,0.13,1.02,1441149.92,1843217.552
600036.SH,2013-02-28,12.9,13.32,12.78,13.3,12.84,0.46,3.58,1696861.96,2213328.399
600036.SH,2013-03-01,13.3,13.37,12.81,13.07,13.3,-0.23,-1.73,1279526.78,1676102.123
600036.SH,2013-03-04,12.85,13.0,12.17,12.27,13.07,-0.8,-6.12,1747873.13,2202216.042
600036.SH,2013-03-05,12.33,13.47,12.33,13.36,12.27,1.09,8.88,2174891.27,2799557.374
600036.SH,2013-03-06,13.37,13.6,13.14,13.45,13.36,0.09,0.67,1529534.15,2050199.178
600036.SH,2013-03-07,13.37,13.37,12.99,13.11,13.45,-0.34,-2.53,888189.56,1171202.325
600036.SH,2013-03-08,13.15,13.48,12.93,13.33,13.11,0.22,1.68,929943.68,1230262.753
600036.SH,2013-03-11,13.21,13.23,12.96,13.12,13.33,-0.21,-1.58,483436.88,634664.6
600036.SH,2013-03-12,13.12,13.3,12.75,12.9,13.12,-0.22,-1.68,696099.02,906390.226
600036.SH,2013-03-13,12.9,13.03,12.6,12.67,12.9,-0.23,-1.78,659827.96,843335.588
600036.SH,2013-03-14,12.64,12.88,12.55,12.67,12.67,0.0,0.0,475698.24,603557.988
600036.SH,2013-03-15,12.68,13.19,12.44,12.57,12.67,-0.1,-0.79,1361572.93,1735409.883
600036.SH,2013-03-18,12.48,12.7,12.4,12.48,12.57,-0.09,-0.72,659537.14,827700.016
600036.SH,2013-03-19,12.45,12.67,12.45,12.6,12.48,0.12,0.96,547395.79,686425.566
600036.SH,2013-03-20,12.63,13.17,12.61,13.14,12.6,0.54,4.29,1343233.21,1745000.331
600036.SH,2013-03-21,13.14,13.22,13.06,13.13,13.14,-0.01,-0.08,645563.57,848701.343
600036.SH,2013-03-22,13.19,13.25,13.05,13.13,13.13,0.0,0.0,441087.35,579895.284
600036.SH,2013-03-25,13.2,13.28,12.94,12.98,13.13,-0.15,-1.14,559001.4,730187.054
600036.SH,2013-03-26,12.9,12.95,12.58,12.69,12.98,-0.29,-2.23,619026.47,786734.118
600036.SH,2013-03-27,12.66,12.92,12.66,12.77,12.69,0.08,0.63,457293.1,584254.908
600036.SH,2013-03-28,12.4,12.4,11.7,12.13,12.77,-0.64,-5.01,1266171.55,1535552.202
600036.SH,2013-03-29,12.19,12.74,12.12,12.63,12.13,0.5,4.12,1023329.03,1272875.637
600036.SH,2013-04-01,12.49,12.61,12.34,12.4,12.63,-0.23,-1.82,412776.53,513973.442
600036.SH,2013-04-02,12.48,12.75,12.37,12.56,12.4,0.16,1.29,557653.79,700652.102
600036.SH,2013-04-03,12.6,12.98,12.58,12.79,12.56,0.23,1.83,632908.89,808928.699
600036.SH,2013-04-08,12.44,12.69,12.4,12.61,12.79,-0.18,-1.41,517539.67,650242.84
600036.SH,2013-04-09,12.69,12.78,12.51,12.59,12.61,-0.02,-0.16,483413.48,611102.701
600036.SH,2013-04-10,12.58,12.65,12.38,12.44,12.59,-0.15,-1.19,302954.76,377830.45
600036.SH,2013-04-11,12.56,12.64,12.36,12.39,12.44,-0.05,-0.4,334314.83,416800.081
600036.SH,2013-04-12,12.39,12.46,12.26,12.28,12.39,-0.11,-0.89,287103.72,354459.995
600036.SH,2013-04-15,12.3,12.4,12.19,12.25,12.28,-0.03,-0.24,333253.16,408924.586
600036.SH,2013-04-16,12.2,12.4,12.14,12.35,12.25,0.1,0.82,555975.07,681018.158
600036.SH,2013-04-17,12.33,12.35,12.1,12.16,12.35,-0.19,-1.54,431828.74,525913.409
600036.SH,2013-04-18,12.05,12.3,12.01,12.16,12.16,0.0,0.0,575677.57,697392.867
600036.SH,2013-04-19,12.21,12.84,12.15,12.62,12.16,0.46,3.78,1596852.49,1988992.485
600036.SH,2013-04-22,12.53,12.64,12.52,12.59,12.62,-0.03,-0.24,590329.37,742446.961
600036.SH,2013-04-23,12.65,12.65,12.05,12.14,12.59,-0.45,-3.57,857826.77,1047585.615
600036.SH,2013-04-24,12.15,12.45,12.08,12.3,12.14,0.16,1.32,500285.46,612410.059
600036.SH,2013-04-25,12.24,12.35,12.08,12.22,12.3,-0.08,-0.65,496543.84,605731.488
600036.SH,2013-04-26,12.28,12.34,12.11,12.15,12.22,-0.07,-0.57,330182.5,403023.212
600036.SH,2013-05-02,12.1,12.12,11.95,12.1,12.15,-0.05,-0.41,469734.2,565173.92
600036.SH,2013-05-03,12.16,12.55,12.12,12.35,12.1,0.25,2.07,689565.39,855915.349
600036.SH,2013-05-06,12.4,12.65,12.38,12.53,12.35,0.18,1.46,502705.6,630075.256
600036.SH,2013-05-07,12.47,12.53,12.38,12.49,12.53,-0.04,-0.32,367890.09,458536.45
600036.SH,2013-05-08,12.48,12.65,12.44,12.5,12.49,0.01,0.08,545535.71,683946.016
600036.SH,2013-05-09,12.54,12.58,12.24,12.33,12.5,-0.17,-1.36,446522.35,553251.649
600036.SH,2013-05-10,12.4,12.78,12.37,12.75,12.33,0.42,3.41,976040.84,1232382.72
600036.SH,2013-05-13,12.74,13.21,12.59,13.19,12.75,0.44,3.45,1745151.42,2271013.39
600036.SH,2013-05-14,13.18,13.36,13.1,13.33,13.19,0.14,1.06,1527860.5,2025054.013
600036.SH,2013-05-15,13.32,13.65,13.25,13.59,13.33,0.26,1.95,1096631.42,1476330.894
600036.SH,2013-05-16,13.55,13.94,13.41,13.87,13.59,0.28,2.06,1517668.53,2083974.597
600036.SH,2013-05-17,13.87,13.93,13.62,13.86,13.87,-0.01,-0.07,1016192.7,1401815.09
600036.SH,2013-05-20,13.86,14.1,13.64,13.86,13.86,0.0,0.0,1245787.97,1728293.963
600036.SH,2013-05-21,13.8,13.81,13.46,13.57,13.86,-0.29,-2.09,1069057.82,1454002.633
600036.SH,2013-05-22,13.58,14.0,13.58,13.99,13.57,0.42,3.1,1404501.04,1939563.904
600036.SH,2013-05-23,13.9,13.95,13.51,13.52,13.99,-0.47,-3.36,1043927.17,1430513.473
600036.SH,2013-05-24,13.57,13.72,13.42,13.51,13.52,-0.01,-0.07,554989.4,752285.778
600036.SH,2013-05-27,13.48,13.57,13.32,13.39,13.51,-0.12,-0.89,499646.08,671859.974
600036.SH,2013-05-28,13.35,13.8,13.32,13.76,13.39,0.37,2.76,851492.2,1153115.589
600036.SH,2013-05-29,13.79,13.89,13.58,13.61,13.76,-0.15,-1.09,596227.33,819883.054
600036.SH,2013-05-30,13.58,13.69,13.45,13.58,13.61,-0.03,-0.22,468262.24,635522.361
600036.SH,2013-05-31,13.59,13.82,13.53,13.58,13.58,0.0,0.0,456585.35,624284.258
600036.SH,2013-06-03,13.58,13.89,13.57,13.77,13.58,0.19,1.4,701404.71,965797.136
600036.SH,2013-06-04,13.74,13.89,13.6,13.75,13.77,-0.02,-0.15,780899.14,1073577.704
600036.SH,2013-06-05,13.75,13.76,13.19,13.36,13.75,-0.39,-2.84,618170.6,832117.522
600036.SH,2013-06-06,13.34,13.39,13.01,13.18,13.36,-0.18,-1.35,671560.41,881621.849
600036.SH,2013-06-07,13.18,13.34,13.1,13.17,13.18,-0.01,-0.08,680486.19,898343.464
600036.SH,2013-06-13,12.4,12.4,11.82,12.32,12.54,-0.22,-1.75,810353.12,978996.577
600036.SH,2013-06-14,12.25,12.3,12.12,12.21,12.32,-0.11,-0.89,580366.65,708580.36
600036.SH,2013-06-17,12.23,12.32,12.09,12.1,12.21,-0.11,-0.9,313887.06,382560.891
600036.SH,2013-06-18,12.14,12.31,12.13,12.2,12.1,0.1,0.83,344910.29,422338.619
600036.SH,2013-06-19,12.2,12.2,11.9,11.98,12.2,-0.22,-1.8,398400.16,478168.045
600036.SH,2013-06-20,11.96,11.96,11.4,11.47,11.98,-0.51,-4.26,632956.14,736010.524
600036.SH,2013-06-21,11.3,11.77,11.18,11.71,11.47,0.24,2.09,703208.15,813131.669
600036.SH,2013-06-24,11.63,11.63,10.76,10.93,11.71,-0.78,-6.66,1181471.18,1301685.336
600036.SH,2013-06-25,10.8,11.03,10.0,10.92,10.93,-0.01,-0.09,1280406.68,1368236.729
600036.SH,2013-06-26,11.03,11.04,10.53,10.66,10.92,-0.26,-2.38,938929.18,1006917.466
600036.SH,2013-06-27,10.74,10.98,10.69,10.92,10.66,0.26,2.44,722900.48,783616.968
600036.SH,2013-06-28,10.92,11.64,10.85,11.6,10.92,0.68,6.23,1168720.92,1327338.645
600036.SH,2013-07-01,11.5,11.61,11.2,11.38,11.6,-0.22,-1.9,484821.45,551215.443
600036.SH,2013-07-02,11.38,11.46,11.02,11.21,11.38,-0.17,-1.49,639065.64,714282.189
600036.SH,2013-07-03,11.18,11.45,10.97,11.35,11.21,0.14,1.25,605196.34,675330.198
600036.SH,2013-07-04,11.26,11.49,11.1,11.24,11.35,-0.11,-0.97,530585.39,599276.018
600036.SH,2013-07-05,11.25,11.35,11.13,11.27,11.24,0.03,0.27,375915.0,423780.59
600036.SH,2013-07-08,11.15,11.22,10.98,11.03,11.27,-0.24,-2.13,464950.8,514504.504
600036.SH,2013-07-09,11.02,11.25,10.98,11.16,11.03,0.13,1.18,494188.97,548827.323
600036.SH,2013-07-10,11.2,11.35,11.06,11.32,11.16,0.16,1.43,414297.65,463874.281
600036.SH,2013-07-11,11.35,12.43,11.35,12.15,11.32,0.83,7.33,1605217.11,1916691.204
600036.SH,2013-07-12,12.0,12.11,11.5,11.62,12.15,-0.53,-4.36,901119.31,1063540.51
600036.SH,2013-07-15,11.74,11.91,11.55,11.65,11.62,0.03,0.26,674696.48,789286.759
600036.SH,2013-07-16,11.64,11.64,11.41,11.63,11.65,-0.02,-0.17,618611.94,712310.042
600036.SH,2013-07-17,11.6,11.65,11.38,11.4,11.63,-0.23,-1.98,526247.93,605064.972
600036.SH,2013-07-18,11.36,11.5,11.11,11.18,11.4,-0.22,-1.93,535603.19,599859.95
600036.SH,2013-07-19,11.2,11.28,10.88,10.92,11.18,-0.26,-2.33,558328.48,617765.423
600036.SH,2013-07-22,10.7,10.89,10.57,10.85,10.92,-0.07,-0.64,568043.54,610322.275
600036.SH,2013-07-23,10.92,11.29,10.81,11.06,10.85,0.21,1.94,552013.75,613854.027
600036.SH,2013-07-24,10.85,11.04,10.68,10.9,11.06,-0.16,-1.45,649577.35,703058.436
600036.SH,2013-07-25,10.94,11.06,10.75,10.83,10.9,-0.07,-0.64,414720.19,450453.998
600036.SH,2013-07-26,10.8,10.8,10.65,10.74,10.83,-0.09,-0.83,305764.89,328006.281
600036.SH,2013-07-29,10.6,10.61,10.4,10.49,10.74,-0.25,-2.33,466252.62,488458.881
600036.SH,2013-07-30,10.58,10.79,10.52,10.68,10.49,0.19,1.81,490212.61,521396.815
600036.SH,2013-07-31,10.8,10.95,10.57,10.6,10.68,-0.08,-0.75,339730.38,363813.591
600036.SH,2013-08-01,10.69,10.9,10.63,10.87,10.6,0.27,2.55,470898.6,508365.097
600036.SH,2013-08-02,10.93,11.06,10.77,10.81,10.87,-0.06,-0.55,360885.37,394147.509
600036.SH,2013-08-05,10.82,10.9,10.72,10.85,10.81,0.04,0.37,290814.6,313861.674
600036.SH,2013-08-06,10.78,10.88,10.68,10.76,10.85,-0.09,-0.83,400976.31,431419.275
600036.SH,2013-08-07,10.76,10.91,10.7,10.72,10.76,-0.04,-0.37,380693.82,411065.839
600036.SH,2013-08-08,10.7,10.93,10.69,10.75,10.72,0.03,0.28,426517.29,460570.979
600036.SH,2013-08-09,10.84,10.9,10.55,10.69,10.75,-0.06,-0.56,422536.02,452598.144
600036.SH,2013-08-12,10.8,11.06,10.69,11.05,10.69,0.36,3.37,819750.23,896354.841
600036.SH,2013-08-13,11.05,11.21,11.02,11.15,11.05,0.1,0.91,650071.81,723604.776
600036.SH,2013-08-14,11.18,11.34,11.11,11.15,11.15,0.0,0.0,544141.11,610890.31
600036.SH,2013-08-15,11.15,11.24,11.03,11.04,11.15,-0.11,-0.99,395855.71,442036.397
600036.SH,2013-08-16,11.01,12.14,10.76,10.99,11.04,-0.05,-0.45,1513499.4,1708117.924
600036.SH,2013-08-19,10.86,11.25,10.79,11.12,10.99,0.13,1.18,680192.2,749488.387
600036.SH,2013-08-20,11.09,11.36,10.97,11.03,11.12,-0.09,-0.81,815439.07,910438.148
600036.SH,2013-08-21,11.11,11.13,10.87,10.93,11.03,-0.1,-0.91,394809.26,432670.096
600036.SH,2013-08-22,10.9,11.15,10.88,10.91,10.93,-0.02,-0.18,465750.28,512270.695
600036.SH,2013-08-23,10.9,10.99,10.35,10.56,10.91,-0.35,-3.21,1181589.69,1255450.613
600036.SH,2013-08-26,10.51,10.71,10.37,10.7,10.56,0.14,1.33,1322500.73,1391616.243
600036.SH,2013-08-27,10.6,10.7,10.52,10.66,10.7,-0.04,-0.37,1035255.23,1096806.084
600036.SH,2013-09-05,10.7,10.75,10.61,10.66,10.46,0.2,1.91,1179014.6,1260903.584
600036.SH,2013-09-06,10.63,10.96,10.61,10.89,10.66,0.23,2.16,811621.53,872375.299
600036.SH,2013-09-09,11.05,11.68,11.01,11.58,10.89,0.69,6.34,2266909.91,2589324.183
600036.SH,2013-09-10,11.58,11.76,11.44,11.63,11.58,0.05,0.43,1388182.8,1611118.512
600036.SH,2013-09-11,11.61,11.84,11.53,11.62,11.63,-0.01,-0.09,1362343.54,1589758.704
600036.SH,2013-09-12,11.61,12.19,11.48,11.91,11.62,0.29,2.5,1926315.22,2285151.06
600036.SH,2013-09-13,11.86,12.03,11.71,11.82,11.91,-0.09,-0.76,1148430.23,1360865.445
600036.SH,2013-09-16,11.98,12.0,11.5,11.65,11.82,-0.17,-1.44,1058563.88,1237443.674
600036.SH,2013-09-17,11.75,11.75,11.18,11.19,11.65,-0.46,-3.95,1106656.06,1258523.71
600036.SH,2013-09-18,11.25,11.32,11.08,11.15,11.19,-0.04,-0.36,672935.85,757308.661
600036.SH,2013-09-23,11.21,11.34,11.08,11.19,11.15,0.04,0.36,798017.35,893657.027
600036.SH,2013-09-24,11.2,11.2,10.82,10.88,11.19,-0.31,-2.77,827974.26,905216.778
600036.SH,2013-09-25,10.88,11.06,10.81,10.84,10.88,-0.04,-0.37,659758.45,719786.133
600036.SH,2013-09-26,10.82,10.83,10.61,10.76,10.84,-0.08,-0.74,608277.55,650682.194
600036.SH,2013-09-27,10.73,10.81,10.7,10.8,10.76,0.04,0.37,349028.41,375127.1
600036.SH,2013-09-30,10.88,10.97,10.84,10.92,10.8,0.12,1.11,425351.31,464022.337
600036.SH,2013-10-08,10.93,10.96,10.71,10.91,10.92,-0.01,-0.09,497397.86,540080.438
600036.SH,2013-10-09,10.9,11.1,10.82,10.96,10.91,0.05,0.46,497034.17,544836.793
600036.SH,2013-10-10,10.96,10.97,10.72,10.78,10.96,-0.18,-1.64,500148.68,541470.739
600036.SH,2013-10-11,10.89,11.02,10.81,10.94,10.78,0.16,1.48,745395.37,814697.864
600036.SH,2013-10-14,10.95,10.98,10.76,10.8,10.94,-0.14,-1.28,621651.89,674276.673
600036.SH,2013-10-15,10.83,10.85,10.7,10.73,10.8,-0.07,-0.65,575931.15,619820.036
600036.SH,2013-10-16,10.73,10.82,10.68,10.73,10.73,0.0,0.0,512541.52,550416.969
600036.SH,2013-10-17,10.78,10.8,10.59,10.6,10.73,-0.13,-1.21,454981.78,486115.182
600036.SH,2013-10-18,10.63,10.72,10.6,10.63,10.6,0.03,0.28,324176.05,345615.768
600036.SH,2013-10-21,10.63,10.8,10.55,10.76,10.63,0.13,1.22,480946.72,513801.818
600036.SH,2013-10-22,10.74,10.76,10.6,10.63,10.76,-0.13,-1.21,415171.2,442237.052
600036.SH,2013-10-23,10.68,10.9,10.63,10.68,10.63,0.05,0.47,644994.1,693735.318
600036.SH,2013-10-24,10.68,10.75,10.6,10.63,10.68,-0.05,-0.47,529027.84,563986.321
600036.SH,2013-10-25,10.6,10.78,10.55,10.61,10.63,-0.02,-0.19,647078.67,690208.816
600036.SH,2013-10-28,10.62,10.64,10.55,10.62,10.61,0.01,0.09,295122.78,312652.837
600036.SH,2013-10-29,10.64,11.06,10.64,10.85,10.62,0.23,2.17,1385308.87,1502964.676
600036.SH,2013-10-30,10.9,10.92,10.75,10.91,10.85,0.06,0.55,787341.96,855045.333
600036.SH,2013-10-31,10.91,10.92,10.73,10.74,10.91,-0.17,-1.56,697792.21,754370.325
600036.SH,2013-11-01,10.87,10.95,10.79,10.91,10.74,0.17,1.58,685405.22,746239.947
600036.SH,2013-11-04,10.99,11.01,10.79,10.8,10.91,-0.11,-1.01,406417.67,442218.798
600036.SH,2013-11-05,10.79,10.79,10.58,10.75,10.8,-0.05,-0.46,641124.26,685035.385
600036.SH,2013-11-06,10.67,10.72,10.61,10.62,10.75,-0.13,-1.21,492100.76,524440.982
600036.SH,2013-11-07,10.62,10.71,10.61,10.7,10.62,0.08,0.75,381163.28,406577.743
600036.SH,2013-11-08,10.68,10.73,10.56,10.58,10.7,-0.12,-1.12,433053.19,461067.445
600036.SH,2013-11-11,10.6,10.65,10.51,10.53,10.58,-0.05,-0.47,429034.48,453035.057
600036.SH,2013-11-12,10.58,10.69,10.53,10.68,10.53,0.15,1.42,589612.49,625010.626
600036.SH,2013-11-13,10.59,10.62,10.32,10.33,10.68,-0.35,-3.28,857726.47,892881.15
600036.SH,2013-11-14,10.4,10.4,10.24,10.26,10.33,-0.07,-0.6776,497759.08,512375.166
600036.SH,2013-11-15,10.31,10.53,10.29,10.35,10.26,0.09,0.88,776158.98,808827.143
600036.SH,2013-11-18,10.44,11.39,10.41,11.34,10.35,0.99,9.57,2735360.97,2978026.019
600036.SH,2013-11-19,11.3,11.34,10.93,11.02,11.34,-0.32,-2.82,1407927.27,1563731.734
600036.SH,2013-11-20,11.11,11.17,10.87,10.95,11.02,-0.07,-0.64,916080.0,1006411.299
600036.SH,2013-11-21,10.9,10.98,10.74,10.97,10.95,0.02,0.18,1019489.17,1107262.493
600036.SH,2013-11-22,10.98,11.05,10.88,10.98,10.97,0.01,0.09,997510.19,1093041.282
600036.SH,2013-11-25,10.95,11.05,10.81,10.82,10.98,-0.16,-1.46,554199.53,606068.15
600036.SH,2013-11-26,10.84,10.91,10.8,10.83,10.82,0.01,0.09,451847.78,489637.493
600036.SH,2013-11-27,10.84,11.0,10.76,10.86,10.83,0.03,0.28,729021.48,793518.314
600036.SH,2013-11-28,10.89,11.07,10.84,10.93,10.86,0.07,0.64,715084.99,784421.79
600036.SH,2013-11-29,10.99,11.02,10.88,10.91,10.93,-0.02,-0.18,481438.73,526013.155
600036.SH,2013-12-02,10.9,11.25,10.88,11.14,10.91,0.23,2.11,1307317.73,1448882.902
600036.SH,2013-12-03,11.1,11.15,11.01,11.1,11.14,-0.04,-0.36,588632.95,652339.426
600036.SH,2013-12-04,11.07,11.25,11.03,11.13,11.1,0.03,0.27,832132.32,928299.364
600036.SH,2013-12-05,11.13,11.15,10.99,11.04,11.13,-0.09,-0.81,626447.71,691618.299
600036.SH,2013-12-06,11.0,11.01,10.87,10.98,11.04,-0.06,-0.54,613695.49,670861.166
600036.SH,2013-12-09,10.98,11.01,10.88,10.9,10.98,-0.08,-0.73,509282.52,556052.389
600036.SH,2013-12-10,11.1,11.18,10.99,11.09,10.9,0.19,1.74,1016025.74,1124642.455
600036.SH,2013-12-11,11.11,11.18,11.0,11.02,11.09,-0.07,-0.63,1105487.83,1225071.502
600036.SH,2013-12-12,11.0,11.16,10.92,10.92,11.02,-0.1,-0.91,799245.52,883957.363
600036.SH,2013-12-13,10.76,10.84,10.65,10.7,10.92,-0.22,-2.01,974082.82,1045591.558
600036.SH,2013-12-16,10.71,10.82,10.61,10.62,10.7,-0.08,-0.75,870157.42,932522.227
600036.SH,2013-12-17,10.65,10.74,10.61,10.63,10.62,0.01,0.09,578849.14,617628.972
600036.SH,2013-12-18,10.63,10.86,10.62,10.79,10.63,0.16,1.51,747025.59,803345.568
600036.SH,2013-12-19,10.84,10.88,10.68,10.7,10.79,-0.09,-0.83,657038.14,707572.715
600036.SH,2013-12-20,10.73,10.75,10.3,10.33,10.7,-0.37,-3.46,1033165.28,1084806.732
600036.SH,2013-12-23,10.41,10.45,10.25,10.27,10.33,-0.06,-0.58,781425.41,808123.252
600036.SH,2013-12-24,10.35,10.36,10.1,10.17,10.27,-0.1,-0.97,919319.59,942523.75
600036.SH,2013-12-25,10.21,10.31,10.09,10.31,10.17,0.14,1.38,942767.14,958772.185
600036.SH,2013-12-26,10.29,10.3,10.15,10.15,10.31,-0.16,-1.55,514174.97,524651.652
600036.SH,2013-12-27,10.21,10.41,10.16,10.31,10.15,0.16,1.58,705654.93,727168.139
600036.SH,2013-12-30,10.37,10.64,10.29,10.6,10.31,0.29,2.81,1041799.54,1085120.192
600036.SH,2013-12-31,10.47,11.12,10.46,10.89,10.6,0.29,2.74,2965469.57,3237763.034
600036.SH,2014-01-02,10.84,10.86,10.67,10.73,10.89,-0.16,-1.47,532564.9,571763.446
600036.SH,2014-01-03,10.65,10.68,10.4,10.51,10.73,-0.22,-2.05,585298.09,615117.102
600036.SH,2014-01-06,10.5,10.52,10.32,10.46,10.51,-0.05,-0.48,653970.3,680128.042
600036.SH,2014-01-07,10.33,10.54,10.28,10.52,10.46,0.06,0.57,542563.86,566113.066
600036.SH,2014-01-08,10.52,10.69,10.46,10.63,10.52,0.11,1.05,492937.48,522881.092
600036.SH,2014-01-09,10.61,10.76,10.61,10.7,10.63,0.07,0.66,482233.79,515210.314
600036.SH,2014-01-10,10.69,10.82,10.61,10.8,10.7,0.1,0.93,629140.98,676364.232
600036.SH,2014-01-13,10.82,10.98,10.73,10.88,10.8,0.08,0.74,779716.0,848646.197
600036.SH,2014-01-14,10.85,10.92,10.65,10.75,10.88,-0.13,-1.19,448678.87,482287.733
600036.SH,2014-01-15,10.72,10.75,10.53,10.59,10.75,-0.16,-1.49,355733.95,377633.071
600036.SH,2014-01-16,10.59,10.63,10.52,10.55,10.59,-0.04,-0.38,275924.38,291872.536
600036.SH,2014-01-17,10.53,10.58,10.41,10.57,10.55,0.02,0.19,518745.34,543888.514
600036.SH,2014-01-20,10.51,10.6,10.42,10.47,10.57,-0.1,-0.95,275378.62,289251.387
600036.SH,2014-01-21,10.54,10.68,10.48,10.53,10.47,0.06,0.57,251592.17,266298.797
600036.SH,2014-01-22,10.56,10.78,10.48,10.7,10.53,0.17,1.61,501236.56,533545.788
600036.SH,2014-01-23,10.67,10.71,10.49,10.52,10.7,-0.18,-1.68,386341.12,408076.169
600036.SH,2014-01-24,10.48,10.56,10.39,10.43,10.52,-0.09,-0.86,522641.95,546511.659
600036.SH,2014-01-27,10.4,10.43,10.28,10.33,10.43,-0.1,-0.96,470787.02,486900.304
600036.SH,2014-01-28,10.35,10.47,10.34,10.44,10.33,0.11,1.06,397578.24,414104.442
600036.SH,2014-01-29,10.48,10.56,10.44,10.51,10.44,0.07,0.67,285381.61,299746.182
600036.SH,2014-01-30,10.49,10.49,10.32,10.36,10.51,-0.15,-1.43,265392.7,275494.769
600036.SH,2014-02-07,10.3,10.37,10.24,10.33,10.36,-0.03,-0.29,320835.38,329823.157
600036.SH,2014-02-10,10.37,10.44,10.35,10.43,10.33,0.1,0.97,542959.43,564957.015
600036.SH,2014-02-11,10.4,10.74,10.33,10.57,10.43,0.14,1.34,1084733.85,1144880.502
600036.SH,2014-02-12,10.57,10.65,10.48,10.51,10.57,-0.06,-0.57,538027.91,566714.782
600036.SH,2014-02-13,10.47,10.75,10.43,10.53,10.51,0.02,0.19,971381.32,1027621.726
600036.SH,2014-02-14,10.53,10.58,10.45,10.52,10.53,-0.01,-0.1,422660.01,443898.443
600036.SH,2014-02-17,10.6,10.64,10.47,10.51,10.52,-0.01,-0.1,619647.7,652124.682
600036.SH,2014-02-18,10.51,10.51,10.3,10.32,10.51,-0.19,-1.81,719371.58,746349.571
600036.SH,2014-02-19,10.32,10.59,10.28,10.51,10.32,0.19,1.84,1095953.04,1143138.292
600036.SH,2014-02-20,10.51,10.61,10.34,10.35,10.51,-0.16,-1.52,666546.32,697343.021
600036.SH,2014-02-21,10.35,10.45,10.26,10.32,10.35,-0.03,-0.29,514326.37,531421.703
600036.SH,2014-02-24,10.27,10.27,10.05,10.08,10.32,-0.24,-2.33,844298.35,854470.067
600036.SH,2014-02-25,10.1,10.14,9.88,9.94,10.08,-0.14,-1.39,843107.29,845056.331
600036.SH,2014-02-26,9.9,10.08,9.89,10.02,9.94,0.08,0.8,423550.51,422574.594
600036.SH,2014-02-27,10.04,10.06,9.88,10.02,10.02,0.0,0.0,641572.74,640432.18
600036.SH,2014-02-28,10.0,10.06,9.83,9.93,10.02,-0.09,-0.9,627759.82,623305.293
600036.SH,2014-03-03,9.86,9.89,9.77,9.82,9.93,-0.11,-1.11,783099.42,768373.33
600036.SH,2014-03-04,9.8,9.8,9.66,9.75,9.82,-0.07,-0.71,748678.61,727027.914
600036.SH,2014-03-05,9.77,9.77,9.62,9.63,9.75,-0.12,-1.23,579111.38,560459.182
600036.SH,2014-03-06,9.62,9.78,9.6,9.73,9.63,0.1,1.04,549303.68,532547.454
600036.SH,2014-03-07,9.73,9.84,9.65,9.68,9.73,-0.05,-0.51,548203.26,533628.721
600036.SH,2014-03-10,9.61,9.63,9.45,9.47,9.68,-0.21,-2.17,709131.13,675011.729
600036.SH,2014-03-11,9.47,9.53,9.41,9.49,9.47,0.02,0.21,413460.48,391277.496
600036.SH,2014-03-12,9.46,9.67,9.42,9.61,9.49,0.12,1.26,586955.29,560385.911
600036.SH,2014-03-13,9.64,9.86,9.58,9.67,9.61,0.06,0.62,700617.95,680872.316
600036.SH,2014-03-14,9.64,9.64,9.5,9.56,9.67,-0.11,-1.14,577446.24,551561.36
600036.SH,2014-03-17,9.63,9.66,9.52,9.59,9.56,0.03,0.31,352786.57,338292.944
600036.SH,2014-03-18,9.58,9.68,9.56,9.59,9.59,0.0,0.0,448027.41,430280.107
600036.SH,2014-03-19,9.56,9.56,9.49,9.55,9.59,-0.04,-0.42,305359.82,290635.376
600036.SH,2014-03-20,9.55,9.63,9.45,9.46,9.55,-0.09,-0.94,363313.08,346938.421
600036.SH,2014-03-21,9.46,9.9,9.44,9.84,9.46,0.38,4.02,1143719.52,1111471.738
600036.SH,2014-03-24,9.85,9.88,9.74,9.84,9.84,0.0,0.0,798450.91,784583.251
600036.SH,2014-03-25,9.84,9.9,9.76,9.79,9.84,-0.05,-0.51,419015.49,410810.478
600036.SH,2014-03-26,9.82,9.85,9.77,9.8,9.79,0.01,0.1,336327.21,329655.919
600036.SH,2014-03-27,9.8,9.93,9.67,9.79,9.8,-0.01,-0.1,728401.67,714877.697
600036.SH,2014-03-28,9.79,9.92,9.77,9.86,9.79,0.07,0.72,675623.92,665062.164
600036.SH,2014-03-31,9.85,9.9,9.72,9.82,9.86,-0.04,-0.41,539220.86,529273.316
600036.SH,2014-04-01,9.81,9.93,9.78,9.88,9.82,0.06,0.61,405535.3,400451.164
600036.SH,2014-04-02,9.88,10.01,9.86,9.97,9.88,0.09,0.91,469731.44,466611.152
600036.SH,2014-04-03,10.0,10.05,9.85,9.88,9.97,-0.09,-0.9,376115.36,374082.28
600036.SH,2014-04-04,9.84,9.96,9.8,9.95,9.88,0.07,0.71,289837.15,286708.979
600036.SH,2014-04-08,9.95,10.39,9.95,10.24,9.95,0.29,2.91,1256475.4,1279344.668
600036.SH,2014-04-09,10.23,10.29,10.16,10.18,10.24,-0.06,-0.59,495461.99,505351.296
600036.SH,2014-04-10,10.2,10.58,10.13,10.41,10.18,0.23,2.26,1257410.22,1303872.082
600036.SH,2014-04-11,10.4,10.45,10.3,10.39,10.41,-0.02,-0.19,837004.5,867866.651
600036.SH,2014-04-14,10.39,10.48,10.22,10.31,10.39,-0.08,-0.77,445360.83,459224.784
600036.SH,2014-04-15,10.25,10.27,10.01,10.06,10.31,-0.25,-2.42,558988.3,565140.307
600036.SH,2014-04-16,10.05,10.17,10.02,10.11,10.06,0.05,0.5,323000.28,326676.29
600036.SH,2014-04-17,10.15,10.19,10.07,10.09,10.11,-0.02,-0.2,249855.43,252693.871
600036.SH,2014-04-18,10.03,10.1,9.93,10.01,10.09,-0.08,-0.79,449418.78,449241.262
600036.SH,2014-04-21,9.96,10.06,9.82,9.84,10.01,-0.17,-1.7,452250.74,449874.816
600036.SH,2014-04-22,9.84,9.98,9.82,9.94,9.84,0.1,1.02,397713.33,393671.404
600036.SH,2014-04-23,9.93,10.03,9.91,9.93,9.94,-0.01,-0.1,396644.68,395213.886
600036.SH,2014-04-24,9.97,10.11,9.92,9.99,9.93,0.06,0.6,415197.36,416229.4
600036.SH,2014-04-25,10.08,10.24,9.99,10.07,9.99,0.08,0.8,728270.04,738460.763
600036.SH,2014-04-28,10.14,10.17,9.98,10.06,10.07,-0.01,-0.1,577432.08,580640.166
600036.SH,2014-04-29,10.08,10.15,9.99,10.11,10.06,0.05,0.5,559273.83,562876.288
600036.SH,2014-04-30,10.12,10.14,10.02,10.03,10.11,-0.08,-0.79,384652.22,386563.164
600036.SH,2014-05-05,10.0,10.02,9.79,9.94,10.03,-0.09,-0.9,560112.94,554555.885
600036.SH,2014-05-06,9.92,10.0,9.85,9.87,9.94,-0.07,-0.7,249921.88,247781.577
600036.SH,2014-05-07,9.87,9.92,9.85,9.86,9.87,-0.01,-0.1,331782.36,327641.185
600036.SH,2014-05-08,9.86,10.04,9.83,9.89,9.86,0.03,0.3,347424.36,344841.531
600036.SH,2014-05-09,9.93,9.98,9.89,9.91,9.89,0.02,0.2,289613.56,287586.109
600036.SH,2014-05-12,9.96,10.08,9.92,10.03,9.91,0.12,1.21,465850.65,466818.873
600036.SH,2014-05-13,10.03,10.04,9.96,9.99,10.03,-0.04,-0.4,240246.03,240029.863
600036.SH,2014-05-14,10.0,10.06,9.97,9.99,9.99,0.0,0.0,284904.02,285183.154
600036.SH,2014-05-15,9.99,10.04,9.96,9.98,9.99,-0.01,-0.1,263203.72,263260.42
600036.SH,2014-05-16,10.03,10.07,9.98,10.03,9.98,0.05,0.5,380200.72,381636.828
600036.SH,2014-05-19,10.0,10.02,9.79,9.86,10.03,-0.17,-1.69,509744.52,503707.206
600036.SH,2014-05-20,9.87,9.93,9.83,9.88,9.86,0.02,0.2,254929.73,251840.078
600036.SH,2014-05-21,9.81,9.97,9.81,9.95,9.88,0.07,0.71,206924.94,205035.396
600036.SH,2014-05-22,9.95,10.1,9.93,9.96,9.95,0.01,0.1,345990.0,346700.96
600036.SH,2014-05-23,9.99,10.08,9.96,10.07,9.96,0.11,1.1,253655.22,254501.408
600036.SH,2014-05-26,10.15,10.16,10.04,10.08,10.07,0.01,0.1,360808.33,364689.583
600036.SH,2014-05-27,10.08,10.17,10.05,10.11,10.08,0.03,0.3,408484.82,413653.742
600036.SH,2014-05-28,10.11,10.21,10.09,10.2,10.11,0.09,0.89,451230.41,458678.223
600036.SH,2014-05-29,10.22,10.25,10.15,10.15,10.2,-0.05,-0.49,395608.77,403560.34
600036.SH,2014-05-30,10.15,10.24,10.13,10.15,10.15,0.0,0.0,220714.95,224765.214
600036.SH,2014-06-03,10.14,10.27,10.07,10.18,10.15,0.03,0.3,362995.31,369877.121
600036.SH,2014-06-04,10.19,10.2,10.06,10.1,10.18,-0.08,-0.79,274626.46,277448.825
600036.SH,2014-06-05,10.12,10.18,10.03,10.16,10.1,0.06,0.59,399444.13,403018.011
600036.SH,2014-06-06,10.16,10.16,9.94,10.0,10.16,-0.16,-1.57,575421.95,576728.441
600036.SH,2014-06-09,9.96,10.14,9.96,10.0,10.0,0.0,0.0,424593.04,426219.842
600036.SH,2014-06-10,10.06,10.16,9.99,10.15,10.0,0.15,1.5,694025.68,699032.63
600036.SH,2014-06-11,10.12,10.19,10.07,10.12,10.15,-0.03,-0.3,372119.58,376400.136
600036.SH,2014-06-12,10.1,10.12,10.04,10.07,10.12,-0.05,-0.49,338853.9,341458.386
600036.SH,2014-06-13,10.06,10.27,10.05,10.22,10.07,0.15,1.49,712121.84,725381.638
600036.SH,2014-06-16,10.23,10.46,10.17,10.39,10.22,0.17,1.66,907402.21,937827.554
600036.SH,2014-06-17,10.38,10.38,10.27,10.32,10.39,-0.07,-0.67,502604.16,518131.486
600036.SH,2014-06-18,10.32,10.37,10.24,10.25,10.32,-0.07,-0.68,427681.45,441140.921
600036.SH,2014-06-19,10.3,10.32,10.15,10.19,10.25,-0.06,-0.59,448412.98,458547.144
600036.SH,2014-06-20,10.2,10.24,10.15,10.21,10.19,0.02,0.2,452401.67,461205.779
600036.SH,2014-06-23,10.21,10.22,10.09,10.1,10.21,-0.11,-1.08,413421.12,419972.079
600036.SH,2014-06-24,10.1,10.19,10.09,10.18,10.1,0.08,0.79,318114.65,323067.126
600036.SH,2014-06-25,10.18,10.19,10.11,10.14,10.18,-0.04,-0.39,306744.36,310961.069
600036.SH,2014-06-26,10.17,10.28,10.15,10.24,10.14,0.1,0.99,371089.56,379071.518
600036.SH,2014-06-27,10.21,10.26,10.16,10.18,10.24,-0.06,-0.59,407411.51,415510.394
600036.SH,2014-06-30,10.18,10.26,10.18,10.24,10.18,0.06,0.59,390666.95,399105.978
600036.SH,2014-07-01,10.25,10.28,10.2,10.23,10.24,-0.01,-0.1,338596.62,346594.411
600036.SH,2014-07-02,10.23,10.28,10.22,10.26,10.23,0.03,0.29,382684.56,392486.568
600036.SH,2014-07-03,10.27,10.35,10.25,10.34,10.26,0.08,0.78,551895.22,569267.366
600036.SH,2014-07-04,10.33,10.37,10.31,10.34,10.34,0.0,0.0,329355.45,340479.293
600036.SH,2014-07-07,10.34,10.36,10.3,10.32,10.34,-0.02,-0.19,321830.68,332206.223
600036.SH,2014-07-08,10.32,10.39,10.3,10.37,10.32,0.05,0.48,366791.26,379699.46
600036.SH,2014-07-09,10.36,10.37,10.22,10.24,10.37,-0.13,-1.25,504461.07,519080.031
600036.SH,2014-07-10,10.25,10.32,10.25,10.26,10.24,0.02,0.2,425212.7,436831.183
600036.SH,2014-07-11,9.65,9.74,9.63,9.69,9.64,0.05,0.52,488737.43,473621.4
600036.SH,2014-07-14,9.69,9.75,9.64,9.75,9.69,0.06,0.62,464433.75,450155.983
600036.SH,2014-07-15,9.75,9.79,9.71,9.78,9.75,0.03,0.31,449031.97,437770.961
600036.SH,2014-07-16,9.78,9.84,9.74,9.79,9.78,0.01,0.1,456930.63,447191.948
600036.SH,2014-07-17,9.79,9.79,9.71,9.74,9.79,-0.05,-0.51,299212.79,291821.817
600036.SH,2014-07-18,9.74,9.83,9.72,9.79,9.74,0.05,0.51,458729.84,449290.944
600036.SH,2014-07-21,9.79,9.82,9.75,9.81,9.79,0.02,0.2,306667.47,300017.771
600036.SH,2014-07-22,9.82,10.06,9.79,9.98,9.81,0.17,1.73,909242.66,905711.755
600036.SH,2014-07-23,9.97,10.13,9.96,10.07,9.98,0.09,0.9,787754.25,794073.387
600036.SH,2014-07-24,10.07,10.4,10.07,10.34,10.07,0.27,2.68,1416128.39,1460972.716
600036.SH,2014-07-25,10.38,10.5,10.37,10.49,10.34,0.15,1.45,775555.87,809852.263
600036.SH,2014-07-28,10.58,11.03,10.58,10.97,10.49,0.48,4.58,1780572.1,1939612.897
600036.SH,2014-07-29,10.98,11.14,10.91,11.03,10.97,0.06,0.55,1061171.17,1168891.111
600036.SH,2014-07-30,11.03,11.17,10.92,10.99,11.03,-0.04,-0.36,888114.5,979789.731
600036.SH,2014-07-31,10.93,11.08,10.89,11.07,10.99,0.08,0.73,698959.97,767160.079
600036.SH,2014-08-01,11.03,11.32,10.99,11.02,11.07,-0.05,-0.45,968192.51,1076877.997
600036.SH,2014-08-04,11.02,11.25,11.0,11.25,11.02,0.23,2.09,811925.14,904460.972
600036.SH,2014-08-05,11.24,11.25,11.11,11.18,11.25,-0.07,-0.62,632376.88,705835.011
600036.SH,2014-08-06,11.1,11.1,10.9,10.98,11.18,-0.2,-1.79,854254.99,938016.211
600036.SH,2014-08-07,10.93,11.07,10.72,10.74,10.98,-0.24,-2.19,756617.54,821957.637
600036.SH,2014-08-08,10.79,10.85,10.69,10.83,10.74,0.09,0.84,588700.29,633995.23
600036.SH,2014-08-11,10.86,11.12,10.84,11.08,10.83,0.25,2.31,614892.79,676379.252
600036.SH,2014-08-12,10.98,11.03,10.87,10.91,11.08,-0.17,-1.53,560070.16,611588.232
600036.SH,2014-08-13,10.91,11.0,10.8,10.83,10.91,-0.08,-0.73,629019.88,683507.734
600036.SH,2014-08-14,10.83,10.93,10.67,10.74,10.83,-0.09,-0.83,905361.18,972743.103
600036.SH,2014-08-15,10.73,10.86,10.67,10.79,10.74,0.05,0.47,574984.29,619359.129
600036.SH,2014-08-18,10.8,10.88,10.76,10.8,10.79,0.01,0.09,482833.16,521746.279
600036.SH,2014-08-19,10.8,10.82,10.7,10.78,10.8,-0.02,-0.19,420857.21,452326.99
600036.SH,2014-08-20,10.74,10.78,10.68,10.72,10.78,-0.06,-0.56,350769.89,375835.718
600036.SH,2014-08-21,10.72,10.72,10.51,10.6,10.72,-0.12,-1.12,549423.72,581428.133
600036.SH,2014-08-22,10.56,10.73,10.53,10.71,10.6,0.11,1.04,402055.74,429221.802
600036.SH,2014-08-25,10.72,10.74,10.53,10.58,10.71,-0.13,-1.21,400540.04,424399.053
600036.SH,2014-08-26,10.58,10.64,10.53,10.6,10.58,0.02,0.19,376545.64,398686.421
600036.SH,2014-08-27,10.56,10.63,10.51,10.57,10.6,-0.03,-0.28,372057.32,392871.921
600036.SH,2014-08-28,10.57,10.57,10.43,10.47,10.57,-0.1,-0.95,532492.98,558340.397
600036.SH,2014-08-29,10.53,10.57,10.45,10.56,10.47,0.09,0.86,311516.13,327255.953
600036.SH,2014-09-01,10.59,10.61,10.5,10.54,10.56,-0.02,-0.19,446646.46,471342.245
600036.SH,2014-09-02,10.56,10.72,10.47,10.69,10.54,0.15,1.42,850663.25,899627.563
600036.SH,2014-09-03,10.68,10.84,10.66,10.78,10.69,0.09,0.84,821786.89,885389.863
600036.SH,2014-09-04,10.79,10.87,10.72,10.83,10.78,0.05,0.46,581841.96,627802.35
600036.SH,2014-09-05,10.86,10.95,10.85,10.93,10.83,0.1,0.92,711097.42,775337.089
600036.SH,2014-09-09,10.93,10.97,10.79,10.8,10.93,-0.13,-1.19,526756.17,571253.556
600036.SH,2014-09-10,10.7,10.79,10.66,10.71,10.8,-0.09,-0.83,470452.1,504221.911
600036.SH,2014-09-11,10.7,10.81,10.62,10.63,10.71,-0.08,-0.75,770928.85,824640.184
600036.SH,2014-09-12,10.61,10.7,10.58,10.69,10.63,0.06,0.56,372888.34,396399.546
600036.SH,2014-09-15,10.61,10.66,10.56,10.62,10.69,-0.07,-0.65,582191.54,617237.573
600036.SH,2014-09-16,10.63,10.75,10.56,10.58,10.62,-0.04,-0.38,831012.08,884221.959
600036.SH,2014-09-17,10.65,10.66,10.52,10.58,10.58,0.0,0.0,615920.07,651655.932
600036.SH,2014-09-18,10.53,10.66,10.49,10.57,10.58,-0.01,-0.09,772945.58,816814.748
600036.SH,2014-09-19,10.56,10.64,10.53,10.62,10.57,0.05,0.47,596316.06,631467.553
600036.SH,2014-09-22,10.56,10.57,10.32,10.36,10.62,-0.26,-2.45,786710.55,820337.552
600036.SH,2014-09-23,10.35,10.43,10.31,10.39,10.36,0.03,0.29,517968.48,537216.308
600036.SH,2014-09-24,10.34,10.6,10.33,10.57,10.39,0.18,1.73,859530.89,901598.409
600036.SH,2014-09-25,10.65,10.66,10.46,10.5,10.57,-0.07,-0.66,736184.11,777900.978
600036.SH,2014-09-26,10.47,10.51,10.4,10.45,10.5,-0.05,-0.48,426162.36,444799.614
600036.SH,2014-09-29,10.45,10.48,10.36,10.4,10.45,-0.05,-0.48,748088.7,778930.624
600036.SH,2014-09-30,10.41,10.44,10.36,10.39,10.4,-0.01,-0.1,539375.11,560313.594
600036.SH,2014-10-08,10.41,10.46,10.35,10.45,10.39,0.06,0.58,808766.68,841797.715
600036.SH,2014-10-09,10.45,10.54,10.4,10.45,10.45,0.0,0.0,812066.41,849495.686
600036.SH,2014-10-10,10.41,10.52,10.39,10.47,10.45,0.02,0.19,730453.11,761639.37
600036.SH,2014-10-13,10.41,10.47,10.35,10.42,10.47,-0.05,-0.48,651393.27,676177.839
600036.SH,2014-10-14,10.39,10.44,10.34,10.36,10.42,-0.06,-0.58,542721.42,563688.115
600036.SH,2014-10-15,10.34,10.42,10.31,10.42,10.36,0.06,0.58,524514.47,543927.125
600036.SH,2014-10-16,10.37,10.52,10.34,10.39,10.42,-0.03,-0.29,860607.16,898740.512
600036.SH,2014-10-17,10.39,10.45,10.32,10.37,10.39,-0.02,-0.19,579617.6,601332.598
600036.SH,2014-10-20,10.42,10.43,10.35,10.39,10.37,0.02,0.19,451237.22,468389.582
600036.SH,2014-10-21,10.39,10.42,10.36,10.37,10.39,-0.02,-0.19,517767.18,537789.469
600036.SH,2014-10-22,10.37,10.43,10.35,10.36,10.37,-0.01,-0.1,690877.17,717813.692
600036.SH,2014-10-23,10.36,10.44,10.35,10.39,10.36,0.03,0.29,734758.2,764449.859
600036.SH,2014-10-24,10.4,10.45,10.35,10.36,10.39,-0.03,-0.29,658307.25,684756.974
600036.SH,2014-10-27,10.33,10.34,10.13,10.16,10.36,-0.2,-1.93,897505.48,918395.77
600036.SH,2014-10-28,10.19,10.29,10.16,10.28,10.16,0.12,1.18,841953.39,860058.021
600036.SH,2014-10-29,10.29,10.45,10.27,10.38,10.28,0.1,0.97,948177.7,981755.264
600036.SH,2014-10-30,10.39,10.52,10.36,10.47,10.38,0.09,0.87,984867.32,1027105.402
600036.SH,2014-10-31,10.51,10.92,10.5,10.8,10.47,0.33,3.15,2309662.57,2473009.806
600036.SH,2014-11-03,10.85,10.87,10.66,10.69,10.8,-0.11,-1.02,1075853.73,1153898.041
600036.SH,2014-11-04,10.67,10.67,10.57,10.6,10.69,-0.09,-0.84,810870.6,859952.824
600036.SH,2014-11-05,10.58,10.62,10.5,10.51,10.6,-0.09,-0.85,580824.64,612081.12
600036.SH,2014-11-06,10.59,10.59,10.51,10.55,10.51,0.04,0.38,501132.68,528946.966
600036.SH,2014-11-07,10.55,10.79,10.51,10.57,10.55,0.02,0.19,1426038.09,1515546.415
600036.SH,2014-11-10,10.74,10.8,10.6,10.76,10.57,0.19,1.8,1393278.22,1489651.182
600036.SH,2014-11-11,10.79,11.24,10.77,11.02,10.76,0.26,2.42,3737211.25,4110827.469
600036.SH,2014-11-12,10.91,11.0,10.81,10.99,11.02,-0.03,-0.27,1385872.03,1510470.498
600036.SH,2014-11-13,11.02,11.16,10.91,10.97,10.99,-0.02,-0.18,1546529.96,1704236.471
600036.SH,2014-11-14,10.93,10.98,10.78,10.92,10.97,-0.05,-0.46,885592.23,962463.805
600036.SH,2014-11-17,11.02,11.08,10.8,10.8,10.92,-0.12,-1.1,985932.24,1075277.762
600036.SH,2014-11-18,10.81,10.84,10.57,10.63,10.8,-0.17,-1.57,1110287.41,1185806.968
600036.SH,2014-11-19,10.61,10.68,10.6,10.64,10.63,0.01,0.09,617485.24,656843.448
600036.SH,2014-11-20,10.6,10.69,10.55,10.59,10.64,-0.05,-0.47,870999.43,924188.525
600036.SH,2014-11-21,10.62,10.85,10.56,10.8,10.59,0.21,1.98,1227197.71,1314595.679
600036.SH,2014-11-24,10.67,10.95,10.63,10.86,10.8,0.06,0.56,1979351.78,2134532.929
600036.SH,2014-11-25,10.85,11.21,10.81,11.11,10.86,0.25,2.3,2219522.13,2438717.312
600036.SH,2014-11-26,11.12,11.36,11.09,11.33,11.11,0.22,1.98,2786578.26,3133243.186
600036.SH,2014-11-27,11.4,11.56,11.24,11.4,11.33,0.07,0.62,2565696.55,2924452.512
600036.SH,2014-11-28,11.39,12.3,11.25,12.15,11.4,0.75,6.58,5052034.57,5995501.923
600036.SH,2014-12-01,12.16,12.55,11.91,12.11,12.15,-0.04,-0.33,3657728.74,4468664.147
600036.SH,2014-12-02,11.97,13.0,11.93,12.7,12.11,0.59,4.87,3861348.1,4800512.956
600036.SH,2014-12-03,12.76,13.13,12.39,12.65,12.7,-0.05,-0.39,4230860.62,5419273.81
600036.SH,2014-12-04,12.85,13.88,12.7,13.64,12.65,0.99,7.83,4876202.97,6530002.197
600036.SH,2014-12-05,13.9,14.5,13.3,13.95,13.64,0.31,2.27,6397785.72,8897229.922
600036.SH,2014-12-08,13.8,14.25,13.42,13.96,13.95,0.01,0.07,7204279.41,10009732.271
600036.SH,2014-12-09,13.7,14.6,12.7,13.04,13.96,-0.92,-6.59,7594923.85,10657924.417
600036.SH,2014-12-10,13.16,14.2,12.55,14.12,13.04,1.08,8.28,5472089.36,7346901.435
600036.SH,2014-12-11,14.29,14.96,13.92,14.24,14.12,0.12,0.85,5959062.84,8598092.851
600036.SH,2014-12-12,14.04,14.44,13.62,13.91,14.24,-0.33,-2.32,3769473.24,5295825.571
600036.SH,2014-12-15,13.71,13.71,13.31,13.62,13.91,-0.29,-2.08,2354855.73,3178107.401
600036.SH,2014-12-16,13.59,14.21,13.48,14.2,13.62,0.58,4.26,3827980.37,5336939.663
600036.SH,2014-12-17,14.25,15.47,13.98,15.1,14.2,0.9,6.34,8431933.78,12458079.008
600036.SH,2014-12-18,15.12,15.2,14.6,14.73,15.1,-0.37,-2.45,4161166.0,6197378.386
600036.SH,2014-12-19,14.75,15.16,14.46,14.92,14.73,0.19,1.29,3494293.3,5197509.434
600036.SH,2014-12-22,15.0,16.0,14.93,15.37,14.92,0.45,3.02,5664355.78,8786102.134
600036.SH,2014-12-23,15.1,15.66,14.63,15.03,15.37,-0.34,-2.21,4348084.7,6650626.959
600036.SH,2014-12-24,15.0,15.01,14.0,14.3,15.03,-0.73,-4.86,3990704.78,5760088.378
600036.SH,2014-12-25,14.51,14.97,14.34,14.76,14.3,0.46,3.22,3680294.83,5389585.022
600036.SH,2014-12-26,14.88,15.38,14.71,15.34,14.76,0.58,3.93,4229379.6,6383178.728
600036.SH,2014-12-29,15.89,16.23,15.01,15.29,15.34,-0.05,-0.33,5290367.6,8302399.327
600036.SH,2014-12-30,15.39,15.84,15.31,15.68,15.29,0.39,2.55,3911958.44,6098380.151
600036.SH,2014-12-31,15.64,16.62,15.46,16.59,15.68,0.91,5.8,6671289.53,10694251.675
600036.SH,2015-01-05,16.56,17.07,16.25,16.68,16.59,0.09,0.54,5001871.28,8302084.428
600036.SH,2015-01-06,16.4,17.2,16.29,16.42,16.68,-0.26,-1.56,4268772.34,7100974.463
600036.SH,2015-01-07,16.2,16.56,15.94,16.16,16.42,-0.26,-1.58,2961696.04,4806397.453
600036.SH,2015-01-08,16.25,16.34,15.53,15.57,16.16,-0.59,-3.65,2929211.1,4621824.801
600036.SH,2015-01-09,15.56,16.56,15.36,15.71,15.57,0.14,0.9,4613634.97,7356771.842
600036.SH,2015-01-12,15.7,15.9,15.2,15.6,15.71,-0.11,-0.7,2870027.87,4465049.959
600036.SH,2015-01-13,15.52,15.78,15.35,15.43,15.6,-0.17,-1.09,1702516.1,2646920.635
600036.SH,2015-01-14,15.57,15.9,15.5,15.71,15.43,0.28,1.81,2271408.65,3573843.577
600036.SH,2015-01-15,15.71,16.19,15.6,16.18,15.71,0.47,2.99,2646841.68,4216830.599
600036.SH,2015-01-16,16.27,16.5,16.07,16.24,16.18,0.06,0.37,3125507.22,5096707.054
600036.SH,2015-01-19,14.62,15.4,14.62,14.63,16.24,-1.61,-9.91,4990406.02,7432124.883
600036.SH,2015-01-20,14.75,14.98,14.34,14.64,14.63,0.01,0.07,3044808.93,4468888.256
600036.SH,2015-01-21,14.8,15.47,14.59,15.3,14.64,0.66,4.51,3470440.52,5208895.152
600036.SH,2015-01-22,15.3,15.31,14.96,15.13,15.3,-0.17,-1.11,2156662.87,3267085.618
600036.SH,2015-01-23,15.23,15.5,15.11,15.17,15.13,0.04,0.26,2494226.6,3814173.081
600036.SH,2015-01-26,15.19,15.24,14.87,15.03,15.17,-0.14,-0.92,1780964.42,2671404.494
600036.SH,2015-01-27,15.05,15.1,14.45,14.71,15.03,-0.32,-2.13,2569419.22,3785792.881
600036.SH,2015-01-28,14.6,14.84,14.41,14.53,14.71,-0.18,-1.22,1741448.15,2541837.336
600036.SH,2015-01-29,14.31,14.43,14.15,14.37,14.53,-0.16,-1.1,1775306.85,2541569.62
600036.SH,2015-01-30,14.43,14.62,14.2,14.34,14.37,-0.03,-0.21,1818087.21,2625624.647
600036.SH,2015-02-02,13.98,14.3,13.86,14.09,14.34,-0.25,-1.74,1557868.28,2200454.412
600036.SH,2015-02-03,14.35,14.6,14.2,14.57,14.09,0.48,3.41,1748843.21,2516020.347
600036.SH,2015-02-04,14.6,14.72,14.28,14.3,14.57,-0.27,-1.85,1296214.66,1886445.069
600036.SH,2015-02-05,15.0,15.05,14.3,14.32,14.3,0.02,0.14,3370617.02,4973382.058
600036.SH,2015-02-06,14.28,14.58,14.15,14.25,14.32,-0.07,-0.49,1638355.9,2356073.404
600036.SH,2015-02-09,14.25,14.54,14.0,14.41,14.25,0.16,1.12,1719246.98,2454553.655
600036.SH,2015-02-10,14.47,14.75,14.33,14.66,14.41,0.25,1.73,1535259.79,2238448.213
600036.SH,2015-02-11,14.69,14.79,14.56,14.64,14.66,-0.02,-0.14,935841.14,1372191.501
600036.SH,2015-02-12,14.69,14.7,14.38,14.57,14.64,-0.07,-0.48,807480.86,1173109.185
600036.SH,2015-02-13,14.62,14.85,14.51,14.63,14.57,0.06,0.41,1504714.74,2211523.668
600036.SH,2015-02-16,14.4,14.49,14.3,14.46,14.63,-0.17,-1.16,1333875.16,1920460.647
600036.SH,2015-02-17,14.45,14.61,14.41,14.52,14.46,0.06,0.41,923713.1,1343475.258
600036.SH,2015-02-25,14.5,14.54,14.18,14.3,14.52,-0.22,-1.52,1267476.41,1821660.432
600036.SH,2015-02-26,14.29,14.73,14.19,14.67,14.3,0.37,2.59,1559566.28,2262725.598
600036.SH,2015-02-27,14.7,15.0,14.65,14.7,14.67,0.03,0.2,1456164.95,2157812.856
600036.SH,2015-03-02,14.78,14.83,14.41,14.57,14.7,-0.13,-0.88,2192373.46,3192258.937
600036.SH,2015-03-03,14.48,14.51,14.15,14.17,14.57,-0.4,-2.75,1744176.4,2494347.046
600036.SH,2015-03-04,14.33,14.33,14.1,14.21,14.17,0.04,0.28,1259207.07,1787542.456
600036.SH,2015-03-05,14.04,14.11,13.81,13.91,14.21,-0.3,-2.11,1735485.64,2421469.921
600036.SH,2015-03-06,13.92,14.09,13.91,14.05,13.91,0.14,1.01,1021773.8,1432408.218
600036.SH,2015-03-09,14.06,14.87,13.8,14.68,14.05,0.63,4.48,3161251.24,4551189.243
600036.SH,2015-03-10,14.49,14.59,14.23,14.29,14.68,-0.39,-2.66,1862956.51,2677735.377
600036.SH,2015-03-11,14.35,14.73,14.31,14.45,14.29,0.16,1.12,1681848.44,2440618.094
600036.SH,2015-03-12,14.75,15.43,14.59,15.13,14.45,0.68,4.71,3830028.8,5746567.418
600036.SH,2015-03-13,15.17,15.55,15.03,15.1,15.13,-0.03,-0.2,2813042.28,4299112.51
600036.SH,2015-03-16,15.27,15.46,15.04,15.36,15.1,0.26,1.72,2218602.48,3387764.84
600036.SH,2015-03-17,15.41,15.5,15.25,15.41,15.36,0.05,0.33,2394924.56,3679377.693
600036.SH,2015-03-18,15.41,15.77,15.35,15.74,15.41,0.33,2.14,2460585.11,3827652.102
600036.SH,2015-03-19,15.74,15.9,15.47,15.68,15.74,-0.06,-0.38,2345900.51,3665620.544
600036.SH,2015-03-20,15.67,15.96,15.33,15.69,15.68,0.01,0.06,3149957.66,4929184.044
600036.SH,2015-03-23,15.82,15.89,15.63,15.79,15.69,0.1,0.64,2462740.47,3881893.316
600036.SH,2015-03-24,15.78,15.8,15.54,15.56,15.79,-0.23,-1.46,2637191.25,4123151.625
600036.SH,2015-03-25,15.42,15.52,15.06,15.16,15.56,-0.4,-2.57,2167538.37,3310645.786
600036.SH,2015-03-26,15.08,15.42,14.98,15.22,15.16,0.06,0.4,1807993.41,2750283.751
600036.SH,2015-03-27,15.22,15.43,15.1,15.26,15.22,0.04,0.26,1542870.74,2350890.788
600036.SH,2015-03-30,15.42,15.83,15.3,15.74,15.26,0.48,3.15,3044764.23,4760224.446
600036.SH,2015-03-31,15.95,16.41,15.45,15.57,15.74,-0.17,-1.08,4025621.74,6407352.431
600036.SH,2015-04-01,15.59,15.91,15.55,15.73,15.57,0.16,1.03,2439661.15,3830336.787
600036.SH,2015-04-02,15.9,15.98,15.45,15.66,15.73,-0.07,-0.45,2389555.01,3744579.628
600036.SH,2015-04-13,17.23,17.23,17.23,17.23,15.66,1.57,10.03,553073.05,952944.865
600036.SH,2015-04-14,17.97,17.97,17.37,17.48,17.23,0.25,1.45,6585476.88,11626314.056
600036.SH,2015-04-15,17.43,18.29,17.36,17.87,17.48,0.39,2.23,4374860.39,7851853.406
600036.SH,2015-04-16,17.87,18.84,17.76,18.81,17.87,0.94,5.26,4049866.03,7365508.017
600036.SH,2015-04-17,18.96,19.45,18.28,18.32,18.81,-0.49,-2.61,5436755.23,10204446.179
600036.SH,2015-04-20,18.7,18.7,17.6,17.81,18.32,-0.51,-2.78,5308511.12,9699567.902
600036.SH,2015-04-21,17.96,18.18,17.82,18.17,17.81,0.36,2.02,2635424.25,4748971.269
600036.SH,2015-04-22,18.47,18.5,18.06,18.41,18.17,0.24,1.32,3408396.56,6247865.406
600036.SH,2015-04-23,18.5,18.67,18.07,18.17,18.41,-0.24,-1.3,2737717.69,5015812.302
600036.SH,2015-04-24,17.88,18.1,17.41,17.7,18.17,-0.47,-2.59,2917599.71,5184168.791
600036.SH,2015-04-27,17.8,18.6,17.8,18.44,17.7,0.74,4.18,4072635.94,7467652.89
600036.SH,2015-04-28,18.42,19.23,18.1,18.36,18.44,-0.08,-0.43,5094257.43,9496380.532
600036.SH,2015-04-29,18.6,18.86,18.41,18.48,18.36,0.12,0.65,3738079.69,6951256.88
600036.SH,2015-04-30,18.5,18.8,18.19,18.22,18.48,-0.26,-1.41,2664573.38,4920839.628
600036.SH,2015-05-04,18.23,18.35,18.02,18.16,18.22,-0.06,-0.33,2134037.98,3868502.69
600036.SH,2015-05-05,18.05,18.1,17.21,17.45,18.16,-0.71,-3.91,2683454.04,4737517.934
600036.SH,2015-05-06,17.6,18.0,17.3,17.54,17.45,0.09,0.52,2612905.46,4625262.653
600036.SH,2015-05-07,17.51,17.94,17.41,17.69,17.54,0.15,0.86,2213697.16,3929052.88
600036.SH,2015-05-08,17.78,18.1,17.4,17.7,17.69,0.01,0.06,2186832.84,3889491.389
600036.SH,2015-05-11,17.51,17.95,17.34,17.91,17.7,0.21,1.19,2772080.85,4867456.332
600036.SH,2015-05-12,17.82,17.94,17.56,17.77,17.91,-0.14,-0.78,2239252.07,3974051.954
600036.SH,2015-05-13,17.87,17.98,17.43,17.54,17.77,-0.23,-1.29,2262093.6,4015189.339
600036.SH,2015-05-14,17.55,17.8,17.4,17.49,17.54,-0.05,-0.29,1844438.21,3238528.877
600036.SH,2015-05-15,17.42,17.66,16.9,17.16,17.49,-0.33,-1.89,2147432.1,3714982.873
600036.SH,2015-05-18,17.01,17.18,16.84,16.85,17.16,-0.31,-1.81,1599457.27,2726764.928
600036.SH,2015-05-19,16.85,17.69,16.79,17.63,16.85,0.78,4.63,2492327.81,4332748.808
600036.SH,2015-05-20,17.63,18.6,17.61,18.04,17.63,0.41,2.33,3540802.66,6396818.817
600036.SH,2015-05-21,18.24,18.49,17.91,18.16,18.04,0.12,0.67,1971715.29,3591569.695
600036.SH,2015-05-22,18.33,18.71,18.21,18.7,18.16,0.54,2.97,3119853.98,5778315.079
600036.SH,2015-05-25,19.0,19.36,19.0,19.22,18.7,0.52,2.78,3289330.73,6306117.215
600036.SH,2015-05-26,19.24,19.39,18.92,19.2,19.22,-0.02,-0.1,2828929.23,5411636.716
600036.SH,2015-05-27,19.21,19.52,18.82,19.07,19.2,-0.13,-0.68,2411683.09,4623215.527
600036.SH,2015-05-28,19.06,19.13,17.85,17.92,19.07,-1.15,-6.03,2929423.71,5429786.145
600036.SH,2015-05-29,17.97,18.2,17.45,18.07,17.92,0.15,0.84,2615510.0,4689434.586
600036.SH,2015-06-01,17.92,18.99,17.62,18.83,18.07,0.76,4.21,2809272.96,5176270.712
600036.SH,2015-06-02,18.82,19.14,18.53,18.95,18.83,0.12,0.64,2540376.57,4801441.405
600036.SH,2015-06-03,19.0,19.6,18.55,19.45,18.95,0.5,2.64,3585090.84,6871298.558
600036.SH,2015-06-04,19.44,20.65,18.92,20.44,19.45,0.99,5.09,4959790.45,9920531.339
600036.SH,2015-06-05,20.99,21.21,19.51,19.99,20.44,-0.45,-2.2,3777124.52,7651487.681
600036.SH,2015-06-08,20.04,21.2,19.61,21.13,19.99,1.14,5.7,5159641.67,10671410.155
600036.SH,2015-06-09,21.15,21.7,20.61,20.83,21.13,-0.3,-1.42,3661244.64,7755194.405
600036.SH,2015-06-10,20.51,21.17,20.36,20.47,20.83,-0.36,-1.73,2529208.25,5237249.134
600036.SH,2015-06-11,20.57,20.8,20.07,20.36,20.47,-0.11,-0.54,2271115.82,4624733.94
600036.SH,2015-06-12,20.58,20.77,20.1,20.31,20.36,-0.05,-0.25,2451794.13,5002958.661
600036.SH,2015-06-15,20.48,20.73,19.33,19.5,20.31,-0.81,-3.99,3212209.62,6411293.936
600036.SH,2015-06-16,19.5,19.8,19.0,19.29,19.5,-0.21,-1.08,2444647.28,4736894.174
600036.SH,2015-06-17,19.62,19.77,19.28,19.43,19.29,0.14,0.73,2527393.72,4925319.148
600036.SH,2015-06-18,19.2,19.35,18.73,18.79,19.43,-0.64,-3.29,2114489.69,4014580.593
600036.SH,2015-06-19,19.0,19.09,17.9,18.0,18.79,-0.79,-4.2,2500307.85,4661570.868
600036.SH,2015-06-23,18.06,19.0,17.72,18.87,18.0,0.87,4.83,2879322.45,5301457.853
600036.SH,2015-06-24,18.65,19.08,18.2,18.93,18.87,0.06,0.32,2731337.86,5088379.121
600036.SH,2015-06-25,19.49,19.59,18.31,18.44,18.93,-0.49,-2.59,3273068.05,6251707.185
600036.SH,2015-06-26,18.16,18.68,16.86,17.4,18.44,-1.04,-5.64,3935682.23,7050535.773
600036.SH,2015-06-29,17.7,18.29,16.13,17.43,17.4,0.03,0.17,4720206.14,8278080.236
600036.SH,2015-06-30,17.6,19.0,17.6,18.72,17.43,1.29,7.4,4910956.74,8983116.663
600036.SH,2015-07-01,18.33,18.66,18.06,18.21,18.72,-0.51,-2.72,2936742.62,5395012.371
600036.SH,2015-07-02,18.81,19.18,17.95,18.65,18.21,0.44,2.42,5247746.99,9814648.36
600036.SH,2015-07-03,17.98,18.34,16.9,17.61,17.98,-0.37,-2.06,4073227.16,7192690.83
600036.SH,2015-07-06,19.0,19.0,18.19,18.82,17.61,1.21,6.87,8146897.31,15128545.62
600036.SH,2015-07-07,18.6,20.5,18.0,20.21,18.82,1.39,7.39,8739488.93,16915629.392
600036.SH,2015-07-08,19.0,20.8,18.19,18.41,20.21,-1.8,-8.91,9432931.99,18287188.187
600036.SH,2015-07-09,17.5,19.95,16.85,19.0,18.41,0.59,3.2,5886268.98,10872360.062
600036.SH,2015-07-10,18.57,20.25,18.3,18.99,19.0,-0.01,-0.05,7072022.52,13746919.066
600036.SH,2015-07-13,18.51,18.88,18.04,18.31,18.99,-0.68,-3.58,3892684.51,7160449.096
600036.SH,2015-07-14,18.02,18.18,17.51,17.87,18.31,-0.44,-2.4,3558347.93,6336410.071
600036.SH,2015-07-15,17.78,18.51,17.71,18.48,17.87,0.61,3.41,3707645.46,6703076.873
600036.SH,2015-07-16,18.48,18.49,17.8,18.15,18.48,-0.33,-1.79,2277382.99,4140280.104
600036.SH,2015-07-17,18.35,18.43,18.01,18.36,18.15,0.21,1.16,1841949.67,3358837.909
600036.SH,2015-07-20,18.26,18.49,18.05,18.44,18.36,0.08,0.44,1913055.43,3502137.589
600036.SH,2015-07-21,18.27,18.5,18.01,18.08,18.44,-0.36,-1.95,1417100.92,2577185.047
600036.SH,2015-07-22,17.91,18.0,17.73,17.85,18.08,-0.23,-1.27,1471002.76,2626580.298
600036.SH,2015-07-23,17.76,18.04,17.56,17.94,17.85,0.09,0.5,1549408.94,2773616.004
600036.SH,2015-07-24,18.0,18.19,17.82,17.9,17.94,-0.04,-0.22,1686398.84,3035791.026
600036.SH,2015-07-27,17.75,17.88,16.67,16.7,17.9,-1.2,-6.7,2072405.36,3616867.737
600036.SH,2015-07-28,16.57,17.35,16.44,17.04,16.7,0.34,2.04,2930593.95,4980540.082
600036.SH,2015-07-29,17.04,17.27,16.9,17.16,17.04,0.12,0.7,1518162.16,2598864.701
600036.SH,2015-07-30,17.15,17.33,16.98,16.98,17.16,-0.18,-1.05,1105413.03,1898233.919
600036.SH,2015-07-31,17.1,17.38,16.94,17.3,16.98,0.32,1.88,1209035.62,2073334.781
600036.SH,2015-08-03,17.2,18.22,17.05,18.09,17.3,0.79,4.57,2371985.53,4231772.228
600036.SH,2015-08-04,17.96,18.2,17.82,18.15,18.09,0.06,0.33,889698.67,1605609.681
600036.SH,2015-08-05,18.06,18.22,17.85,17.91,18.15,-0.24,-1.32,637867.91,1152536.464
600036.SH,2015-08-06,17.82,18.55,17.8,18.12,17.91,0.21,1.17,1047216.47,1915869.955
600036.SH,2015-08-07,18.1,18.47,18.06,18.29,18.12,0.17,0.94,976116.55,1785386.359
600036.SH,2015-08-10,18.12,18.66,17.95,18.62,18.29,0.33,1.8,1464518.27,2680856.706
600036.SH,2015-08-11,18.49,18.5,18.01,18.2,18.62,-0.42,-2.26,1191580.95,2170868.061
600036.SH,2015-08-12,17.9,18.2,17.85,17.9,18.2,-0.3,-1.65,697562.65,1256297.757
600036.SH,2015-08-13,18.16,18.16,17.65,17.85,17.9,-0.05,-0.28,705809.29,1259620.158
600036.SH,2015-08-14,17.91,17.95,17.68,17.74,17.85,-0.11,-0.62,619113.27,1100300.749
600036.SH,2015-08-17,17.58,17.65,17.2,17.33,17.74,-0.41,-2.31,858986.49,1489369.72
600036.SH,2015-08-18,17.34,17.47,16.68,16.8,17.33,-0.53,-3.06,1189511.92,2037802.257
600036.SH,2015-08-19,17.04,17.17,16.68,17.13,16.8,0.33,1.96,1208894.48,2033145.031
600036.SH,2015-08-20,16.92,16.97,16.71,16.81,17.13,-0.32,-1.87,733897.09,1235705.266
600036.SH,2015-08-21,16.71,16.95,16.22,16.54,16.81,-0.27,-1.61,1020362.87,1688909.897
600036.SH,2015-08-24,16.1,16.34,14.89,14.98,16.54,-1.56,-9.43,2195667.8,3350255.309
600036.SH,2015-08-25,14.51,15.34,14.01,14.71,14.98,-0.27,-1.8,1988657.71,2938765.599
600036.SH,2015-08-26,14.7,16.18,14.63,16.09,14.71,1.38,9.38,2498675.79,3881032.517
600036.SH,2015-08-27,16.38,17.7,15.81,17.63,16.09,1.54,9.57,2504204.69,4189866.433
600036.SH,2015-08-28,17.49,17.85,17.05,17.3,17.63,-0.33,-1.87,1977875.84,3448948.682
600036.SH,2015-08-31,17.17,17.24,16.62,17.05,17.3,-0.25,-1.45,1425546.97,2418625.003
600036.SH,2015-09-01,16.88,17.38,16.71,16.84,17.05,-0.21,-1.23,1776455.76,3032538.128
600036.SH,2015-09-02,16.45,17.08,16.3,16.77,16.84,-0.07,-0.42,1730112.43,2894747.017
600036.SH,2015-09-07,16.55,16.6,16.03,16.16,16.77,-0.61,-3.64,899923.03,1473089.782
600036.SH,2015-09-08,16.16,16.97,16.05,16.65,16.16,0.49,3.03,997443.06,1648957.753
600036.SH,2015-09-09,16.79,16.79,16.53,16.75,16.65,0.1,0.6,886455.04,1476979.42
600036.SH,2015-09-10,16.6,17.35,16.5,17.29,16.75,0.54,3.22,1419525.41,2422977.007
600036.SH,2015-09-11,17.1,17.31,16.97,17.12,17.29,-0.17,-0.98,588337.47,1010033.554
600036.SH,2015-09-14,17.1,18.41,16.75,18.35,17.12,1.23,7.18,2387284.59,4224243.749
600036.SH,2015-09-15,17.94,18.25,17.65,18.01,18.35,-0.34,-1.85,1596821.2,2859988.235
600036.SH,2015-09-16,17.9,18.21,17.48,17.88,18.01,-0.13,-0.72,924569.85,1649211.121
600036.SH,2015-09-17,17.7,18.12,17.52,17.56,17.88,-0.32,-1.79,724620.96,1290899.337
600036.SH,2015-09-18,17.52,17.96,17.52,17.71,17.56,0.15,0.85,557792.9,994981.751
600036.SH,2015-09-21,17.6,17.75,17.41,17.57,17.71,-0.14,-0.79,510329.3,896607.923
600036.SH,2015-09-22,17.65,18.1,17.52,17.96,17.57,0.39,2.22,612560.88,1099849.985
600036.SH,2015-09-23,17.8,18.13,17.58,17.73,17.96,-0.23,-1.28,478814.18,854955.657
600036.SH,2015-09-24,17.88,17.89,17.41,17.52,17.73,-0.21,-1.18,400288.62,703967.985
600036.SH,2015-09-25,17.5,17.87,17.22,17.72,17.52,0.2,1.14,464960.08,812576.155
600036.SH,2015-09-28,17.56,17.67,17.47,17.51,17.72,-0.21,-1.19,212576.75,373021.854
600036.SH,2015-09-29,17.25,17.51,17.25,17.44,17.51,-0.07,-0.4,301621.01,522340.018
600036.SH,2015-09-30,17.5,17.91,17.39,17.77,17.44,0.33,1.89,548282.8,972151.314
600036.SH,2015-10-08,18.2,18.26,17.6,17.73,17.77,-0.04,-0.23,491823.38,881085.533
600036.SH,2015-10-09,17.95,18.2,17.83,17.96,17.73,0.23,1.3,309628.15,557496.956
600036.SH,2015-10-12,17.96,18.28,17.79,18.19,17.96,0.23,1.28,608478.87,1099989.941
600036.SH,2015-10-13,18.16,18.24,18.01,18.06,18.19,-0.13,-0.71,430796.71,779474.4
600036.SH,2015-10-14,17.86,18.1,17.81,17.85,18.06,-0.21,-1.16,289052.63,519124.206
600036.SH,2015-10-15,17.93,18.51,17.8,18.34,17.85,0.49,2.75,791889.55,1448179.791
600036.SH,2015-10-16,18.4,18.79,18.33,18.58,18.34,0.24,1.31,673860.56,1255251.044
600036.SH,2015-10-19,18.56,18.56,18.19,18.25,18.58,-0.33,-1.78,556530.65,1019756.295
600036.SH,2015-10-20,18.3,18.41,18.05,18.22,18.25,-0.03,-0.16,378341.05,688780.813
600036.SH,2015-10-21,18.18,18.98,18.02,18.69,18.22,0.47,2.58,891993.16,1636226.623
600036.SH,2015-10-22,18.42,18.48,18.22,18.29,18.69,-0.4,-2.14,432014.64,791243.67
600036.SH,2015-10-23,18.26,18.36,18.08,18.19,18.29,-0.1,-0.55,463744.01,842709.778
600036.SH,2015-10-26,18.33,18.35,17.98,18.07,18.19,-0.12,-0.66,651918.2,1182859.678
600036.SH,2015-10-27,18.08,18.13,17.88,18.04,18.07,-0.03,-0.17,374511.95,673297.499
600036.SH,2015-10-28,17.96,17.99,17.82,17.86,18.04,-0.18,-1.0,355441.95,636052.14
600036.SH,2015-10-29,17.85,17.93,17.8,17.81,17.86,-0.05,-0.28,271891.86,485101.162
600036.SH,2015-10-30,17.79,18.08,17.78,17.93,17.81,0.12,0.67,434754.25,780550.618
600036.SH,2015-11-02,17.78,18.04,17.78,17.83,17.93,-0.1,-0.56,275266.94,492637.314
600036.SH,2015-11-03,17.84,18.06,17.84,17.9,17.83,0.07,0.39,342588.49,616527.498
600036.SH,2015-11-04,17.97,18.39,17.85,18.36,17.9,0.46,2.57,623438.14,1133352.79
600036.SH,2015-11-05,18.3,19.08,18.18,18.57,18.36,0.21,1.14,1776023.75,3329491.844
600036.SH,2015-11-06,18.53,18.71,18.3,18.68,18.57,0.11,0.59,959100.98,1778266.511
600036.SH,2015-11-09,18.75,19.98,18.75,19.08,18.68,0.4,2.14,2026971.72,3926534.19
600036.SH,2015-11-10,18.85,18.99,18.56,18.64,19.08,-0.44,-2.31,859681.88,1608819.567
600036.SH,2015-11-11,18.64,18.64,18.31,18.44,18.64,-0.2,-1.07,501674.95,925608.699
600036.SH,2015-11-12,18.55,18.57,18.17,18.27,18.44,-0.17,-0.92,435027.82,796449.678
600036.SH,2015-11-13,18.13,18.34,18.09,18.14,18.27,-0.13,-0.71,359607.42,653641.22
600036.SH,2015-11-16,18.01,18.17,17.93,18.1,18.14,-0.04,-0.22,341690.52,616059.25
600036.SH,2015-11-17,18.2,18.45,18.08,18.14,18.1,0.04,0.22,586906.18,1073245.502
600036.SH,2015-11-18,18.23,18.45,18.0,18.16,18.14,0.02,0.11,470209.62,854764.945
600036.SH,2015-11-19,18.08,18.25,18.05,18.2,18.16,0.04,0.22,327782.43,594877.162
600036.SH,2015-11-20,18.15,18.29,18.11,18.15,18.2,-0.05,-0.27,362312.73,659327.808
600036.SH,2015-11-23,18.16,18.34,18.12,18.19,18.15,0.04,0.22,476510.3,869174.113
600036.SH,2015-11-24,18.23,18.23,17.7,17.88,18.19,-0.31,-1.7,622110.98,1111420.158
600036.SH,2015-11-25,17.85,17.85,17.56,17.73,17.88,-0.15,-0.84,661011.73,1169696.303
600036.SH,2015-11-26,17.79,17.92,17.5,17.53,17.73,-0.2,-1.13,637660.44,1127051.591
600036.SH,2015-11-27,17.51,17.51,16.9,17.04,17.53,-0.49,-2.8,679555.29,1168267.237
600036.SH,2015-11-30,17.07,17.32,16.98,17.2,17.04,0.16,0.94,550020.22,940653.599
600036.SH,2015-12-01,17.28,17.28,16.91,17.11,17.2,-0.09,-0.52,397884.53,678415.739
600036.SH,2015-12-02,17.13,17.99,17.05,17.91,17.11,0.8,4.68,1021647.33,1800174.807
600036.SH,2015-12-03,17.8,17.98,17.61,17.78,17.91,-0.13,-0.73,715160.47,1272599.587
600036.SH,2015-12-04,17.6,17.69,17.13,17.25,17.78,-0.53,-2.98,515445.34,895112.348
600036.SH,2015-12-07,17.2,17.45,17.15,17.39,17.25,0.14,0.81,436894.57,757778.134
600036.SH,2015-12-08,17.3,17.62,17.18,17.42,17.39,0.03,0.17,451801.01,786526.037
600036.SH,2015-12-09,17.33,17.59,17.32,17.39,17.42,-0.03,-0.17,440670.92,767061.477
600036.SH,2015-12-10,17.39,17.65,17.21,17.26,17.39,-0.13,-0.75,440717.4,767406.842
600036.SH,2015-12-11,17.23,17.26,16.66,16.92,17.26,-0.34,-1.97,1141856.13,1927210.914
600036.SH,2015-12-14,16.75,17.09,16.5,17.06,16.92,0.14,0.83,941421.9,1575700.882
600036.SH,2015-12-15,17.03,17.06,16.9,17.03,17.06,-0.03,-0.18,461578.31,784493.841
600036.SH,2015-12-16,17.08,17.09,16.87,16.96,17.03,-0.07,-0.41,307863.39,521687.767
600036.SH,2015-12-17,17.0,17.12,16.95,17.1,16.96,0.14,0.83,501910.55,856073.249
600036.SH,2015-12-18,17.09,18.06,17.04,17.52,17.1,0.42,2.46,1569865.55,2766475.74
600036.SH,2015-12-21,17.43,18.45,17.35,18.23,17.52,0.71,4.05,1526030.76,2749053.924
600036.SH,2015-12-22,18.14,18.32,18.06,18.27,18.23,0.04,0.22,940064.77,1712026.828
600036.SH,2015-12-23,18.28,18.71,18.17,18.19,18.27,-0.08,-0.44,1088428.54,2005574.297
600036.SH,2015-12-24,18.18,18.31,18.01,18.14,18.19,-0.05,-0.27,374092.1,678405.088
600036.SH,2015-12-25,18.22,18.36,18.2,18.33,18.14,0.19,1.05,489263.0,894866.182
600036.SH,2015-12-28,18.35,18.39,17.8,17.84,18.33,-0.49,-2.67,487379.35,876240.574
600036.SH,2015-12-29,17.83,17.97,17.71,17.94,17.84,0.1,0.56,365774.77,651978.499
600036.SH,2015-12-30,17.9,18.3,17.55,18.26,17.94,0.32,1.78,712665.69,1275675.597
600036.SH,2015-12-31,18.12,18.33,17.91,17.99,18.26,-0.27,-1.48,721649.23,1308243.67
600036.SH,2016-01-04,17.91,17.95,17.16,17.28,17.99,-0.71,-3.95,373405.69,650573.706
600036.SH,2016-01-05,17.17,17.55,17.0,17.23,17.28,-0.05,-0.29,515777.96,892179.586
600036.SH,2016-01-06,17.2,17.33,17.06,17.31,17.23,0.08,0.46,319826.91,551646.036
600036.SH,2016-01-07,17.15,17.15,16.51,16.67,17.31,-0.64,-3.7,199815.33,335909.456
600036.SH,2016-01-08,16.8,17.06,16.61,16.81,16.67,0.14,0.84,608227.77,1024996.338
600036.SH,2016-01-11,16.68,16.68,16.0,16.04,16.81,-0.77,-4.58,654912.42,1071917.369
600036.SH,2016-01-12,16.03,16.25,15.88,15.98,16.04,-0.06,-0.37,468282.22,751250.882
600036.SH,2016-01-13,16.21,16.21,15.78,15.87,15.98,-0.11,-0.69,573435.96,915062.415
600036.SH,2016-01-14,15.55,15.96,15.52,15.89,15.87,0.02,0.13,429630.31,678479.48
600036.SH,2016-01-15,15.87,15.92,15.45,15.48,15.89,-0.41,-2.58,344215.64,539614.094
600036.SH,2016-01-18,15.39,15.7,15.36,15.42,15.48,-0.06,-0.39,267350.62,414899.638
600036.SH,2016-01-19,15.58,15.77,15.35,15.71,15.42,0.29,1.88,388351.8,605769.304
600036.SH,2016-01-20,15.56,15.68,15.24,15.52,15.71,-0.19,-1.21,389306.81,602278.61
600036.SH,2016-01-21,15.41,15.68,15.28,15.3,15.52,-0.22,-1.42,353224.11,547241.543
600036.SH,2016-01-22,15.48,15.49,15.13,15.28,15.3,-0.02,-0.13,307008.16,469666.147
600036.SH,2016-01-25,15.29,15.49,15.2,15.48,15.28,0.2,1.31,218439.5,334419.005
600036.SH,2016-01-26,15.33,15.39,14.78,14.86,15.48,-0.62,-4.01,302085.97,456333.853
600036.SH,2016-01-27,14.96,15.22,14.84,15.0,14.86,0.14,0.94,512688.41,771408.372
600036.SH,2016-01-28,14.96,15.06,14.62,14.72,15.0,-0.28,-1.87,254779.46,379361.55
600036.SH,2016-01-29,14.75,15.08,14.62,14.99,14.72,0.27,1.83,364674.61,544618.81
600036.SH,2016-02-01,14.98,15.18,14.48,14.72,14.99,-0.27,-1.8,270355.94,399202.433
600036.SH,2016-02-02,14.65,14.95,14.65,14.85,14.72,0.13,0.88,187777.72,279081.13
600036.SH,2016-02-03,14.72,14.8,14.55,14.67,14.85,-0.18,-1.21,236607.99,346543.305
600036.SH,2016-02-04,14.79,14.93,14.69,14.88,14.67,0.21,1.43,223193.14,330677.619
600036.SH,2016-02-05,14.9,14.93,14.78,14.86,14.88,-0.02,-0.13,168853.68,250744.421
600036.SH,2016-02-15,14.5,14.82,14.47,14.66,14.86,-0.2,-1.35,192908.19,282388.055
600036.SH,2016-02-16,14.77,15.05,14.72,14.94,14.66,0.28,1.91,265698.33,397122.796
600036.SH,2016-02-17,14.95,15.07,14.88,15.03,14.94,0.09,0.6,382854.8,573493.653
600036.SH,2016-02-18,14.95,15.06,14.87,14.9,15.03,-0.13,-0.86,287651.9,430450.518
600036.SH,2016-02-19,14.9,14.94,14.68,14.75,14.9,-0.15,-1.01,225154.37,333076.955
600036.SH,2016-02-22,14.88,15.11,14.79,15.01,14.75,0.26,1.76,386406.86,578307.946
600036.SH,2016-02-23,15.01,15.01,14.72,14.83,15.01,-0.18,-1.2,248628.0,369124.45
600036.SH,2016-02-24,14.75,14.87,14.67,14.81,14.83,-0.02,-0.13,214750.72,316686.628
600036.SH,2016-02-25,14.81,14.81,14.21,14.25,14.81,-0.56,-3.78,511306.23,740824.073
600036.SH,2016-02-26,14.35,14.57,14.28,14.45,14.25,0.2,1.4,286839.94,413497.074
600036.SH,2016-02-29,14.43,14.6,14.04,14.56,14.45,0.11,0.76,483185.46,692907.439
600036.SH,2016-03-01,14.56,14.78,14.36,14.65,14.56,0.09,0.62,320287.83,467774.894
600036.SH,2016-03-02,14.79,14.97,14.72,14.96,14.65,0.31,2.12,604562.93,897678.345
600036.SH,2016-03-03,14.95,15.19,14.91,15.15,14.96,0.19,1.27,535118.76,803689.976
600036.SH,2016-03-04,15.14,16.02,15.02,15.97,15.15,0.82,5.41,1644678.81,2572638.992
600036.SH,2016-03-07,15.9,16.0,15.65,15.78,15.97,-0.19,-1.19,410664.85,649708.952
600036.SH,2016-03-08,15.78,15.99,15.21,15.96,15.78,0.18,1.14,452570.82,704533.972
600036.SH,2016-03-09,15.73,16.08,15.41,16.05,15.96,0.09,0.56,742320.24,1175103.105
600036.SH,2016-03-10,15.82,15.98,15.65,15.66,16.05,-0.39,-2.43,198869.94,314373.898
600036.SH,2016-03-11,15.59,15.78,15.42,15.76,15.66,0.1,0.64,327895.6,512388.942
600036.SH,2016-03-14,15.78,16.04,15.65,15.72,15.76,-0.04,-0.25,314968.16,500190.854
600036.SH,2016-03-15,15.81,15.99,15.6,15.86,15.72,0.14,0.89,355205.08,561733.616
600036.SH,2016-03-16,15.88,16.45,15.79,16.42,15.86,0.56,3.53,1236574.53,2016510.071
600036.SH,2016-03-17,16.39,16.4,16.11,16.23,16.42,-0.19,-1.16,460711.49,748342.344
600036.SH,2016-03-18,16.39,16.4,16.04,16.17,16.23,-0.06,-0.37,595776.53,965239.507
600036.SH,2016-03-21,16.21,16.44,16.11,16.22,16.17,0.05,0.31,502537.93,816507.323
600036.SH,2016-03-22,16.27,16.42,16.16,16.19,16.22,-0.03,-0.19,337419.62,548665.831
600036.SH,2016-03-23,16.26,16.29,16.18,16.18,16.19,-0.01,-0.06,191400.21,310370.785
600036.SH,2016-03-24,16.18,16.23,16.01,16.11,16.18,-0.07,-0.43,239908.03,386975.645
600036.SH,2016-03-25,16.12,16.2,16.1,16.13,16.11,0.02,0.12,159292.95,257057.436
600036.SH,2016-03-28,16.15,16.2,15.81,15.85,16.13,-0.28,-1.74,221375.82,355104.561
600036.SH,2016-03-29,15.9,16.05,15.76,15.79,15.85,-0.06,-0.38,197165.28,313168.23
600036.SH,2016-03-30,15.79,16.3,15.78,16.24,15.79,0.45,2.85,296754.75,478252.591
600036.SH,2016-03-31,16.3,16.35,16.02,16.09,16.24,-0.15,-0.92,259496.03,418715.087
600036.SH,2016-04-01,16.18,16.3,15.98,16.27,16.09,0.18,1.12,384883.44,620911.574
600036.SH,2016-04-05,16.13,16.37,16.07,16.34,16.27,0.07,0.43,392969.38,637828.882
600036.SH,2016-04-06,16.21,16.35,16.19,16.26,16.34,-0.08,-0.49,300725.83,488458.866
600036.SH,2016-04-07,16.32,16.35,16.05,16.1,16.26,-0.16,-0.98,295563.13,477567.488
600036.SH,2016-04-08,16.0,16.21,15.98,16.16,16.1,0.06,0.37,224398.05,361753.05
600036.SH,2016-04-11,16.16,16.57,16.15,16.31,16.16,0.15,0.93,317808.47,521431.209
600036.SH,2016-04-12,16.41,16.41,16.12,16.29,16.31,-0.02,-0.12,174563.59,284011.226
600036.SH,2016-04-13,16.39,16.68,16.0,16.48,16.29,0.19,1.17,400469.4,662526.887
600036.SH,2016-04-14,16.5,16.68,16.37,16.46,16.48,-0.02,-0.12,229842.0,379056.763
600036.SH,2016-04-15,16.56,17.04,16.46,16.93,16.46,0.47,2.86,588337.67,990505.848
600036.SH,2016-04-18,16.76,17.27,16.72,17.06,16.93,0.13,0.77,505232.6,862860.036
600036.SH,2016-04-19,17.21,17.23,17.02,17.11,17.06,0.05,0.29,300796.07,515250.055
600036.SH,2016-04-20,17.11,17.36,16.8,17.33,17.11,0.22,1.29,787483.33,1349077.276
600036.SH,2016-04-21,17.27,17.93,17.17,17.69,17.33,0.36,2.08,794121.06,1395740.403
600036.SH,2016-04-22,17.6,18.02,17.56,17.87,17.69,0.18,1.02,556255.58,993784.331
600036.SH,2016-04-25,17.75,17.96,17.41,17.9,17.87,0.03,0.17,396678.2,705132.102
600036.SH,2016-04-26,17.81,17.95,17.6,17.91,17.9,0.01,0.06,390216.52,697015.465
600036.SH,2016-04-27,17.9,17.95,17.81,17.88,17.91,-0.03,-0.17,250716.11,448803.378
600036.SH,2016-04-28,17.93,17.93,17.67,17.88,17.88,0.0,0.0,281957.86,503333.04
600036.SH,2016-04-29,17.87,17.92,17.73,17.75,17.88,-0.13,-0.73,190015.57,338329.936
600036.SH,2016-05-03,17.79,17.85,17.56,17.7,17.75,-0.05,-0.28,350537.06,620494.47
600036.SH,2016-05-04,17.7,17.71,17.59,17.65,17.7,-0.05,-0.28,243887.52,430847.907
600036.SH,2016-05-05,17.65,17.7,17.46,17.62,17.65,-0.03,-0.17,203050.75,357190.021
600036.SH,2016-05-06,17.62,17.65,17.3,17.32,17.62,-0.3,-1.7,296660.28,519899.756
600036.SH,2016-05-09,17.33,17.45,17.21,17.3,17.32,-0.02,-0.12,235979.62,408579.616
600036.SH,2016-05-10,17.11,17.41,16.98,17.04,17.3,-0.26,-1.5,288015.21,496178.892
600036.SH,2016-05-11,17.06,17.32,17.06,17.15,17.04,0.11,0.65,208071.0,358012.826
600036.SH,2016-05-12,17.02,17.58,17.02,17.46,17.15,0.31,1.81,260792.41,453541.575
600036.SH,2016-05-13,17.41,17.62,17.34,17.57,17.46,0.11,0.63,239120.86,419456.612
600036.SH,2016-05-16,17.55,17.64,17.48,17.5,17.57,-0.07,-0.4,379998.62,667673.548
600036.SH,2016-05-17,17.49,17.53,17.39,17.48,17.5,-0.02,-0.11,134986.37,235712.612
600036.SH,2016-05-18,17.41,17.87,17.39,17.82,17.48,0.34,1.95,461743.48,814897.786
600036.SH,2016-05-19,17.74,17.86,17.67,17.81,17.82,-0.01,-0.06,170977.54,304549.544
600036.SH,2016-05-20,17.76,17.93,17.7,17.88,17.81,0.07,0.39,145028.42,259055.461
600036.SH,2016-05-23,17.88,17.97,17.48,17.52,17.88,-0.36,-2.01,168498.58,297555.961
600036.SH,2016-05-24,17.51,17.51,17.32,17.33,17.52,-0.19,-1.08,88255.74,153638.72
600036.SH,2016-05-25,17.59,17.59,17.44,17.55,17.33,0.22,1.27,102916.61,180397.501
600036.SH,2016-05-26,17.5,17.8,17.5,17.69,17.55,0.14,0.8,127883.26,226478.696
600036.SH,2016-05-27,17.77,17.77,17.62,17.66,17.69,-0.03,-0.17,74144.1,131180.233
600036.SH,2016-05-30,17.75,17.87,17.62,17.84,17.66,0.18,1.02,207546.33,369200.399
600036.SH,2016-05-31,17.88,18.03,17.81,18.0,17.84,0.16,0.9,411390.84,739952.868
600036.SH,2016-06-01,18.09,18.09,17.73,17.83,18.0,-0.17,-0.94,220136.72,393579.386
600036.SH,2016-06-02,17.82,17.88,17.66,17.73,17.83,-0.1,-0.56,107553.12,190719.567
600036.SH,2016-06-03,17.8,17.83,17.71,17.78,17.73,0.05,0.28,98526.12,175174.612
600036.SH,2016-06-06,17.73,17.83,17.56,17.64,17.78,-0.14,-0.79,127703.52,225235.543
600036.SH,2016-06-07,17.76,17.87,17.59,17.8,17.64,0.16,0.91,112503.55,199544.447
600036.SH,2016-06-08,17.75,17.84,17.65,17.77,17.8,-0.03,-0.17,95149.26,168924.714
600036.SH,2016-06-13,17.58,17.79,17.29,17.32,17.77,-0.45,-2.53,162207.13,284764.728
600036.SH,2016-06-14,17.33,17.5,17.29,17.38,17.32,0.06,0.35,109534.58,190753.279
600036.SH,2016-06-15,17.25,17.46,17.25,17.39,17.38,0.01,0.06,187358.48,325485.982
600036.SH,2016-06-16,17.26,17.46,17.26,17.4,17.39,0.01,0.06,221138.62,384653.687
600036.SH,2016-06-17,17.38,17.67,17.37,17.5,17.4,0.1,0.57,137602.41,241308.424
600036.SH,2016-06-20,17.62,17.63,17.42,17.51,17.5,0.01,0.06,156971.88,274976.161
600036.SH,2016-06-21,17.53,17.7,17.5,17.54,17.51,0.03,0.17,113270.69,198765.339
600036.SH,2016-06-22,17.5,17.6,17.46,17.5,17.54,-0.04,-0.23,100672.8,176398.272
600036.SH,2016-06-23,17.52,17.53,17.24,17.26,17.5,-0.24,-1.37,160611.33,278405.099
600036.SH,2016-06-24,17.26,17.38,17.18,17.25,17.26,-0.01,-0.06,608599.19,1049167.952
600036.SH,2016-06-27,17.25,17.33,17.18,17.28,17.25,0.03,0.17,195077.06,336583.693
600036.SH,2016-06-28,17.25,17.32,17.21,17.29,17.28,0.01,0.06,130116.44,224492.913
600036.SH,2016-06-29,17.31,17.49,17.27,17.45,17.29,0.16,0.93,216735.74,376575.254
600036.SH,2016-06-30,17.47,17.55,17.39,17.5,17.45,0.05,0.29,175404.55,306680.973
600036.SH,2016-07-01,17.5,17.66,17.49,17.63,17.5,0.13,0.74,109878.43,193394.881
600036.SH,2016-07-04,17.63,17.92,17.63,17.72,17.63,0.09,0.51,177033.19,314424.407
600036.SH,2016-07-05,17.79,17.79,17.45,17.56,17.72,-0.16,-0.9,186122.87,327013.878
600036.SH,2016-07-06,17.53,17.54,17.31,17.42,17.56,-0.14,-0.8,207506.17,361529.682
600036.SH,2016-07-07,17.41,17.52,17.35,17.51,17.42,0.09,0.52,152674.55,266195.435
600036.SH,2016-07-08,17.5,17.51,17.35,17.39,17.51,-0.12,-0.69,152161.46,264677.22
600036.SH,2016-07-11,17.49,17.55,17.4,17.48,17.39,0.09,0.52,160141.59,280096.744
600036.SH,2016-07-12,17.48,17.75,17.46,17.71,17.48,0.23,1.32,254320.37,447846.593
600036.SH,2016-07-13,17.13,17.39,17.02,17.05,17.02,0.03,0.18,288970.03,495868.851
600036.SH,2016-07-14,17.07,17.16,17.0,17.09,17.05,0.04,0.23,126895.32,216401.318
600036.SH,2016-07-15,17.08,17.17,17.08,17.14,17.09,0.05,0.29,110715.2,189627.73
600036.SH,2016-07-18,17.15,17.49,17.13,17.26,17.14,0.12,0.7,246652.03,427061.958
600036.SH,2016-07-19,17.26,17.33,17.09,17.12,17.26,-0.14,-0.81,139797.88,239922.726
600036.SH,2016-07-20,17.1,17.14,17.02,17.07,17.12,-0.05,-0.29,117151.76,199854.451
600036.SH,2016-07-21,17.07,17.27,17.07,17.24,17.07,0.17,1.0,146024.27,251047.87
600036.SH,2016-07-22,17.25,17.25,17.03,17.08,17.24,-0.16,-0.93,100294.23,171933.047
600036.SH,2016-07-25,17.09,17.18,17.01,17.12,17.08,0.04,0.23,81010.64,138621.909
600036.SH,2016-07-26,17.05,17.2,17.05,17.17,17.12,0.05,0.29,117382.63,201245.058
600036.SH,2016-07-27,17.2,17.38,16.89,17.37,17.17,0.2,1.16,321172.98,550792.712
600036.SH,2016-07-28,17.19,17.29,17.09,17.14,17.37,-0.23,-1.32,196313.62,337013.577
600036.SH,2016-07-29,17.15,17.23,17.04,17.16,17.14,0.02,0.12,121918.55,208810.744
600036.SH,2016-08-01,17.15,17.24,17.1,17.18,17.16,0.02,0.12,198993.07,341922.85
600036.SH,2016-08-02,17.21,17.25,17.12,17.15,17.18,-0.03,-0.17,98296.28,168764.725
600036.SH,2016-08-03,17.08,17.16,17.01,17.07,17.15,-0.08,-0.47,93585.04,159753.55
600036.SH,2016-08-04,17.11,17.12,16.98,17.06,17.07,-0.01,-0.06,118193.69,201351.096
600036.SH,2016-08-05,17.06,17.15,17.05,17.1,17.06,0.04,0.23,167656.02,286702.381
600036.SH,2016-08-08,17.14,17.15,17.07,17.13,17.1,0.03,0.18,131510.09,225246.259
600036.SH,2016-08-09,17.13,17.2,17.1,17.17,17.13,0.04,0.23,254387.28,436213.106
600036.SH,2016-08-10,17.17,17.29,17.15,17.28,17.17,0.11,0.64,187676.77,323678.692
600036.SH,2016-08-11,17.3,17.87,17.26,17.45,17.28,0.17,0.98,312363.43,549682.857
600036.SH,2016-08-12,17.51,18.0,17.47,17.99,17.45,0.54,3.09,445161.36,794255.421
600036.SH,2016-08-15,18.1,18.99,18.02,18.42,17.99,0.43,2.39,817392.3,1520048.907
600036.SH,2016-08-16,18.64,18.87,18.12,18.31,18.42,-0.11,-0.6,602743.44,1105739.947
600036.SH,2016-08-17,18.43,18.68,18.31,18.4,18.31,0.09,0.49,219079.73,404343.017
600036.SH,2016-08-18,18.33,18.65,18.13,18.23,18.4,-0.17,-0.92,323838.32,596924.096
600036.SH,2016-08-19,18.34,18.75,18.31,18.62,18.23,0.39,2.14,392547.63,729182.463
600036.SH,2016-08-22,18.62,18.8,18.51,18.69,18.62,0.07,0.38,208212.6,388697.511
600036.SH,2016-08-23,18.61,19.0,18.52,18.66,18.69,-0.03,-0.16,288231.68,542400.83
600036.SH,2016-08-24,18.66,18.7,18.43,18.62,18.66,-0.04,-0.21,191408.9,354910.03
600036.SH,2016-08-25,18.57,18.64,18.19,18.51,18.62,-0.11,-0.59,194665.04,358081.682
600036.SH,2016-08-26,18.49,18.6,18.44,18.55,18.51,0.04,0.22,169206.81,313827.461
600036.SH,2016-08-29,18.46,18.48,18.03,18.27,18.55,-0.28,-1.51,205364.84,374404.158
600036.SH,2016-08-30,18.24,18.52,18.23,18.44,18.27,0.17,0.93,191189.19,352596.198
600036.SH,2016-08-31,18.36,18.76,18.36,18.63,18.44,0.19,1.03,156106.97,290862.566
600036.SH,2016-09-01,18.6,18.78,18.55,18.62,18.63,-0.01,-0.05,155452.43,290828.336
600036.SH,2016-09-02,18.52,18.72,18.48,18.68,18.62,0.06,0.32,178616.57,332984.79
600036.SH,2016-09-05,18.68,18.82,18.57,18.75,18.68,0.07,0.37,198655.0,372168.098
600036.SH,2016-09-06,18.75,18.78,18.43,18.51,18.75,-0.24,-1.28,179394.03,334156.29
600036.SH,2016-09-07,18.51,18.62,18.4,18.56,18.51,0.05,0.27,177063.15,328123.07
600036.SH,2016-09-08,18.58,18.63,18.48,18.53,18.56,-0.03,-0.16,83202.07,154289.421
600036.SH,2016-09-09,18.52,18.57,18.31,18.33,18.53,-0.2,-1.08,86708.62,159932.157
600036.SH,2016-09-12,18.16,18.18,17.81,17.9,18.33,-0.43,-2.35,281284.06,506037.333
600036.SH,2016-09-13,17.91,18.08,17.9,17.91,17.9,0.01,0.06,135417.08,243518.992
600036.SH,2016-09-14,17.99,17.99,17.48,17.54,17.91,-0.37,-2.07,222196.75,393779.462
600036.SH,2016-09-19,17.55,17.88,17.55,17.81,17.54,0.27,1.54,168201.68,299454.573
600036.SH,2016-09-20,17.8,17.85,17.67,17.74,17.81,-0.07,-0.39,102509.71,182019.36
600036.SH,2016-09-21,17.75,17.95,17.75,17.88,17.74,0.14,0.79,76723.04,137141.04
600036.SH,2016-09-22,17.99,18.17,17.88,17.97,17.88,0.09,0.5,123548.37,222945.149
600036.SH,2016-09-23,17.99,18.09,17.93,17.98,17.97,0.01,0.06,135531.86,244168.358
600036.SH,2016-09-26,17.91,18.09,17.85,18.0,17.98,0.02,0.11,146997.57,264867.529
600036.SH,2016-09-27,17.97,18.1,17.94,18.07,18.0,0.07,0.39,100012.67,180407.342
600036.SH,2016-09-28,18.06,18.06,17.83,17.89,18.07,-0.18,-1.0,107347.06,192234.021
600036.SH,2016-09-29,17.96,18.07,17.92,18.0,17.89,0.11,0.61,103092.8,185631.397
600036.SH,2016-09-30,17.96,18.1,17.95,18.0,18.0,0.0,0.0,84308.17,152065.854
600036.SH,2016-10-10,18.03,18.38,18.03,18.3,18.0,0.3,1.67,190938.95,348345.894
600036.SH,2016-10-11,18.33,18.49,18.26,18.33,18.3,0.03,0.16,129294.2,237561.461
600036.SH,2016-10-12,18.28,18.31,18.1,18.15,18.33,-0.18,-0.98,104799.69,190617.618
600036.SH,2016-10-13,18.15,18.21,18.05,18.09,18.15,-0.06,-0.33,105598.24,191543.016
600036.SH,2016-10-14,18.1,18.15,18.0,18.1,18.09,0.01,0.06,122385.16,221243.821
600036.SH,2016-10-17,18.07,18.1,17.83,17.86,18.1,-0.24,-1.33,122380.87,219660.672
600036.SH,2016-10-18,17.86,17.99,17.84,17.93,17.86,0.07,0.39,143019.48,256039.353
600036.SH,2016-10-19,17.93,18.05,17.83,17.88,17.93,-0.05,-0.28,119301.49,213904.312
600036.SH,2016-10-20,17.9,17.98,17.83,17.89,17.88,0.01,0.06,123579.1,220968.79
600036.SH,2016-10-21,17.91,17.93,17.82,17.91,17.89,0.02,0.11,124363.52,222194.728
600036.SH,2016-10-24,17.93,18.42,17.86,18.31,17.91,0.4,2.23,291560.35,531562.135
600036.SH,2016-10-25,18.31,18.46,18.09,18.13,18.31,-0.18,-0.98,197582.14,360605.411
600036.SH,2016-10-26,18.12,18.15,17.95,17.97,18.13,-0.16,-0.88,143368.07,258759.657
600036.SH,2016-10-27,18.06,18.06,17.77,17.81,17.97,-0.16,-0.89,218250.12,389363.392
600036.SH,2016-10-28,17.8,18.05,17.8,17.9,17.81,0.09,0.51,204116.26,365151.753
600036.SH,2016-10-31,17.87,17.96,17.72,17.86,17.9,-0.04,-0.22,128933.23,230491.027
600036.SH,2016-11-01,17.87,17.99,17.79,17.98,17.86,0.12,0.67,189405.36,339544.654
600036.SH,2016-11-02,17.86,17.94,17.76,17.84,17.98,-0.14,-0.78,309535.99,551269.82
600036.SH,2016-11-03,17.83,17.97,17.79,17.93,17.84,0.09,0.5,270809.68,484543.263
600036.SH,2016-11-04,17.9,18.0,17.87,17.91,17.93,-0.02,-0.11,269388.15,483274.393
600036.SH,2016-11-07,17.91,17.93,17.85,17.89,17.91,-0.02,-0.11,208258.32,372548.921
600036.SH,2016-11-08,17.92,18.06,17.89,17.99,17.89,0.1,0.56,262348.51,471517.515
600036.SH,2016-11-09,18.0,18.08,17.77,17.89,17.99,-0.1,-0.56,342437.88,612494.734
600036.SH,2016-11-10,17.95,18.11,17.94,18.0,17.89,0.11,0.61,271170.31,489248.979
600036.SH,2016-11-11,17.95,18.08,17.93,18.02,18.0,0.02,0.11,276348.54,497447.006
600036.SH,2016-11-14,18.0,18.25,17.95,18.04,18.02,0.02,0.11,353540.71,641245.323
600036.SH,2016-11-15,18.1,18.24,18.03,18.18,18.04,0.14,0.78,256507.32,465084.619
600036.SH,2016-11-16,18.23,18.29,18.05,18.12,18.18,-0.06,-0.33,235212.74,427162.278
600036.SH,2016-11-17,18.11,18.14,18.01,18.12,18.12,0.0,0.0,271773.26,491383.022
600036.SH,2016-11-18,18.12,18.16,18.03,18.1,18.12,-0.02,-0.11,185514.58,335802.154
600036.SH,2016-11-21,18.08,18.68,18.08,18.34,18.1,0.24,1.33,413476.41,760532.545
600036.SH,2016-11-22,18.37,18.49,18.28,18.37,18.34,0.03,0.16,524920.06,964268.066
600036.SH,2016-11-23,18.4,18.9,18.37,18.84,18.37,0.47,2.56,663515.1,1243122.112
600036.SH,2016-11-24,18.77,18.97,18.61,18.74,18.84,-0.1,-0.53,267501.97,502543.833
600036.SH,2016-11-25,18.8,19.02,18.66,18.99,18.74,0.25,1.33,409433.11,772447.185
600036.SH,2016-11-28,19.1,19.2,18.52,18.65,18.99,-0.34,-1.79,851464.67,1604490.623
600036.SH,2016-11-29,18.65,18.76,18.51,18.75,18.65,0.1,0.54,491079.94,915066.947
600036.SH,2016-11-30,18.76,18.82,18.47,18.55,18.75,-0.2,-1.07,391298.09,727802.158
600036.SH,2016-12-01,18.55,18.64,18.41,18.49,18.55,-0.06,-0.32,537989.59,997774.283
600036.SH,2016-12-02,18.53,18.54,18.24,18.49,18.49,0.0,0.0,483921.42,891327.409
600036.SH,2016-12-05,18.39,18.67,18.34,18.66,18.49,0.17,0.92,503517.65,933953.843
600036.SH,2016-12-06,18.66,18.78,18.57,18.6,18.66,-0.06,-0.32,317290.59,592585.859
600036.SH,2016-12-07,18.65,18.71,18.58,18.62,18.6,0.02,0.11,121672.26,226701.438
600036.SH,2016-12-08,18.67,18.88,18.62,18.76,18.62,0.14,0.75,269307.35,505299.975
600036.SH,2016-12-09,18.76,19.34,18.75,19.2,18.76,0.44,2.35,625821.13,1197391.293
600036.SH,2016-12-12,19.16,19.65,18.9,19.25,19.2,0.05,0.26,794881.83,1530135.06
600036.SH,2016-12-13,19.09,19.2,18.81,18.88,19.25,-0.37,-1.92,249331.78,471987.682
600036.SH,2016-12-14,18.8,19.14,18.8,18.82,18.88,-0.06,-0.32,327806.88,621281.028
600036.SH,2016-12-15,18.73,18.73,18.2,18.24,18.82,-0.58,-3.08,366124.61,673540.678
600036.SH,2016-12-16,18.24,18.4,18.12,18.18,18.24,-0.06,-0.33,242168.36,441962.359
600036.SH,2016-12-19,18.15,18.18,17.93,18.01,18.18,-0.17,-0.94,246244.87,443900.194
600036.SH,2016-12-20,17.99,17.99,17.7,17.79,18.01,-0.22,-1.22,298001.67,531016.953
600036.SH,2016-12-21,17.83,17.98,17.77,17.81,17.79,0.02,0.11,308684.03,551372.351
600036.SH,2016-12-22,17.85,17.85,17.65,17.72,17.81,-0.09,-0.51,219230.62,388437.354
600036.SH,2016-12-23,17.77,17.77,17.54,17.6,17.72,-0.12,-0.68,181081.64,319060.39
600036.SH,2016-12-26,17.56,17.77,17.39,17.75,17.6,0.15,0.85,163431.0,287481.228
600036.SH,2016-12-27,17.73,17.82,17.65,17.71,17.75,-0.04,-0.23,100907.99,179187.227
600036.SH,2016-12-28,17.72,17.77,17.49,17.62,17.71,-0.09,-0.51,267871.89,470097.368
600036.SH,2016-12-29,17.6,17.62,17.43,17.49,17.62,-0.13,-0.74,284391.91,497576.066
600036.SH,2016-12-30,17.53,17.61,17.47,17.6,17.49,0.11,0.63,227259.52,398354.145
600036.SH,2017-01-03,17.6,17.98,17.57,17.96,17.6,0.36,2.05,304583.2,543437.238
600036.SH,2017-01-04,17.9,18.11,17.85,18.02,17.96,0.06,0.33,256657.46,461916.729
600036.SH,2017-01-05,18.05,18.21,18.03,18.1,18.02,0.08,0.44,245639.35,445323.276
600036.SH,2017-01-06,18.1,18.16,17.96,17.96,18.1,-0.14,-0.77,174878.54,315460.244
600036.SH,2017-01-09,18.05,18.13,17.91,17.94,17.96,-0.02,-0.11,173460.31,312457.098
600036.SH,2017-01-10,17.95,18.09,17.91,17.94,17.94,0.0,0.0,106682.37,191855.417
600036.SH,2017-01-11,18.03,18.07,17.93,17.96,17.94,0.02,0.11,134289.68,241615.359
600036.SH,2017-01-12,17.95,18.13,17.94,18.0,17.96,0.04,0.22,140958.58,254229.662
600036.SH,2017-01-13,18.0,18.38,17.98,18.22,18.0,0.22,1.22,251178.71,456928.155
600036.SH,2017-01-16,18.18,18.59,18.16,18.58,18.22,0.36,1.98,751046.66,1385245.874
600036.SH,2017-01-17,18.5,18.59,18.43,18.45,18.58,-0.13,-0.7,235660.1,435835.492
600036.SH,2017-01-18,18.49,18.61,18.47,18.59,18.45,0.14,0.76,178795.65,331977.183
600036.SH,2017-01-19,18.55,18.74,18.51,18.52,18.59,-0.07,-0.38,131174.22,244232.036
600036.SH,2017-01-20,18.54,18.65,18.47,18.59,18.52,0.07,0.38,217390.51,403155.082
600036.SH,2017-01-23,18.68,18.76,18.41,18.5,18.59,-0.09,-0.48,198798.18,369761.617
600036.SH,2017-01-24,18.59,18.88,18.5,18.87,18.5,0.37,2.0,255436.3,479286.639
600036.SH,2017-01-25,18.81,18.95,18.68,18.88,18.87,0.01,0.05,152721.78,287271.129
600036.SH,2017-01-26,18.9,19.25,18.82,19.0,18.88,0.12,0.64,273186.66,521508.255
600036.SH,2017-02-03,19.08,19.08,18.66,18.7,19.0,-0.3,-1.58,233073.1,437172.383
600036.SH,2017-02-06,18.88,18.9,18.54,18.62,18.7,-0.08,-0.43,240443.19,449830.958
600036.SH,2017-02-07,18.63,18.68,18.55,18.57,18.62,-0.05,-0.27,229412.49,426839.076
600036.SH,2017-02-08,18.55,18.6,18.48,18.6,18.57,0.03,0.16,197103.26,365540.23
600036.SH,2017-02-09,18.59,18.93,18.59,18.73,18.6,0.13,0.7,222498.68,418114.739
600036.SH,2017-02-10,18.86,18.97,18.73,18.9,18.73,0.17,0.91,396428.13,748379.533
600036.SH,2017-02-13,18.9,19.09,18.89,18.97,18.9,0.07,0.37,253309.96,480693.333
600036.SH,2017-02-14,19.0,19.03,18.81,18.87,18.97,-0.1,-0.53,237877.41,449426.415
600036.SH,2017-02-15,18.97,19.23,18.9,19.13,18.87,0.26,1.38,596844.78,1140926.371
600036.SH,2017-02-16,19.19,19.34,19.04,19.14,19.13,0.01,0.05,352234.24,674770.077
600036.SH,2017-02-17,19.19,19.23,18.98,19.02,19.14,-0.12,-0.63,179806.08,343397.818
600036.SH,2017-02-20,19.03,19.5,18.98,19.4,19.02,0.38,2.0,446350.85,864176.288
600036.SH,2017-02-21,19.43,19.81,19.39,19.41,19.4,0.01,0.05,300567.84,588854.418
600036.SH,2017-02-22,19.43,19.57,19.3,19.4,19.41,-0.01,-0.05,225502.62,437723.37
600036.SH,2017-02-23,19.41,19.44,19.27,19.38,19.4,-0.02,-0.1,156566.02,303013.864
600036.SH,2017-02-24,19.38,19.5,19.27,19.43,19.38,0.05,0.26,207022.6,401104.877
600036.SH,2017-02-27,19.38,19.57,19.26,19.41,19.43,-0.02,-0.1,254521.55,494391.315
600036.SH,2017-02-28,19.4,19.58,19.36,19.44,19.41,0.03,0.15,165953.74,323451.6
600036.SH,2017-03-01,19.45,19.51,19.28,19.34,19.44,-0.1,-0.51,239839.33,464816.279
600036.SH,2017-03-02,19.38,19.45,19.07,19.1,19.34,-0.24,-1.24,241513.35,463994.964
600036.SH,2017-03-03,19.07,19.17,18.95,19.01,19.1,-0.09,-0.47,169721.46,323332.715
600036.SH,2017-03-06,19.01,19.39,19.0,19.06,19.01,0.05,0.26,238081.14,457260.951
600036.SH,2017-03-07,19.1,19.29,18.97,19.24,19.06,0.18,0.94,252478.32,482993.296
600036.SH,2017-03-08,19.12,19.35,19.08,19.29,19.24,0.05,0.26,194865.76,374347.185
600036.SH,2017-03-09,19.25,19.25,18.92,19.05,19.29,-0.24,-1.24,231953.22,441475.794
600036.SH,2017-03-10,19.02,19.05,18.83,18.91,19.05,-0.14,-0.73,209052.58,394814.387
600036.SH,2017-03-13,18.89,19.05,18.81,19.03,18.91,0.12,0.63,170561.07,323081.96
600036.SH,2017-03-14,19.04,19.19,19.02,19.1,19.03,0.07,0.37,181592.74,346992.938
600036.SH,2017-03-15,19.1,19.13,18.96,19.01,19.1,-0.09,-0.47,218284.14,415062.773
600036.SH,2017-03-16,19.1,19.25,19.02,19.06,19.01,0.05,0.26,311854.72,596890.775
600036.SH,2017-03-17,19.17,19.21,18.78,18.81,19.06,-0.25,-1.31,355353.57,675517.9
600036.SH,2017-03-20,18.89,18.95,18.61,18.76,18.81,-0.05,-0.27,334630.11,627135.945
600036.SH,2017-03-21,18.75,18.83,18.65,18.76,18.76,0.0,0.0,401848.05,752524.925
600036.SH,2017-03-22,18.74,18.75,18.48,18.52,18.76,-0.24,-1.28,469079.76,871125.185
600036.SH,2017-03-23,18.52,18.81,18.48,18.64,18.52,0.12,0.65,409431.4,766200.254
600036.SH,2017-03-24,18.77,18.79,18.63,18.78,18.64,0.14,0.75,327816.46,613249.815
600036.SH,2017-03-27,18.79,19.32,18.79,19.1,18.78,0.32,1.7,800191.92,1531802.494
600036.SH,2017-03-28,19.25,19.31,18.91,18.97,19.1,-0.13,-0.68,420273.43,801684.355
600036.SH,2017-03-29,18.99,19.16,18.98,19.09,18.97,0.12,0.63,449347.19,857221.803
600036.SH,2017-03-30,19.09,19.15,18.96,19.02,19.09,-0.07,-0.37,257268.55,490686.364
600036.SH,2017-03-31,19.02,19.25,19.02,19.17,19.02,0.15,0.79,339623.46,650952.938
600036.SH,2017-04-05,19.22,19.29,19.01,19.07,19.17,-0.1,-0.52,486025.92,929280.304
600036.SH,2017-04-06,19.05,19.11,18.93,19.04,19.07,-0.03,-0.16,340967.37,648458.299
600036.SH,2017-04-07,19.05,19.08,18.82,18.89,19.04,-0.15,-0.79,440340.33,833989.126
600036.SH,2017-04-10,18.93,18.97,18.7,18.91,18.89,0.02,0.11,323135.32,609971.571
600036.SH,2017-04-11,18.91,19.05,18.88,19.02,18.91,0.11,0.58,394075.7,748244.182
600036.SH,2017-04-12,19.02,19.12,18.9,19.05,19.02,0.03,0.16,321435.38,611280.99
600036.SH,2017-04-13,19.04,19.05,18.85,18.92,19.05,-0.13,-0.68,267048.97,505235.749
600036.SH,2017-04-14,18.91,18.94,18.65,18.82,18.92,-0.1,-0.53,301427.0,564136.336
600036.SH,2017-04-17,18.77,18.9,18.6,18.88,18.82,0.06,0.32,407583.04,763022.077
600036.SH,2017-04-18,18.8,18.85,18.6,18.6,18.88,-0.28,-1.48,315857.92,591650.46
600036.SH,2017-04-19,18.58,18.75,18.4,18.46,18.6,-0.14,-0.75,309280.72,573673.705
600036.SH,2017-04-20,18.59,18.6,18.38,18.39,18.46,-0.07,-0.38,283677.69,523852.163
600036.SH,2017-04-21,18.5,18.93,18.39,18.8,18.39,0.41,2.23,497430.44,935678.843
600036.SH,2017-04-24,18.89,19.01,18.8,18.91,18.8,0.11,0.59,371433.01,703849.043
600036.SH,2017-04-25,18.95,19.06,18.78,18.96,18.91,0.05,0.26,408790.01,773462.782
600036.SH,2017-04-26,18.97,19.18,18.91,19.11,18.96,0.15,0.79,424191.44,810267.727
600036.SH,2017-04-27,19.01,19.08,18.83,18.98,19.11,-0.13,-0.68,345574.8,654130.103
600036.SH,2017-04-28,19.1,19.24,19.01,19.13,18.98,0.15,0.79,494596.93,945369.17
600036.SH,2017-05-02,19.14,19.21,18.94,19.01,19.13,-0.12,-0.63,277869.07,529881.14
600036.SH,2017-05-03,18.99,19.03,18.85,18.93,19.01,-0.08,-0.42,180579.05,342113.79
600036.SH,2017-05-04,18.95,18.97,18.66,18.75,18.93,-0.18,-0.95,396733.9,743771.32
600036.SH,2017-05-05,18.79,18.84,18.54,18.8,18.75,0.05,0.27,343184.43,640625.529
600036.SH,2017-05-08,18.67,18.86,18.65,18.79,18.8,-0.01,-0.05,429984.87,806982.677
600036.SH,2017-05-09,18.8,18.85,18.74,18.79,18.79,0.0,0.0,149056.01,280094.859
600036.SH,2017-05-10,18.85,19.18,18.81,19.02,18.79,0.23,1.22,420663.3,802326.323
600036.SH,2017-05-11,19.09,19.45,19.0,19.26,19.02,0.24,1.26,471933.21,909384.83
600036.SH,2017-05-12,19.25,20.38,19.19,20.34,19.26,1.08,5.61,1223924.16,2442104.349
600036.SH,2017-05-15,20.45,21.1,20.42,20.67,20.34,0.33,1.62,835590.57,1738353.333
600036.SH,2017-05-16,20.55,20.74,20.34,20.49,20.67,-0.18,-0.87,647317.94,1325991.067
600036.SH,2017-05-17,20.36,20.53,20.06,20.19,20.49,-0.3,-1.46,596935.02,1206835.053
600036.SH,2017-05-18,20.01,20.32,20.01,20.25,20.19,0.06,0.3,363454.21,732979.584
600036.SH,2017-05-19,20.17,20.59,20.11,20.53,20.25,0.28,1.38,391794.6,798985.922
600036.SH,2017-05-22,20.46,21.15,20.46,20.89,20.53,0.36,1.75,578885.23,1212784.537
600036.SH,2017-05-23,20.88,22.0,20.88,21.83,20.89,0.94,4.5,950344.29,2057868.441
600036.SH,2017-05-24,21.82,22.26,21.54,21.91,21.83,0.08,0.37,741506.74,1623533.234
600036.SH,2017-05-25,21.81,23.01,21.8,22.95,21.91,1.04,4.75,1066678.13,2416876.399
600036.SH,2017-05-26,22.99,23.06,22.44,22.64,22.95,-0.31,-1.35,785054.19,1785010.219
600036.SH,2017-05-31,22.45,22.96,22.18,22.42,22.64,-0.22,-0.97,739755.17,1666165.857
600036.SH,2017-06-01,22.33,22.65,22.23,22.59,22.42,0.17,0.76,780922.38,1753824.149
600036.SH,2017-06-02,22.7,22.75,22.07,22.16,22.59,-0.43,-1.9,510194.53,1138839.813
600036.SH,2017-06-05,21.93,22.17,21.6,21.98,22.16,-0.18,-0.81,650265.49,1419799.513
600036.SH,2017-06-06,22.0,22.13,21.66,21.93,21.98,-0.05,-0.23,548844.5,1199205.646
600036.SH,2017-06-07,22.02,22.58,21.95,22.52,21.93,0.59,2.69,964963.05,2160376.512
600036.SH,2017-06-08,22.35,22.78,21.98,22.74,22.52,0.22,0.98,748657.98,1680209.789
600036.SH,2017-06-09,22.75,23.3,22.62,22.91,22.74,0.17,0.75,837533.01,1924613.476
600036.SH,2017-06-12,22.84,23.26,22.66,22.84,22.91,-0.07,-0.31,555654.34,1276327.539
600036.SH,2017-06-13,22.9,22.98,22.3,22.49,22.84,-0.35,-1.53,542608.16,1220058.068
600036.SH,2017-06-14,21.75,21.86,21.22,21.3,21.75,-0.45,-2.07,518015.61,1115250.426
600036.SH,2017-06-15,21.3,21.64,20.9,20.93,21.3,-0.37,-1.74,675372.81,1425902.902
600036.SH,2017-06-16,20.91,21.09,20.74,20.81,20.93,-0.12,-0.57,531910.74,1113029.442
600036.SH,2017-06-19,20.92,21.3,20.83,21.16,20.81,0.35,1.68,546633.3,1152930.39
600036.SH,2017-06-20,21.3,21.54,20.92,21.08,21.16,-0.08,-0.38,532168.17,1127816.326
600036.SH,2017-06-21,21.29,21.35,20.84,21.31,21.08,0.23,1.09,507863.21,1074173.574
600036.SH,2017-06-22,21.25,23.23,21.2,22.73,21.31,1.42,6.66,1523888.02,3414570.661
600036.SH,2017-06-23,22.61,23.08,22.28,23.03,22.73,0.3,1.32,941208.81,2136408.542
600036.SH,2017-06-26,23.08,23.91,22.99,23.04,23.03,0.01,0.04,889957.83,2084599.648
600036.SH,2017-06-27,22.94,24.58,22.73,24.36,23.04,1.32,5.73,1075846.36,2541437.047
600036.SH,2017-06-28,24.11,24.48,23.8,23.8,24.36,-0.56,-2.3,737129.67,1774023.852
600036.SH,2017-06-29,24.0,24.34,23.67,24.15,23.8,0.35,1.47,594213.56,1432956.91
600036.SH,2017-06-30,24.0,24.18,23.7,23.91,24.15,-0.24,-0.99,406988.2,972087.189
600036.SH,2017-07-03,23.8,23.8,23.33,23.52,23.91,-0.39,-1.63,416238.71,979092.99
600036.SH,2017-07-04,23.51,23.6,22.82,23.0,23.52,-0.52,-2.21,573636.8,1325615.809
600036.SH,2017-07-05,22.98,24.05,22.85,23.9,23.0,0.9,3.91,783996.96,1836342.521
600036.SH,2017-07-06,23.71,24.14,23.4,23.96,23.9,0.06,0.25,624333.0,1481675.281
600036.SH,2017-07-07,23.8,23.9,23.05,23.26,23.96,-0.7,-2.92,632179.85,1478551.36
600036.SH,2017-07-10,23.32,23.58,23.05,23.26,23.26,0.0,0.0,372034.37,866708.205
600036.SH,2017-07-11,23.23,24.38,23.16,24.08,23.26,0.82,3.53,730383.07,1747996.95
600036.SH,2017-07-12,24.1,25.07,23.95,24.34,24.08,0.26,1.08,858003.91,2107028.263
600036.SH,2017-07-13,24.34,25.05,24.21,24.9,24.34,0.56,2.3,559404.16,1386998.099
600036.SH,2017-07-14,24.99,25.41,24.74,25.18,24.9,0.28,1.12,508060.29,1271884.056
600036.SH,2017-07-17,25.1,25.65,24.74,25.11,25.18,-0.07,-0.28,709287.5,1788461.115
600036.SH,2017-07-18,24.9,25.06,24.04,24.52,25.11,-0.59,-2.35,645346.55,1583816.688
600036.SH,2017-07-19,24.44,25.37,24.4,25.22,24.52,0.7,2.85,630770.91,1570233.807
600036.SH,2017-07-20,25.1,25.25,24.8,25.2,25.22,-0.02,-0.08,514337.44,1286272.353
600036.SH,2017-07-21,25.08,25.36,24.64,24.74,25.2,-0.46,-1.83,327647.47,818375.348
600036.SH,2017-07-24,24.77,25.76,24.67,25.71,24.74,0.97,3.92,625922.01,1587410.697
600036.SH,2017-07-25,25.8,26.24,25.4,25.53,25.71,-0.18,-0.7,743945.06,1922841.202
600036.SH,2017-07-26,25.52,26.04,25.16,25.46,25.53,-0.07,-0.27,463343.11,1184402.333
600036.SH,2017-07-27,25.48,26.17,25.4,25.9,25.46,0.44,1.73,434532.32,1124251.958
600036.SH,2017-07-28,25.77,26.0,25.5,25.78,25.9,-0.12,-0.46,280361.97,720520.363
600036.SH,2017-07-31,25.64,25.95,25.38,25.57,25.78,-0.21,-0.81,341959.65,875073.761
600036.SH,2017-08-01,25.58,26.15,25.35,26.14,25.57,0.57,2.23,478065.69,1237126.956
600036.SH,2017-08-02,26.12,27.08,26.02,26.62,26.14,0.48,1.84,606283.59,1619543.973
600036.SH,2017-08-03,26.52,26.66,25.84,25.89,26.62,-0.73,-2.74,510286.09,1338776.407
600036.SH,2017-08-04,25.87,26.1,25.32,25.52,25.89,-0.37,-1.43,489270.96,1252754.939
600036.SH,2017-08-07,25.4,26.1,25.4,25.98,25.52,0.46,1.8,309135.83,799024.681
600036.SH,2017-08-08,25.9,26.06,25.66,25.85,25.98,-0.13,-0.5,220463.46,569318.274
600036.SH,2017-08-09,25.78,26.08,25.51,25.54,25.85,-0.31,-1.2,292485.9,754403.237
600036.SH,2017-08-10,25.47,25.74,24.98,25.14,25.54,-0.4,-1.57,464651.33,1172008.477
600036.SH,2017-08-11,24.97,25.26,24.44,24.49,25.14,-0.65,-2.59,521732.38,1295751.449
600036.SH,2017-08-14,24.6,24.88,24.25,24.8,24.49,0.31,1.27,535947.72,1318539.816
600036.SH,2017-08-15,24.8,25.86,24.78,25.53,24.8,0.73,2.94,536900.1,1370978.51
600036.SH,2017-08-16,25.41,25.47,25.02,25.17,25.53,-0.36,-1.41,297828.47,750197.213
600036.SH,2017-08-17,25.19,25.3,24.85,25.06,25.17,-0.11,-0.44,321460.44,803371.848
600036.SH,2017-08-18,24.91,25.59,24.8,25.42,25.06,0.36,1.44,397344.26,1003556.219
600036.SH,2017-08-21,25.42,25.52,25.05,25.3,25.42,-0.12,-0.47,315253.64,796215.293
600036.SH,2017-08-22,25.42,25.93,25.18,25.89,25.3,0.59,2.33,502879.37,1289000.316
600036.SH,2017-08-23,25.98,26.83,25.83,26.52,25.89,0.63,2.43,607368.01,1607392.857
600036.SH,2017-08-24,26.5,26.84,26.21,26.69,26.52,0.17,0.64,461615.5,1228209.405
600036.SH,2017-08-25,26.8,27.58,26.8,27.53,26.69,0.84,3.15,660920.14,1796548.787
600036.SH,2017-08-28,27.58,27.9,27.01,27.24,27.53,-0.29,-1.05,547461.21,1504650.78
600036.SH,2017-08-29,27.26,27.46,27.06,27.14,27.24,-0.1,-0.37,328702.41,894606.523
600036.SH,2017-08-30,27.39,27.96,26.97,27.16,27.14,0.02,0.07,472055.69,1292864.155
600036.SH,2017-08-31,27.16,27.28,26.41,26.75,27.16,-0.41,-1.51,590810.38,1576347.728
600036.SH,2017-09-01,26.74,27.18,26.53,26.76,26.75,0.01,0.04,479746.43,1287996.634
600036.SH,2017-09-04,26.54,26.99,26.42,26.96,26.76,0.2,0.75,356316.93,953928.876
600036.SH,2017-09-05,26.9,27.37,26.74,27.34,26.96,0.38,1.41,405732.9,1101285.043
600036.SH,2017-09-06,27.28,27.28,26.78,26.88,27.34,-0.46,-1.68,329486.66,890348.914
600036.SH,2017-09-07,26.9,26.9,26.31,26.35,26.88,-0.53,-1.97,466756.59,1237783.129
600036.SH,2017-09-08,26.36,26.6,26.29,26.38,26.35,0.03,0.11,290972.13,768685.716
600036.SH,2017-09-11,26.6,26.89,26.12,26.18,26.38,-0.2,-0.76,467592.79,1236452.294
600036.SH,2017-09-12,26.28,26.49,25.96,26.44,26.18,0.26,0.99,426202.26,1117346.102
600036.SH,2017-09-13,26.44,26.48,26.05,26.17,26.44,-0.27,-1.02,328668.66,861995.11
600036.SH,2017-09-14,26.18,26.25,25.65,25.86,26.17,-0.31,-1.18,472234.52,1222804.952
600036.SH,2017-09-15,25.75,26.08,25.59,25.97,25.86,0.11,0.43,327862.67,847804.833
600036.SH,2017-09-18,25.97,26.1,25.69,25.76,25.97,-0.21,-0.81,511077.28,1323656.291
600036.SH,2017-09-19,25.79,26.25,25.69,26.17,25.76,0.41,1.59,472741.18,1228816.253
600036.SH,2017-09-20,26.11,26.32,25.82,25.89,26.17,-0.28,-1.07,517859.47,1350601.225
600036.SH,2017-09-21,25.95,26.29,25.85,26.06,25.89,0.17,0.66,409272.53,1066972.505
600036.SH,2017-09-22,25.9,26.28,25.83,25.95,26.06,-0.11,-0.42,280309.92,729528.084
600036.SH,2017-09-25,25.86,26.12,25.7,25.81,25.95,-0.14,-0.54,320064.96,829467.446
600036.SH,2017-09-26,25.71,25.9,25.64,25.71,25.81,-0.1,-0.39,224680.76,578862.322
600036.SH,2017-09-27,25.67,25.75,25.32,25.4,25.71,-0.31,-1.21,337791.55,861005.161
600036.SH,2017-09-28,25.48,25.49,25.12,25.2,25.4,-0.2,-0.79,347232.19,875845.413
600036.SH,2017-09-29,25.2,25.78,25.13,25.55,25.2,0.35,1.39,471641.83,1200679.062
600036.SH,2017-10-09,26.8,26.99,25.89,26.08,25.55,0.53,2.07,1002965.37,2651928.457
600036.SH,2017-10-10,26.05,26.55,25.42,26.12,26.08,0.04,0.15,1052506.62,2722110.394
600036.SH,2017-10-11,26.05,26.25,25.91,26.04,26.12,-0.08,-0.31,483999.77,1261376.447
600036.SH,2017-10-12,26.14,26.55,26.04,26.37,26.04,0.33,1.27,478422.07,1257728.399
600036.SH,2017-10-13,26.37,26.55,26.16,26.2,26.37,-0.17,-0.64,327343.25,860203.544
600036.SH,2017-10-16,26.29,26.95,26.2,26.87,26.2,0.67,2.56,707031.52,1886449.497
600036.SH,2017-10-17,26.7,27.33,26.68,27.03,26.87,0.16,0.6,582939.41,1577299.201
600036.SH,2017-10-18,27.06,27.29,26.91,27.11,27.03,0.08,0.3,383277.77,1037664.392
600036.SH,2017-10-19,27.16,27.3,26.92,27.1,27.11,-0.01,-0.04,408096.14,1107391.135
600036.SH,2017-10-20,26.96,27.07,26.7,26.77,27.1,-0.33,-1.22,281302.62,755916.482
600036.SH,2017-10-23,26.77,26.89,26.47,26.5,26.77,-0.27,-1.01,347313.42,925253.803
600036.SH,2017-10-24,26.52,26.83,26.41,26.62,26.5,0.12,0.45,370779.31,988906.813
600036.SH,2017-10-25,26.57,26.89,26.4,26.8,26.62,0.18,0.68,339319.69,905316.39
600036.SH,2017-10-26,26.66,27.2,26.42,26.55,26.8,-0.25,-0.93,688502.33,1839713.642
600036.SH,2017-10-27,26.68,28.14,26.68,28.1,26.55,1.55,5.84,1228582.98,3388881.803
600036.SH,2017-10-30,27.85,28.06,27.51,27.79,28.1,-0.31,-1.1,1039980.76,2890850.82
600036.SH,2017-10-31,27.5,27.6,26.91,27.1,27.79,-0.69,-2.48,624173.34,1692746.769
600036.SH,2017-11-01,27.11,27.18,26.65,26.9,27.1,-0.2,-0.74,695137.33,1866958.998
600036.SH,2017-11-02,26.8,27.02,26.7,27.01,26.9,0.11,0.41,362394.53,974720.024
600036.SH,2017-11-03,26.98,27.16,26.61,27.06,27.01,0.05,0.19,680869.07,1829746.496
600036.SH,2017-11-06,26.9,26.94,26.27,26.61,27.06,-0.45,-1.66,699591.23,1854555.217
600036.SH,2017-11-07,26.6,27.26,26.53,27.03,26.61,0.42,1.58,730614.56,1968881.356
600036.SH,2017-11-08,27.0,27.43,26.8,27.09,27.03,0.06,0.22,720480.87,1958201.904
600036.SH,2017-11-09,26.99,27.47,26.84,27.07,27.09,-0.02,-0.07,351539.36,952783.904
600036.SH,2017-11-10,26.91,27.22,26.59,27.07,27.07,0.0,0.0,700108.39,1882008.398
600036.SH,2017-11-13,27.11,28.35,27.11,27.67,27.07,0.6,2.22,1367637.38,3814308.501
600036.SH,2017-11-14,27.75,28.28,27.68,28.02,27.67,0.35,1.26,844499.09,2361867.31
600036.SH,2017-11-15,27.79,28.3,27.61,27.88,28.02,-0.14,-0.5,690364.14,1927570.96
600036.SH,2017-11-16,27.77,28.13,27.49,28.1,27.88,0.22,0.79,679488.6,1892846.691
600036.SH,2017-11-17,28.3,29.5,28.3,29.38,28.1,1.28,4.56,1551975.18,4524400.131
600036.SH,2017-11-20,29.38,30.7,29.09,30.53,29.38,1.15,3.91,1309590.08,3912283.987
600036.SH,2017-11-21,30.3,31.3,30.08,30.36,30.53,-0.17,-0.56,1119846.33,3439543.678
600036.SH,2017-11-22,30.54,31.66,30.54,30.9,30.36,0.54,1.78,975790.5,3034245.837
600036.SH,2017-11-23,30.8,31.13,29.5,30.0,30.9,-0.9,-2.91,890795.47,2709651.298
600036.SH,2017-11-24,30.25,30.79,29.63,30.09,30.0,0.09,0.3,812637.87,2447316.075
600036.SH,2017-11-27,29.86,29.95,28.88,29.88,30.09,-0.21,-0.7,985411.0,2899282.314
600036.SH,2017-11-28,29.46,29.73,28.9,29.19,29.88,-0.69,-2.31,616270.96,1801453.86
600036.SH,2017-11-29,29.31,29.69,28.81,29.56,29.19,0.37,1.27,580196.44,1699268.388
600036.SH,2017-11-30,29.32,29.46,28.74,28.99,29.56,-0.57,-1.93,501838.02,1458283.316
600036.SH,2017-12-01,28.99,29.11,28.35,28.61,28.99,-0.38,-1.31,675775.61,1936547.906
600036.SH,2017-12-04,28.43,29.07,28.42,28.72,28.61,0.11,0.38,416075.47,1197481.935
600036.SH,2017-12-05,28.72,29.59,28.72,29.49,28.72,0.77,2.68,884529.2,2588555.823
600036.SH,2017-12-06,29.35,29.35,28.51,28.93,29.49,-0.56,-1.9,552655.42,1602158.0
600036.SH,2017-12-07,28.7,29.07,27.85,28.25,28.93,-0.68,-2.35,652152.49,1846806.14
600036.SH,2017-12-08,28.12,28.58,27.91,28.52,28.25,0.27,0.96,521478.04,1476432.452
600036.SH,2017-12-11,28.44,29.0,27.96,28.93,28.52,0.41,1.44,797430.13,2266771.061
600036.SH,2017-12-12,28.7,29.07,28.33,28.35,28.93,-0.58,-2.0,551097.15,1579380.952
600036.SH,2017-12-13,28.35,28.78,27.95,28.6,28.35,0.25,0.88,536158.8,1517011.706
600036.SH,2017-12-14,28.53,29.0,28.45,28.63,28.6,0.03,0.1,529391.87,1520833.399
600036.SH,2017-12-15,28.57,28.6,28.0,28.06,28.63,-0.57,-1.99,488065.21,1378078.334
600036.SH,2017-12-18,28.1,28.51,28.05,28.33,28.06,0.27,0.96,373894.97,1058596.842
600036.SH,2017-12-19,28.47,29.5,28.34,29.36,28.33,1.03,3.64,771232.0,2238122.922
600036.SH,2017-12-20,29.41,29.75,29.08,29.47,29.36,0.11,0.37,554399.85,1631568.151
600036.SH,2017-12-21,29.37,30.0,29.2,29.64,29.47,0.17,0.58,567380.26,1684770.426
600036.SH,2017-12-22,29.51,29.64,29.16,29.29,29.64,-0.35,-1.18,443138.47,1301573.567
600036.SH,2017-12-25,29.19,29.97,29.12,29.29,29.29,0.0,0.0,601075.75,1777969.13
600036.SH,2017-12-26,29.22,29.8,29.21,29.71,29.29,0.42,1.43,613999.8,1817411.822
600036.SH,2017-12-27,29.5,29.78,28.58,28.76,29.71,-0.95,-3.2,633932.14,1845505.286
600036.SH,2017-12-28,28.75,28.92,28.45,28.63,28.76,-0.13,-0.45,421202.27,1209920.394
600036.SH,2017-12-29,28.63,29.04,28.61,29.02,28.63,0.39,1.36,329042.89,950964.505
600036.SH,2018-01-02,29.02,30.06,29.02,29.62,29.02,0.6,2.07,675913.07,2009147.017
600036.SH,2018-01-03,29.74,30.48,29.64,29.97,29.62,0.35,1.18,718503.39,2161448.686
600036.SH,2018-01-04,30.28,30.36,29.4,29.65,29.97,-0.32,-1.07,516865.93,1540869.738
600036.SH,2018-01-05,29.87,30.25,29.46,30.1,29.65,0.45,1.52,479908.2,1435732.659
600036.SH,2018-01-08,29.92,30.05,29.31,29.47,30.1,-0.63,-2.09,658578.9,1943542.23
600036.SH,2018-01-09,29.52,29.91,29.35,29.77,29.47,0.3,1.02,398677.97,1179590.638
600036.SH,2018-01-10,29.66,30.77,29.58,30.53,29.77,0.76,2.55,799282.86,2428313.433
600036.SH,2018-01-11,30.52,31.15,30.4,30.92,30.53,0.39,1.28,540744.86,1668764.826
600036.SH,2018-01-12,31.12,31.58,31.02,31.51,30.92,0.59,1.91,487343.15,1528109.286
600036.SH,2018-01-15,31.48,32.4,31.3,31.94,31.51,0.43,1.36,673146.01,2148679.981
600036.SH,2018-01-16,31.8,32.28,31.54,31.89,31.94,-0.05,-0.16,652819.03,2080015.556
600036.SH,2018-01-17,32.1,33.11,31.5,31.69,31.89,-0.2,-0.63,1026546.38,3328493.188
600036.SH,2018-01-18,32.1,32.75,32.1,32.32,31.69,0.63,1.99,811039.71,2628880.183
600036.SH,2018-01-19,32.66,33.35,32.21,32.46,32.32,0.14,0.43,841328.9,2769050.365
600036.SH,2018-01-22,32.18,33.64,32.15,33.08,32.46,0.62,1.91,945729.55,3131534.666
600036.SH,2018-01-23,33.2,34.17,33.2,34.05,33.08,0.97,2.93,868994.82,2940790.081
600036.SH,2018-01-24,34.25,35.35,33.45,33.85,34.05,-0.2,-0.59,1176483.67,4066613.177
600036.SH,2018-01-25,34.01,34.02,32.9,33.41,33.85,-0.44,-1.3,789040.29,2631028.018
600036.SH,2018-01-26,33.19,34.3,33.19,33.47,33.41,0.06,0.18,706673.94,2386060.809
600036.SH,2018-01-29,33.5,34.08,32.81,32.98,33.47,-0.49,-1.46,684920.95,2299932.912
600036.SH,2018-01-30,32.9,33.16,32.41,32.57,32.98,-0.41,-1.24,365713.13,1196780.358
600036.SH,2018-01-31,32.34,33.99,32.22,33.94,32.57,1.37,4.21,664794.2,2209958.335
600036.SH,2018-02-01,34.05,34.92,33.85,34.45,33.94,0.51,1.5,692849.61,2378431.192
600036.SH,2018-02-02,34.04,34.58,33.69,34.5,34.45,0.05,0.15,494732.07,1690289.981
600036.SH,2018-02-05,33.83,35.11,33.8,34.89,34.5,0.39,1.13,743285.91,2570911.068
600036.SH,2018-02-06,34.1,34.69,33.49,34.62,34.89,-0.27,-0.77,1416913.37,4822983.754
600036.SH,2018-02-07,34.58,34.93,32.1,32.39,34.62,-2.23,-6.44,1502882.62,4982015.761
600036.SH,2018-02-08,31.95,32.38,30.83,31.28,32.39,-1.11,-3.43,1069829.61,3355653.733
600036.SH,2018-02-09,30.33,30.81,28.6,30.71,31.28,-0.57,-1.82,1327539.69,3963446.85
600036.SH,2018-02-12,30.4,30.64,29.4,30.05,30.71,-0.66,-2.15,876966.16,2637441.867
600036.SH,2018-02-13,30.38,31.27,30.35,30.91,30.05,0.86,2.86,799267.73,2463683.749
600036.SH,2018-02-14,30.95,31.47,30.42,31.37,30.91,0.46,1.49,334942.93,1042018.691
600036.SH,2018-02-22,31.88,32.2,31.18,31.5,31.37,0.13,0.41,677681.09,2144014.339
600036.SH,2018-02-23,31.5,32.1,31.22,31.78,31.5,0.28,0.89,515007.54,1626590.713
600036.SH,2018-02-26,31.89,32.35,31.23,31.51,31.78,-0.27,-0.85,718618.12,2272643.325
600036.SH,2018-02-27,31.57,31.65,30.65,30.87,31.51,-0.64,-2.03,715338.2,2216705.983
600036.SH,2018-02-28,30.38,30.75,30.01,30.3,30.87,-0.57,-1.85,532577.06,1612634.053
600036.SH,2018-03-01,30.03,30.86,30.01,30.4,30.3,0.1,0.33,402769.61,1226158.291
600036.SH,2018-03-02,30.12,30.46,30.02,30.03,30.4,-0.37,-1.22,338759.97,1021219.184
600036.SH,2018-03-05,30.1,30.58,29.92,30.15,30.03,0.12,0.4,336201.19,1013168.739
600036.SH,2018-03-06,30.39,30.47,29.49,30.04,30.15,-0.11,-0.36,618836.56,1851222.444
600036.SH,2018-03-07,30.5,31.08,30.35,30.77,30.04,0.73,2.43,842334.44,2596877.499
600036.SH,2018-03-08,30.85,31.06,30.41,30.92,30.77,0.15,0.49,405007.23,1247826.582
600036.SH,2018-03-09,31.2,31.5,30.98,31.15,30.92,0.23,0.74,355100.45,1108939.311
600036.SH,2018-03-12,31.44,31.49,30.8,30.84,31.15,-0.31,-1.0,581736.96,1807020.723
600036.SH,2018-03-13,30.9,31.38,30.63,30.73,30.84,-0.11,-0.36,373746.86,1158438.69
600036.SH,2018-03-14,30.57,30.6,30.21,30.39,30.73,-0.34,-1.11,263175.99,798808.451
600036.SH,2018-03-15,30.21,30.68,30.21,30.52,30.39,0.13,0.43,241959.76,737285.318
600036.SH,2018-03-16,30.57,30.68,30.1,30.13,30.52,-0.39,-1.28,368024.29,1116503.072
600036.SH,2018-03-19,30.01,30.74,29.9,30.71,30.13,0.58,1.93,322733.32,980755.532
600036.SH,2018-03-20,30.55,31.1,30.51,30.99,30.71,0.28,0.91,382394.59,1181777.239
600036.SH,2018-03-21,31.28,31.8,31.12,31.26,30.99,0.27,0.87,585145.45,1841756.794
600036.SH,2018-03-22,31.28,31.53,30.56,31.23,31.26,-0.03,-0.1,446275.24,1386451.117
600036.SH,2018-03-23,30.3,30.4,29.85,30.31,31.23,-0.92,-2.95,866428.19,2611002.881
600036.SH,2018-03-26,30.26,30.26,28.75,29.11,30.31,-1.2,-3.96,905780.29,2654133.43
600036.SH,2018-03-27,29.55,29.69,28.5,28.72,29.11,-0.39,-1.34,805431.33,2327605.805
600036.SH,2018-03-28,28.4,29.44,28.25,28.7,28.72,-0.02,-0.07,787978.73,2274733.768
600036.SH,2018-03-29,28.73,29.79,28.2,29.31,28.7,0.61,2.13,679494.17,1972338.359
600036.SH,2018-03-30,29.37,29.5,28.98,29.09,29.31,-0.22,-0.75,356753.22,1039897.303
600036.SH,2018-04-02,29.0,29.61,28.9,29.01,29.09,-0.08,-0.28,477386.97,1396102.301
600036.SH,2018-04-03,28.86,28.97,28.55,28.81,29.01,-0.2,-0.69,302253.98,868475.037
600036.SH,2018-04-04,28.88,29.27,28.62,28.76,28.81,-0.05,-0.17,377821.79,1095425.767
600036.SH,2018-04-09,28.86,29.17,28.64,28.84,28.76,0.08,0.28,277424.11,801133.246
600036.SH,2018-04-10,28.84,30.32,28.61,30.29,28.84,1.45,5.03,586014.6,1731213.197
600036.SH,2018-04-11,30.34,30.95,30.05,30.49,30.29,0.2,0.66,560433.06,1709631.521
600036.SH,2018-04-12,30.5,30.5,29.79,29.93,30.49,-0.56,-1.84,337674.98,1015562.874
600036.SH,2018-04-13,30.05,30.35,29.52,29.54,29.93,-0.39,-1.3,260108.73,775003.205
600036.SH,2018-04-16,29.2,29.21,27.95,28.11,29.54,-1.43,-4.84,914627.03,2595816.036
600036.SH,2018-04-17,28.25,28.29,27.58,27.69,28.11,-0.42,-1.49,610749.71,1702375.258
600036.SH,2018-04-18,28.28,28.35,27.36,28.14,27.69,0.45,1.63,659779.7,1841953.006
600036.SH,2018-04-19,28.18,28.75,28.02,28.24,28.14,0.1,0.36,424328.62,1205816.213
600036.SH,2018-04-20,28.05,28.25,27.8,28.21,28.24,-0.03,-0.11,397994.55,1116482.35
600036.SH,2018-04-23,27.93,28.45,27.91,28.29,28.21,0.08,0.28,301521.8,851443.561
600036.SH,2018-04-24,28.3,29.5,28.3,28.86,28.29,0.57,2.01,670264.12,1951397.596
600036.SH,2018-04-25,28.86,29.09,28.61,28.82,28.86,-0.04,-0.14,251675.46,726053.661
600036.SH,2018-04-26,29.1,29.32,28.55,28.8,28.82,-0.02,-0.07,339607.49,975939.725
600036.SH,2018-04-27,28.9,29.44,28.34,29.33,28.8,0.53,1.84,575079.32,1664707.507
600036.SH,2018-05-02,29.98,30.1,29.37,29.56,29.33,0.23,0.78,490570.35,1455786.499
600036.SH,2018-05-03,29.34,29.68,28.75,29.3,29.56,-0.26,-0.88,321741.38,938929.851
600036.SH,2018-05-04,29.28,29.29,28.61,28.74,29.3,-0.56,-1.91,337697.17,975938.248
600036.SH,2018-05-07,28.77,29.0,28.52,28.93,28.74,0.19,0.66,307493.61,885770.341
600036.SH,2018-05-08,29.0,29.89,28.88,29.68,28.93,0.75,2.59,503129.02,1489149.737
600036.SH,2018-05-09,29.7,29.9,29.53,29.75,29.68,0.07,0.24,222625.72,661356.498
600036.SH,2018-05-10,30.0,30.19,29.4,29.84,29.75,0.09,0.3,322191.88,957420.602
600036.SH,2018-05-11,29.73,30.2,29.68,30.08,29.84,0.24,0.8,435345.0,1307245.991
600036.SH,2018-05-14,30.5,31.21,30.3,30.82,30.08,0.74,2.46,707667.57,2175818.347
600036.SH,2018-05-15,30.85,30.9,30.32,30.56,30.82,-0.26,-0.84,329875.5,1007130.845
600036.SH,2018-05-16,30.38,30.41,29.88,29.97,30.56,-0.59,-1.93,344519.12,1038605.796
600036.SH,2018-05-17,30.0,30.21,29.6,29.8,29.97,-0.17,-0.57,290467.05,867844.69
600036.SH,2018-05-18,29.77,30.57,29.57,30.46,29.8,0.66,2.21,394017.91,1188037.515
600036.SH,2018-05-21,30.72,30.99,30.14,30.27,30.46,-0.19,-0.62,415216.42,1267521.731
600036.SH,2018-05-22,30.14,30.24,29.63,29.82,30.27,-0.45,-1.49,365426.24,1088792.95
600036.SH,2018-05-23,29.8,29.92,29.51,29.61,29.82,-0.21,-0.7,296513.43,880162.33
600036.SH,2018-05-24,29.6,29.68,29.0,29.1,29.61,-0.51,-1.72,355224.98,1041219.094
600036.SH,2018-05-25,29.08,29.43,28.99,29.21,29.1,0.11,0.38,251505.2,734119.737
600036.SH,2018-05-28,29.23,29.32,28.41,28.8,29.21,-0.41,-1.4,605072.16,1741562.593
600036.SH,2018-05-29,28.65,28.98,28.41,28.94,28.8,0.14,0.49,480534.15,1376604.969
600036.SH,2018-05-30,28.5,28.63,28.28,28.3,28.94,-0.64,-2.21,339588.88,966502.631
600036.SH,2018-05-31,28.39,29.02,28.36,28.78,28.3,0.48,1.7,522925.83,1500473.743
600036.SH,2018-06-01,28.78,28.98,28.5,28.6,28.78,-0.18,-0.63,293259.87,841358.587
600036.SH,2018-06-04,28.91,29.28,28.62,29.25,28.6,0.65,2.27,433343.96,1257114.616
600036.SH,2018-06-05,29.17,29.35,28.9,29.26,29.25,0.01,0.03,372882.25,1087160.936
600036.SH,2018-06-06,29.17,29.26,28.76,28.8,29.26,-0.46,-1.57,345608.15,1000091.941
600036.SH,2018-06-07,28.9,29.27,28.76,28.9,28.8,0.1,0.35,494430.68,1435268.845
600036.SH,2018-06-08,28.75,28.78,28.18,28.2,28.9,-0.7,-2.42,426216.27,1209479.17
600036.SH,2018-06-11,28.2,28.65,27.94,28.63,28.2,0.43,1.52,378331.56,1070796.378
600036.SH,2018-06-12,28.62,28.96,28.62,28.74,28.63,0.11,0.38,311971.55,898564.345
600036.SH,2018-06-13,28.75,28.97,28.6,28.71,28.74,-0.03,-0.1,267532.33,770378.532
600036.SH,2018-06-14,28.65,29.05,28.43,28.57,28.71,-0.14,-0.49,343383.56,984047.476
600036.SH,2018-06-15,28.47,29.08,28.42,28.94,28.57,0.37,1.3,419549.31,1213019.309
600036.SH,2018-06-19,28.64,29.24,28.45,28.99,28.94,0.05,0.17,1206094.33,3483188.942
600036.SH,2018-06-20,28.78,28.88,28.32,28.51,28.99,-0.48,-1.66,364526.37,1040634.032
600036.SH,2018-06-21,28.52,29.06,28.5,28.65,28.51,0.14,0.49,316216.66,910748.282
600036.SH,2018-06-22,28.67,28.78,28.28,28.62,28.65,-0.03,-0.1,221997.49,634077.528
600036.SH,2018-06-25,28.68,28.71,27.65,27.67,28.62,-0.95,-3.32,482160.15,1355187.817
600036.SH,2018-06-26,27.48,27.49,26.2,26.9,27.67,-0.77,-2.78,623228.18,1669754.262
600036.SH,2018-06-27,26.68,26.88,26.1,26.33,26.9,-0.57,-2.12,442689.36,1171600.53
600036.SH,2018-06-28,26.25,26.3,25.6,25.85,26.33,-0.48,-1.82,439700.14,1140542.154
600036.SH,2018-06-29,25.98,26.59,25.97,26.44,25.85,0.59,2.28,309110.69,814179.727
600036.SH,2018-07-02,26.44,26.73,25.3,25.44,26.44,-1.0,-3.78,435187.1,1124749.5
600036.SH,2018-07-03,25.44,25.47,24.7,25.22,25.44,-0.22,-0.86,658584.03,1654664.571
600036.SH,2018-07-04,25.18,25.51,24.96,25.05,25.22,-0.17,-0.67,369649.5,930211.549
600036.SH,2018-07-05,25.17,25.52,24.94,25.44,25.05,0.39,1.56,495925.11,1252366.553
600036.SH,2018-07-06,25.49,26.18,24.98,25.84,25.44,0.4,1.57,441258.91,1131470.156
600036.SH,2018-07-09,26.0,27.02,26.0,26.95,25.84,1.11,4.3,527058.16,1412279.854
600036.SH,2018-07-10,27.01,27.1,26.56,26.8,26.95,-0.15,-0.56,326841.86,875889.897
600036.SH,2018-07-11,26.08,26.79,26.0,26.6,26.8,-0.2,-0.75,316712.58,839272.378
600036.SH,2018-07-12,25.8,26.45,25.5,26.04,25.76,0.28,1.09,469426.52,1225745.783
600036.SH,2018-07-13,26.28,26.3,25.97,26.23,26.04,0.19,0.73,247061.06,646322.656
600036.SH,2018-07-16,26.17,26.58,25.58,25.67,26.23,-0.56,-2.14,359321.94,931706.273
600036.SH,2018-07-17,25.5,25.67,25.1,25.37,25.67,-0.3,-1.17,289369.01,732402.036
600036.SH,2018-07-18,25.57,25.94,25.21,25.29,25.37,-0.08,-0.32,332355.25,849465.221
600036.SH,2018-07-19,25.58,25.89,25.5,25.62,25.29,0.33,1.3,395286.7,1016389.267
600036.SH,2018-07-20,25.62,27.45,25.4,27.38,25.62,1.76,6.8696,1010892.31,2704374.608
600036.SH,2018-07-23,27.39,28.15,26.98,27.86,27.38,0.48,1.7531,924108.84,2550106.045
600036.SH,2018-07-24,27.86,28.6,27.57,27.75,27.86,-0.11,-0.3948,694538.92,1944728.34
600036.SH,2018-07-25,28.2,28.45,27.85,28.22,27.75,0.47,1.6937,430216.84,1212914.508
600036.SH,2018-07-26,28.36,28.95,27.88,28.12,28.22,-0.1,-0.3544,458657.24,1299264.844
600036.SH,2018-07-27,28.12,28.48,27.61,28.09,28.12,-0.03,-0.1067,308430.01,864315.734
600036.SH,2018-07-30,28.09,28.85,27.9,28.61,28.09,0.52,1.8512,383391.28,1086965.824
600036.SH,2018-07-31,28.6,28.73,27.95,28.39,28.61,-0.22,-0.769,348277.76,987037.63
600036.SH,2018-08-01,28.69,29.09,27.85,27.87,28.39,-0.52,-1.8316,536866.11,1531776.02
600036.SH,2018-08-02,27.8,28.1,27.0,27.18,27.87,-0.69,-2.4758,571923.9,1566477.322
600036.SH,2018-08-03,27.33,27.74,27.18,27.24,27.18,0.06,0.2208,298116.45,819624.634
600036.SH,2018-08-06,27.38,28.09,27.2,27.59,27.24,0.35,1.2849,385964.05,1069702.81
600036.SH,2018-08-07,27.59,28.5,27.49,28.48,27.59,0.89,3.2258,513960.0,1445089.051
600036.SH,2018-08-08,28.6,28.6,28.01,28.11,28.48,-0.37,-1.2992,282441.43,798263.714
600036.SH,2018-08-09,27.94,28.96,27.9,28.77,28.11,0.66,2.3479,403921.18,1153671.635
600036.SH,2018-08-10,28.81,28.85,28.13,28.44,28.77,-0.33,-1.147,271445.65,771539.712
600036.SH,2018-08-13,28.12,28.12,27.25,27.71,28.44,-0.73,-2.5668,467600.18,1288408.92
600036.SH,2018-08-14,27.66,27.79,27.24,27.51,27.71,-0.2,-0.7218,265917.33,730077.525
600036.SH,2018-08-15,27.51,27.53,26.57,26.7,27.51,-0.81,-2.9444,384433.06,1035868.466
600036.SH,2018-08-16,26.29,27.14,26.2,26.74,26.7,0.04,0.1498,383702.46,1024991.052
600036.SH,2018-08-17,27.1,27.2,26.44,26.52,26.74,-0.22,-0.8227,259363.25,697067.989
600036.SH,2018-08-20,26.99,27.11,26.42,26.96,26.52,0.44,1.6591,369550.56,992571.277
600036.SH,2018-08-21,27.04,27.42,26.89,27.1,26.96,0.14,0.5193,369906.29,1005654.829
600036.SH,2018-08-22,27.19,27.2,26.82,27.04,27.1,-0.06,-0.2214,202681.37,548067.472
600036.SH,2018-08-23,27.14,27.45,26.82,27.3,27.04,0.26,0.9615,321319.89,874029.537
600036.SH,2018-08-24,27.15,28.3,26.96,27.7,27.3,0.4,1.4652,480269.75,1325865.555
600036.SH,2018-08-27,28.05,28.61,27.85,28.54,27.7,0.84,3.0325,510807.55,1443348.642
600036.SH,2018-08-28,28.57,29.01,28.54,28.62,28.54,0.08,0.2803,368443.55,1060897.27
600036.SH,2018-08-29,28.63,29.0,28.45,28.76,28.62,0.14,0.4892,260969.41,749530.161
600036.SH,2018-08-30,28.73,28.87,28.08,28.14,28.76,-0.62,-2.1558,272573.33,772976.674
600036.SH,2018-08-31,28.01,28.75,27.98,28.29,28.14,0.15,0.533,460881.48,1309258.982
600036.SH,2018-09-03,28.32,28.44,27.96,28.14,28.29,-0.15,-0.5302,260701.01,734063.563
600036.SH,2018-09-04,28.18,28.75,27.93,28.64,28.14,0.5,1.7768,328223.55,931947.242
600036.SH,2018-09-05,28.35,28.48,27.68,27.69,28.64,-0.95,-3.317,359403.14,1008629.733
600036.SH,2018-09-06,27.7,27.85,27.43,27.5,27.69,-0.19,-0.6862,245919.32,679321.762
600036.SH,2018-09-07,27.65,28.2,27.6,28.17,27.5,0.67,2.4364,397195.87,1111287.76
600036.SH,2018-09-10,27.96,28.3,27.78,27.9,28.17,-0.27,-0.9585,263784.71,739029.722
600036.SH,2018-09-11,27.95,28.1,27.14,27.4,27.9,-0.5,-1.7921,334693.3,923390.421
600036.SH,2018-09-12,27.22,27.6,27.01,27.4,27.4,0.0,0.0,229876.13,626631.245
600036.SH,2018-09-13,27.94,28.02,27.29,27.76,27.4,0.36,1.3139,306764.78,847633.415
600036.SH,2018-09-14,27.99,27.99,27.68,27.88,27.76,0.12,0.4323,175460.04,488249.006
600036.SH,2018-09-17,27.73,27.8,27.37,27.45,27.88,-0.43,-1.5423,162202.19,446801.683
600036.SH,2018-09-18,27.45,28.25,27.38,28.18,27.45,0.73,2.6594,399372.29,1112244.774
600036.SH,2018-09-19,28.16,28.65,27.96,28.4,28.18,0.22,0.7807,432734.86,1227422.967
600036.SH,2018-09-20,28.58,28.85,28.37,28.51,28.4,0.11,0.3873,286582.73,818977.671
600036.SH,2018-09-21,28.7,30.3,28.45,30.3,28.51,1.79,6.2785,778372.95,2295785.053
600036.SH,2018-09-25,29.83,30.09,29.32,29.62,30.3,-0.68,-2.2442,527381.86,1567282.266
600036.SH,2018-09-26,29.75,30.99,29.41,30.45,29.62,0.83,2.8022,749317.99,2270642.277
600036.SH,2018-09-27,30.26,30.69,30.01,30.43,30.45,-0.02,-0.0657,402571.93,1221936.467
600036.SH,2018-09-28,30.67,31.11,30.3,30.69,30.43,0.26,0.8544,556008.15,1709812.847
600036.SH,2018-10-08,29.7,30.09,29.36,29.43,30.69,-1.26,-4.1056,623333.82,1851291.903
600036.SH,2018-10-09,29.33,29.69,29.0,29.4,29.43,-0.03,-0.1019,421493.3,1233995.871
600036.SH,2018-10-10,29.35,29.89,29.15,29.6,29.4,0.2,0.6803,390003.77,1152179.444
600036.SH,2018-10-11,28.66,29.07,28.11,28.45,29.6,-1.15,-3.8851,615476.91,1764499.442
600036.SH,2018-10-12,28.7,29.37,28.46,29.16,28.45,0.71,2.4956,661307.02,1910801.822
600036.SH,2018-10-15,29.16,29.18,28.55,28.74,29.16,-0.42,-1.4403,349998.84,1009163.706
600036.SH,2018-10-16,28.82,29.8,28.74,29.1,28.74,0.36,1.2526,577691.91,1688042.114
600036.SH,2018-10-17,29.4,29.5,28.18,29.0,29.1,-0.1,-0.3436,668764.04,1934456.824
600036.SH,2018-10-18,28.78,28.85,27.88,27.9,29.0,-1.1,-3.7931,574418.73,1625603.167
600036.SH,2018-10-19,27.75,29.38,27.5,29.21,27.9,1.31,4.6953,767032.29,2193187.127
600036.SH,2018-10-22,29.53,30.54,29.53,30.0,29.21,0.79,2.7046,840796.84,2533871.247
600036.SH,2018-10-23,30.16,30.16,28.75,29.02,30.0,-0.98,-3.2667,594114.38,1750813.038
600036.SH,2018-10-24,29.11,30.32,29.09,29.39,29.02,0.37,1.275,635824.28,1887867.932
600036.SH,2018-10-25,28.77,29.72,28.74,29.66,29.39,0.27,0.9187,558418.84,1628677.952
600036.SH,2018-10-26,29.64,29.92,28.98,29.6,29.66,-0.06,-0.2023,495762.95,1453919.756
600036.SH,2018-10-29,29.8,29.8,27.42,27.85,29.6,-1.75,-5.9122,954877.44,2704530.876
600036.SH,2018-10-30,28.12,28.86,27.58,28.35,27.85,0.5,1.7953,743575.88,2108423.543
600036.SH,2018-10-31,28.8,28.98,28.39,28.91,28.35,0.56,1.9753,666013.08,1914657.674
600036.SH,2018-11-01,29.45,29.65,28.66,29.05,28.91,0.14,0.4843,682600.26,1983324.17
600036.SH,2018-11-02,29.9,30.45,29.41,30.33,29.05,1.28,4.4062,1220051.02,3665161.77
600036.SH,2018-11-05,29.85,30.23,29.71,30.0,30.33,-0.33,-1.088,428334.88,1283209.565
600036.SH,2018-11-06,30.0,30.11,29.36,29.87,30.0,-0.13,-0.4333,375065.53,1116052.434
600036.SH,2018-11-07,29.88,30.2,29.53,29.57,29.87,-0.3,-1.0044,549867.67,1639026.34
600036.SH,2018-11-08,30.02,30.37,29.8,30.01,29.57,0.44,1.488,479149.76,1440021.978
600036.SH,2018-11-09,29.6,29.6,28.49,28.6,30.01,-1.41,-4.6984,1193021.21,3429467.883
600036.SH,2018-11-12,28.4,28.7,28.23,28.56,28.6,-0.04,-0.1399,683977.44,1942560.148
600036.SH,2018-11-13,28.1,28.77,28.05,28.58,28.56,0.02,0.07,500356.45,1424073.098
600036.SH,2018-11-14,28.58,28.65,28.0,28.16,28.58,-0.42,-1.4696,535874.79,1513190.239
600036.SH,2018-11-15,28.24,28.47,28.08,28.38,28.16,0.22,0.7813,354124.35,1002719.255
600036.SH,2018-11-16,28.38,28.68,28.19,28.48,28.38,0.1,0.3524,496955.28,1413615.056
600036.SH,2018-11-19,28.7,29.04,28.45,28.95,28.48,0.47,1.6503,502881.77,1450517.213
600036.SH,2018-11-20,28.79,28.84,28.31,28.42,28.95,-0.53,-1.8307,338277.88,963552.925
600036.SH,2018-11-21,28.2,28.43,28.1,28.4,28.42,-0.02,-0.0704,323377.87,914660.533
600036.SH,2018-11-22,28.41,28.45,28.1,28.3,28.4,-0.1,-0.3521,275858.49,778816.956
600036.SH,2018-11-23,28.29,28.35,27.88,27.88,28.3,-0.42,-1.4841,325389.36,912620.571
600036.SH,2018-11-26,28.0,28.35,27.91,28.27,27.88,0.39,1.3989,275469.54,775964.832
600036.SH,2018-11-27,28.22,28.38,27.85,27.99,28.27,-0.28,-0.9904,337658.56,949634.239
600036.SH,2018-11-28,28.07,28.35,28.05,28.28,27.99,0.29,1.0361,290873.89,821440.564
600036.SH,2018-11-29,28.5,28.6,28.3,28.3,28.28,0.02,0.0707,397949.93,1132138.876
600036.SH,2018-11-30,28.26,28.58,28.21,28.55,28.3,0.25,0.8834,254380.81,724904.871
600036.SH,2018-12-03,29.49,29.63,28.93,29.46,28.55,0.91,3.1874,690255.56,2026234.683
600036.SH,2018-12-04,29.42,29.63,29.31,29.57,29.46,0.11,0.3734,323685.58,954515.438
600036.SH,2018-12-05,29.16,29.57,29.0,29.37,29.57,-0.2,-0.6764,262307.36,771310.493
600036.SH,2018-12-06,28.9,29.15,28.78,28.9,29.37,-0.47,-1.6003,373380.23,1079103.636
600036.SH,2018-12-07,29.09,29.19,28.53,28.58,28.9,-0.32,-1.1073,305228.73,878968.664
600036.SH,2018-12-10,28.3,28.5,28.22,28.34,28.58,-0.24,-0.8397,266986.42,756722.667
600036.SH,2018-12-11,28.35,28.55,28.28,28.51,28.34,0.17,0.5999,227290.13,645883.574
600036.SH,2018-12-12,29.0,29.0,28.41,28.46,28.51,-0.05,-0.1754,202093.93,577042.564
600036.SH,2018-12-13,28.53,29.07,28.41,28.75,28.46,0.29,1.019,551520.33,1586329.607
600036.SH,2018-12-14,28.57,28.61,28.2,28.33,28.75,-0.42,-1.4609,398155.4,1127759.787
600036.SH,2018-12-17,28.33,28.5,28.1,28.29,28.33,-0.04,-0.1412,311303.74,879889.477
600036.SH,2018-12-18,28.05,28.26,27.85,27.91,28.29,-0.38,-1.3432,414609.93,1161523.69
600036.SH,2018-12-19,27.92,27.99,26.58,26.77,27.91,-1.14,-4.0846,829654.78,2246838.162
600036.SH,2018-12-20,26.48,26.6,25.65,25.91,26.77,-0.86,-3.2126,1015755.05,2632662.123
600036.SH,2018-12-21,25.87,25.87,25.25,25.39,25.91,-0.52,-2.0069,875749.9,2225709.247
600036.SH,2018-12-24,25.2,25.46,24.92,25.45,25.39,0.06,0.2363,649717.91,1638937.336
600036.SH,2018-12-25,25.0,25.56,24.77,25.29,25.45,-0.16,-0.6287,749922.94,1882663.785
600036.SH,2018-12-26,25.2,25.23,24.85,24.85,25.29,-0.44,-1.7398,446787.02,1116595.176
600036.SH,2018-12-27,25.19,25.22,24.82,24.85,24.85,0.0,0.0,640180.96,1597992.608
600036.SH,2018-12-28,24.95,25.36,24.91,25.2,24.85,0.35,1.4085,613382.28,1542017.662
600036.SH,2019-01-02,25.15,25.2,24.4,24.57,25.2,-0.63,-2.5,555166.12,1368988.405
600036.SH,2019-01-03,24.4,25.05,24.38,24.88,24.57,0.31,1.2617,374107.58,929035.565
600036.SH,2019-01-04,24.76,25.65,24.65,25.51,24.88,0.63,2.5322,668531.4,1690412.096
600036.SH,2019-01-07,25.51,25.77,25.29,25.52,25.51,0.01,0.0392,456040.29,1162564.002
600036.SH,2019-01-08,25.5,25.52,25.16,25.22,25.52,-0.3,-1.1755,269280.31,680284.501
600036.SH,2019-01-09,25.22,26.1,25.22,25.7,25.22,0.48,1.9033,638200.48,1644588.152
600036.SH,2019-01-10,25.5,26.08,25.47,25.85,25.7,0.15,0.5837,426306.89,1101271.158
600036.SH,2019-01-11,25.85,26.58,25.75,26.46,25.85,0.61,2.3598,493910.33,1299657.728
600036.SH,2019-01-14,26.46,26.56,26.22,26.31,26.46,-0.15,-0.5669,294244.62,776229.254
600036.SH,2019-01-15,26.31,26.83,26.3,26.8,26.31,0.49,1.8624,366718.91,976628.108
600036.SH,2019-01-16,26.7,26.88,26.61,26.85,26.8,0.05,0.1866,229955.24,615072.738
600036.SH,2019-01-17,26.85,26.85,26.43,26.47,26.85,-0.38,-1.4153,323682.14,862634.819
600036.SH,2019-01-18,26.47,27.26,26.46,27.1,26.47,0.63,2.3801,546397.85,1474685.187
600036.SH,2019-01-21,27.08,27.7,27.03,27.33,27.1,0.23,0.8487,415588.08,1136772.654
600036.SH,2019-01-22,27.3,27.45,26.76,26.98,27.33,-0.35,-1.2806,349072.41,942772.504
600036.SH,2019-01-23,26.95,27.42,26.92,27.16,26.98,0.18,0.6672,273250.47,742831.971
600036.SH,2019-01-24,27.18,28.04,27.18,27.87,27.16,0.71,2.6141,543409.53,1507548.458
600036.SH,2019-01-25,27.87,28.63,27.85,28.52,27.87,0.65,2.3323,536481.7,1525048.705
600036.SH,2019-01-28,28.52,29.14,28.5,28.66,28.52,0.14,0.4909,577365.88,1665507.65
600036.SH,2019-01-29,28.56,28.83,28.47,28.64,28.66,-0.02,-0.0698,346628.58,993511.466
600036.SH,2019-01-30,28.6,28.79,28.32,28.42,28.64,-0.22,-0.7682,266892.04,761698.908
600036.SH,2019-01-31,28.45,29.29,28.45,29.21,28.42,0.79,2.7797,571420.36,1657359.517
600036.SH,2019-02-01,29.21,29.43,28.88,29.3,29.21,0.09,0.3081,396521.6,1156418.914
600036.SH,2019-02-11,29.1,29.53,28.9,29.39,29.3,0.09,0.3072,353635.99,1034587.928
600036.SH,2019-02-12,29.39,29.58,28.98,29.32,29.39,-0.07,-0.2382,395827.11,1157190.462
600036.SH,2019-02-13,29.32,30.04,29.12,29.84,29.32,0.52,1.7735,535775.89,1579966.914
600036.SH,2019-02-14,29.65,30.1,29.49,29.86,29.84,0.02,0.067,452386.56,1349953.528
600036.SH,2019-02-15,29.74,29.85,28.91,29.15,29.86,-0.71,-2.3778,495666.59,1450557.701
600036.SH,2019-02-18,29.35,29.99,29.35,29.87,29.15,0.72,2.47,446645.84,1330843.104
600036.SH,2019-02-19,29.86,30.63,29.72,29.88,29.87,0.01,0.0335,493676.44,1483350.105
600036.SH,2019-02-20,30.27,30.44,29.98,30.15,29.88,0.27,0.9036,334340.29,1010101.525
600036.SH,2019-02-21,30.18,30.64,29.84,30.08,30.15,-0.07,-0.2322,453139.76,1367327.564
600036.SH,2019-02-22,30.07,30.64,29.8,30.63,30.08,0.55,1.8285,414875.07,1252498.181
600036.SH,2019-02-25,31.0,32.9,30.97,32.52,30.63,1.89,6.1704,1101846.76,3503029.739
600036.SH,2019-02-26,32.29,33.0,31.32,31.49,32.52,-1.03,-3.1673,948562.86,3028023.006
600036.SH,2019-02-27,31.7,32.32,31.4,31.71,31.49,0.22,0.6986,808342.44,2568322.892
600036.SH,2019-02-28,31.7,32.1,31.45,31.74,31.71,0.03,0.0946,487643.47,1547972.358
600036.SH,2019-03-01,32.05,32.93,31.65,32.9,31.74,1.16,3.6547,682670.71,2200500.068
600036.SH,2019-03-04,33.0,33.79,32.5,32.69,32.9,-0.21,-0.6383,956461.15,3151361.469
600036.SH,2019-03-05,32.86,32.86,32.1,32.35,32.69,-0.34,-1.0401,673803.67,2188597.546
600036.SH,2019-03-06,32.31,32.61,31.78,32.22,32.35,-0.13,-0.4019,546736.3,1758476.276
600036.SH,2019-03-07,32.01,32.1,30.97,31.3,32.22,-0.92,-2.8554,707727.28,2227173.172
600036.SH,2019-03-08,30.74,31.21,30.36,30.78,31.3,-0.52,-1.6613,770066.01,2368272.351
600036.SH,2019-03-11,30.57,30.83,30.18,30.53,30.78,-0.25,-0.8122,675309.95,2056842.749
600036.SH,2019-03-12,30.91,31.33,30.45,30.66,30.53,0.13,0.4258,838697.24,2593572.147
600036.SH,2019-03-13,30.79,31.32,30.25,31.04,30.66,0.38,1.2394,666611.44,2057062.461
600036.SH,2019-03-14,30.98,31.9,30.9,31.45,31.04,0.41,1.3209,684942.4,2162754.036
600036.SH,2019-03-15,31.42,31.95,31.2,31.67,31.45,0.22,0.6995,595942.69,1888156.823
600036.SH,2019-03-18,31.79,32.56,31.59,32.36,31.67,0.69,2.1787,593130.92,1902942.879
600036.SH,2019-03-19,32.4,32.62,31.93,32.03,32.36,-0.33,-1.0198,486750.5,1565782.395
600036.SH,2019-03-20,31.88,32.47,31.7,32.27,32.03,0.24,0.7493,465379.13,1492217.313
600036.SH,2019-03-21,32.13,32.4,31.92,31.98,32.27,-0.29,-0.8987,386223.72,1240270.281
600036.SH,2019-03-22,32.08,32.38,31.71,32.35,31.98,0.37,1.157,430268.48,1380682.468
600036.SH,2019-03-25,32.0,32.1,31.1,31.17,32.35,-1.18,-3.6476,639210.55,2018228.647
600036.SH,2019-03-26,31.59,31.65,31.21,31.49,31.17,0.32,1.0266,403361.9,1268771.627
600036.SH,2019-03-27,31.69,32.54,31.45,32.4,31.49,0.91,2.8898,594154.47,1915279.543
600036.SH,2019-03-28,32.17,32.65,31.95,32.52,32.4,0.12,0.3704,387422.55,1251752.176
600036.SH,2019-03-29,32.52,34.32,32.41,33.92,32.52,1.4,4.305,1164152.21,3924014.336
600036.SH,2019-04-01,34.2,35.05,33.9,34.08,33.92,0.16,0.4717,1046396.18,3595503.205
600036.SH,2019-04-02,34.1,34.59,34.09,34.49,34.08,0.41,1.2031,694286.66,2385380.774
600036.SH,2019-04-03,34.4,34.95,34.31,34.86,34.49,0.37,1.0728,581606.43,2016043.612
600036.SH,2019-04-04,34.9,36.05,34.9,35.59,34.86,0.73,2.0941,822852.26,2919598.558
600036.SH,2019-04-08,35.7,36.27,35.65,35.93,35.59,0.34,0.9553,810662.01,2913400.186
600036.SH,2019-04-09,35.9,35.91,35.06,35.23,35.93,-0.7,-1.9482,511236.25,1811302.889
600036.SH,2019-04-10,35.05,35.43,34.52,35.07,35.23,-0.16,-0.4542,674541.17,2358129.547
600036.SH,2019-04-11,35.19,35.65,34.72,34.96,35.07,-0.11,-0.3137,572516.04,2008064.351
600036.SH,2019-04-12,34.86,35.0,34.6,34.8,34.96,-0.16,-0.4577,363358.01,1264673.345
600036.SH,2019-04-15,35.42,36.22,34.82,34.82,34.8,0.02,0.0575,924920.92,3299629.416
600036.SH,2019-04-16,34.7,36.1,34.6,36.0,34.82,1.18,3.3889,840815.16,2991158.275
600036.SH,2019-04-17,35.89,36.48,35.63,35.83,36.0,-0.17,-0.4722,494789.82,1778194.094
600036.SH,2019-04-18,35.8,35.8,35.13,35.5,35.83,-0.33,-0.921,322740.7,1143221.193
600036.SH,2019-04-19,35.6,36.45,35.58,36.0,35.5,0.5,1.4085,411748.63,1481680.33
600036.SH,2019-04-22,35.8,36.15,34.4,34.8,36.0,-1.2,-3.3333,715829.71,2512863.629
600036.SH,2019-04-23,34.7,35.59,34.67,35.23,34.8,0.43,1.2356,495692.11,1748713.75
600036.SH,2019-04-24,35.53,35.9,34.82,35.8,35.23,0.57,1.6179,540098.31,1922166.631
600036.SH,2019-04-25,35.35,35.86,35.28,35.43,35.8,-0.37,-1.0335,433788.27,1542369.865
600036.SH,2019-04-26,35.16,35.2,34.34,34.36,35.43,-1.07,-3.02,517344.43,1797598.594
600036.SH,2019-04-29,34.57,35.73,34.42,35.33,34.36,0.97,2.8231,550331.76,1937765.299
600036.SH,2019-04-30,34.57,34.9,33.85,34.45,35.33,-0.88,-2.4908,953711.97,3274708.143
600036.SH,2019-05-06,33.2,34.05,32.88,33.91,34.45,-0.54,-1.5675,1133678.74,3784588.227
600036.SH,2019-05-07,34.18,34.18,33.36,33.71,33.91,-0.2,-0.5898,617476.24,2078552.508
600036.SH,2019-05-08,33.3,33.58,33.0,33.13,33.71,-0.58,-1.7206,481745.11,1601956.981
600036.SH,2019-05-09,33.0,33.25,32.02,32.42,33.13,-0.71,-2.1431,581103.75,1893434.384
600036.SH,2019-05-10,32.86,33.8,32.86,33.61,32.42,1.19,3.6706,654775.78,2191300.33
600036.SH,2019-05-13,33.05,33.29,32.63,32.8,33.61,-0.81,-2.41,343408.59,1130792.902
600036.SH,2019-05-14,32.3,33.2,32.29,32.56,32.8,-0.24,-0.7317,488642.53,1599744.262
600036.SH,2019-05-15,33.0,33.85,32.79,33.63,32.56,1.07,3.2862,440591.0,1471301.765
600036.SH,2019-05-16,33.63,33.94,33.41,33.67,33.63,0.04,0.1189,334642.91,1128388.77
600036.SH,2019-05-17,33.7,33.8,32.97,33.31,33.67,-0.36,-1.0692,359256.93,1196233.846
600036.SH,2019-05-20,33.3,33.79,32.82,33.28,33.31,-0.03,-0.0901,418304.36,1388670.239
600036.SH,2019-05-21,33.29,34.1,33.14,33.63,33.28,0.35,1.0517,503444.18,1699238.453
600036.SH,2019-05-22,33.63,33.85,33.3,33.53,33.63,-0.1,-0.2974,345080.85,1157944.609
600036.SH,2019-05-23,33.31,33.6,32.95,33.35,33.53,-0.18,-0.5368,383860.13,1277508.313
600036.SH,2019-05-24,33.58,34.13,33.39,33.6,33.35,0.25,0.7496,429908.84,1449787.998
600036.SH,2019-05-27,33.48,33.95,32.8,33.78,33.6,0.18,0.5357,477259.47,1592620.302
600036.SH,2019-05-28,33.75,34.6,33.62,34.38,33.78,0.6,1.7762,694570.87,2375260.224
600036.SH,2019-05-29,33.91,34.69,33.85,34.25,34.38,-0.13,-0.3781,376828.84,1292718.402
600036.SH,2019-05-30,34.41,34.51,33.86,34.3,34.25,0.05,0.146,297307.64,1016453.738
600036.SH,2019-05-31,34.2,34.7,34.01,34.21,34.3,-0.09,-0.2624,305223.99,1048608.82
600036.SH,2019-06-03,34.25,34.65,33.88,34.4,34.21,0.19,0.5554,394814.01,1351932.252
600036.SH,2019-06-04,34.4,34.41,33.76,34.03,34.4,-0.37,-1.0756,327891.27,1113572.392
600036.SH,2019-06-05,34.33,34.46,33.92,33.95,34.03,-0.08,-0.2351,269274.25,919338.24
600036.SH,2019-06-06,34.13,34.13,33.38,33.9,33.95,-0.05,-0.1473,302325.1,1024276.66
600036.SH,2019-06-10,34.03,34.9,34.01,34.74,33.9,0.84,2.4779,493055.17,1707698.127
600036.SH,2019-06-11,34.74,35.54,34.74,35.42,34.74,0.68,1.9574,523697.07,1840362.215
600036.SH,2019-06-12,35.39,35.51,35.05,35.33,35.42,-0.09,-0.2541,270915.58,956824.031
600036.SH,2019-06-13,35.33,35.5,34.88,35.25,35.33,-0.08,-0.2264,256232.23,901854.016
600036.SH,2019-06-14,35.33,35.57,35.18,35.35,35.25,0.1,0.2837,341836.57,1207793.174
600036.SH,2019-06-17,35.3,35.98,35.26,35.6,35.35,0.25,0.7072,262376.33,935672.872
600036.SH,2019-06-18,35.7,36.02,35.51,36.02,35.6,0.42,1.1798,302284.48,1084120.436
600036.SH,2019-06-19,36.99,37.3,36.57,36.8,36.02,0.78,2.1655,652388.79,2411603.687
600036.SH,2019-06-20,36.86,38.48,36.86,38.38,36.8,1.58,4.2935,742298.68,2808109.447
600036.SH,2019-06-21,38.38,38.5,37.5,37.69,38.38,-0.69,-1.7978,596176.31,2257474.698
600036.SH,2019-06-24,37.52,37.99,37.48,37.96,37.69,0.27,0.7164,308816.29,1166862.209
600036.SH,2019-06-25,37.51,37.51,34.75,36.13,37.96,-1.83,-4.8209,2435121.52,8747563.858
600036.SH,2019-06-26,35.07,35.93,35.02,35.47,36.13,-0.66,-1.8267,1049978.1,3729647.597
600036.SH,2019-06-27,35.88,36.56,35.75,36.45,35.47,0.98,2.7629,928056.29,3369234.27
600036.SH,2019-06-28,36.35,36.53,35.84,35.98,36.45,-0.47,-1.2894,530623.39,1914139.579
600036.SH,2019-07-01,36.75,37.23,36.7,36.9,35.98,0.92,2.557,812454.91,2997920.556
600036.SH,2019-07-02,36.92,36.92,36.3,36.52,36.9,-0.38,-1.0298,612233.95,2235226.043
600036.SH,2019-07-03,36.39,36.49,36.06,36.15,36.52,-0.37,-1.0131,479284.41,1735338.347
600036.SH,2019-07-04,36.37,36.44,36.01,36.08,36.15,-0.07,-0.1936,379173.54,1371454.234
600036.SH,2019-07-05,36.2,36.63,36.0,36.47,36.08,0.39,1.0809,364515.91,1325134.309
600036.SH,2019-07-08,36.08,36.2,35.36,35.56,36.47,-0.91,-2.4952,506105.41,1805159.246
600036.SH,2019-07-09,35.58,35.7,35.2,35.29,35.56,-0.27,-0.7593,281060.75,993475.022
600036.SH,2019-07-10,35.6,35.65,34.98,35.12,35.29,-0.17,-0.4817,444870.76,1564014.123
600036.SH,2019-07-11,35.46,36.06,35.31,35.9,35.12,0.78,2.221,598289.66,2141800.97
600036.SH,2019-07-12,35.18,35.6,35.02,35.4,34.96,0.44,1.2586,497466.75,1759080.553
600036.SH,2019-07-15,35.01,35.68,34.5,35.3,35.4,-0.1,-0.2825,422717.63,1482173.72
600036.SH,2019-07-16,35.37,35.5,35.15,35.31,35.3,0.01,0.0283,270145.54,955308.164
600036.SH,2019-07-17,35.11,35.42,35.01,35.21,35.31,-0.1,-0.2832,226376.19,796929.618
600036.SH,2019-07-18,35.3,35.58,35.07,35.32,35.21,0.11,0.3124,338900.48,1198433.942
600036.SH,2019-07-19,35.68,36.49,35.58,36.37,35.32,1.05,2.9728,498642.04,1804011.55
600036.SH,2019-07-22,36.36,36.77,36.09,36.37,36.37,0.0,0.0,337329.97,1230690.061
600036.SH,2019-07-23,36.37,36.5,36.01,36.21,36.37,-0.16,-0.4399,250795.06,909838.723
600036.SH,2019-07-24,36.44,36.96,36.24,36.43,36.21,0.22,0.6076,342634.49,1254224.791
600036.SH,2019-07-25,36.75,37.48,36.75,37.26,36.43,0.83,2.2783,509943.42,1896150.462
600036.SH,2019-07-26,37.05,37.37,37.03,37.22,37.26,-0.04,-0.1074,233918.62,870022.305
600036.SH,2019-07-29,37.2,37.2,36.6,36.83,37.22,-0.39,-1.0478,317503.58,1170614.801
600036.SH,2019-07-30,36.8,37.17,36.7,36.77,36.83,-0.06,-0.1629,261837.18,966377.345
600036.SH,2019-07-31,36.5,36.8,36.45,36.56,36.77,-0.21,-0.5711,273067.07,998321.822
600036.SH,2019-08-01,36.4,36.59,35.91,36.2,36.56,-0.36,-0.9847,322315.81,1166692.625
600036.SH,2019-08-02,35.55,35.96,35.4,35.75,36.2,-0.45,-1.2431,489480.13,1744741.168
600036.SH,2019-08-05,35.52,35.69,35.09,35.21,35.75,-0.54,-1.5105,452127.18,1597313.152
600036.SH,2019-08-06,34.5,35.07,34.4,34.88,35.21,-0.33,-0.9372,585695.59,2038065.671
600036.SH,2019-08-07,34.9,34.98,34.44,34.53,34.88,-0.35,-1.0034,550566.14,1907381.568
600036.SH,2019-08-08,34.8,35.49,34.8,35.36,34.53,0.83,2.4037,456257.39,1602214.298
600036.SH,2019-08-09,35.46,35.5,34.91,34.99,35.36,-0.37,-1.0464,336141.93,1181594.152
600036.SH,2019-08-12,34.99,35.46,34.8,35.41,34.99,0.42,1.2003,392258.49,1377596.532
600036.SH,2019-08-13,35.19,35.25,34.8,34.85,35.41,-0.56,-1.5815,297365.1,1039741.519
600036.SH,2019-08-14,35.22,35.4,34.8,34.86,34.85,0.01,0.0287,377493.08,1322902.547
600036.SH,2019-08-15,34.2,34.94,34.1,34.87,34.86,0.01,0.0287,300548.09,1040105.626
600036.SH,2019-08-16,34.89,35.4,34.52,35.16,34.87,0.29,0.8317,408444.67,1431729.717
600036.SH,2019-08-19,34.97,35.3,34.44,35.3,35.16,0.14,0.3982,714933.74,2493400.951
600036.SH,2019-08-20,35.0,35.56,34.9,35.33,35.3,0.03,0.085,380369.43,1340295.547
600036.SH,2019-08-21,35.24,35.6,35.16,35.45,35.33,0.12,0.3397,299825.16,1062519.113
600036.SH,2019-08-22,35.59,35.64,35.14,35.34,35.45,-0.11,-0.3103,228624.67,808431.523
600036.SH,2019-08-23,35.22,36.54,35.22,36.27,35.34,0.93,2.6316,706098.52,2544555.084
600036.SH,2019-08-26,35.5,35.8,34.77,35.0,36.27,-1.27,-3.5015,867362.65,3045354.099
600036.SH,2019-08-27,35.38,35.62,34.75,34.75,35.0,-0.25,-0.7143,817511.79,2876573.97
600036.SH,2019-08-28,35.0,35.08,34.41,34.5,34.75,-0.25,-0.7194,514762.26,1780588.508
600036.SH,2019-08-29,34.5,34.55,33.7,33.93,34.5,-0.57,-1.6522,711617.85,2415342.459
600036.SH,2019-08-30,34.29,34.39,33.95,34.28,33.93,0.35,1.0315,596579.69,2039657.518
600036.SH,2019-09-02,34.28,34.66,34.25,34.34,34.28,0.06,0.175,507982.81,1752014.271
600036.SH,2019-09-03,34.37,34.46,34.01,34.15,34.34,-0.19,-0.5533,407169.69,1390955.164
600036.SH,2019-09-04,34.11,35.06,34.01,34.89,34.15,0.74,2.1669,634636.16,2202852.785
600036.SH,2019-09-05,35.03,35.9,35.03,35.52,34.89,0.63,1.8057,723702.46,2573174.32
600036.SH,2019-09-06,35.9,35.99,35.55,35.89,35.52,0.37,1.0417,473162.76,1692573.89
600036.SH,2019-09-09,36.09,36.44,35.34,35.5,35.89,-0.39,-1.0867,756151.32,2697975.757
600036.SH,2019-09-10,35.71,35.74,34.75,35.0,35.5,-0.5,-1.4085,675330.66,2361508.165
600036.SH,2019-09-11,35.19,35.24,34.71,35.05,35.0,0.05,0.1429,609089.4,2129059.918
600036.SH,2019-09-12,35.4,35.43,34.97,35.29,35.05,0.24,0.6847,525821.71,1851086.313
600036.SH,2019-09-16,35.5,35.54,34.82,35.0,35.29,-0.29,-0.8218,461668.05,1617245.973
600036.SH,2019-09-17,35.07,35.18,34.62,34.79,35.0,-0.21,-0.6,443070.9,1546391.358
600036.SH,2019-09-18,34.8,34.94,34.71,34.8,34.79,0.01,0.0287,353748.07,1232164.287
600036.SH,2019-09-19,34.94,34.96,34.36,34.51,34.8,-0.29,-0.8333,538453.25,1858895.881
600036.SH,2019-09-20,34.71,34.76,34.38,34.51,34.51,0.0,0.0,694944.64,2401483.947
600036.SH,2019-09-23,34.4,34.4,33.88,34.04,34.51,-0.47,-1.3619,610254.44,2075660.837
600036.SH,2019-09-24,34.25,34.25,33.97,34.08,34.04,0.04,0.1175,365718.35,1245693.485
600036.SH,2019-09-25,34.05,34.47,33.87,34.35,34.08,0.27,0.7923,467793.76,1601997.09
600036.SH,2019-09-26,34.45,35.62,34.28,35.22,34.35,0.87,2.5328,1084408.12,3804658.828
600036.SH,2019-09-27,35.15,35.69,34.82,35.2,35.22,-0.02,-0.0568,672677.96,2368047.235
600036.SH,2019-09-30,34.79,35.33,34.7,34.75,35.2,-0.45,-1.2784,391203.77,1370027.544
600036.SH,2019-10-08,34.7,35.1,34.5,34.81,34.75,0.06,0.1727,645886.57,2250110.388
600036.SH,2019-10-09,34.52,35.67,34.5,35.18,34.81,0.37,1.0629,821613.76,2896026.737
600036.SH,2019-10-10,35.21,35.38,35.02,35.11,35.18,-0.07,-0.199,378700.52,1332044.307
600036.SH,2019-10-11,35.3,36.37,35.3,36.29,35.11,1.18,3.3609,1043873.14,3760500.499
600036.SH,2019-10-14,36.6,37.44,36.6,36.83,36.29,0.54,1.488,874334.43,3237676.515
600036.SH,2019-10-15,37.22,37.22,36.47,36.64,36.83,-0.19,-0.5159,458104.96,1680658.831
600036.SH,2019-10-16,36.97,37.45,36.4,36.81,36.64,0.17,0.464,514897.6,1902454.585
600036.SH,2019-10-17,36.81,37.15,36.54,37.0,36.81,0.19,0.5162,342587.78,1264253.177
600036.SH,2019-10-18,37.1,37.28,36.1,36.18,37.0,-0.82,-2.2162,454349.8,1660975.667
600036.SH,2019-10-21,36.1,36.5,35.77,36.22,36.18,0.04,0.1106,359425.51,1300444.689
600036.SH,2019-10-22,36.47,36.48,35.67,36.13,36.22,-0.09,-0.2485,332073.88,1193683.5
600036.SH,2019-10-23,36.05,36.3,35.82,36.0,36.13,-0.13,-0.3598,313470.67,1131160.46
600036.SH,2019-10-24,36.18,36.75,35.96,36.5,36.0,0.5,1.3889,431220.21,1571999.093
600036.SH,2019-10-25,36.67,36.67,36.04,36.4,36.5,-0.1,-0.274,246142.15,892763.388
600036.SH,2019-10-28,36.48,36.93,36.1,36.2,36.4,-0.2,-0.5495,328083.46,1191663.975
600036.SH,2019-10-29,36.27,36.37,35.91,36.15,36.2,-0.05,-0.1381,266100.94,961023.821
600036.SH,2019-10-30,36.11,36.23,35.31,35.41,36.15,-0.74,-2.047,483262.6,1720463.214
600036.SH,2019-10-31,35.7,35.87,35.28,35.5,35.41,0.09,0.2542,507042.05,1805894.998
600036.SH,2019-11-01,35.57,36.76,35.38,36.6,35.5,1.1,3.0986,668555.74,2425821.889
600036.SH,2019-11-04,36.97,37.28,36.69,37.18,36.6,0.58,1.5847,596402.16,2210377.095
600036.SH,2019-11-05,37.19,38.15,36.98,37.66,37.18,0.48,1.291,723330.61,2724426.631
600036.SH,2019-11-06,37.66,38.48,37.53,38.15,37.66,0.49,1.3011,708448.94,2705336.305
600036.SH,2019-11-07,38.13,38.38,37.82,38.16,38.15,0.01,0.0262,350551.61,1336451.65
600036.SH,2019-11-08,38.48,38.55,37.6,37.75,38.16,-0.41,-1.0744,457082.15,1739031.666
600036.SH,2019-11-11,37.53,37.69,37.17,37.31,37.75,-0.44,-1.1656,392939.88,1471061.703
600036.SH,2019-11-12,37.31,37.49,36.91,37.2,37.31,-0.11,-0.2948,363831.52,1354249.07
600036.SH,2019-11-13,37.05,37.38,36.9,37.0,37.2,-0.2,-0.5376,392934.01,1456511.446
600036.SH,2019-11-14,37.19,37.25,36.65,36.74,37.0,-0.26,-0.7027,292912.2,1078428.853
600036.SH,2019-11-15,36.98,37.06,36.6,36.83,36.74,0.09,0.245,315008.56,1162061.809
600036.SH,2019-11-18,36.83,37.89,36.73,37.5,36.83,0.67,1.8192,574455.3,2149791.797
600036.SH,2019-11-19,37.45,37.8,37.31,37.52,37.5,0.02,0.0533,390184.48,1463591.441
600036.SH,2019-11-20,37.24,37.37,36.49,36.58,37.52,-0.94,-2.5053,482774.48,1776707.173
600036.SH,2019-11-21,36.36,36.69,36.07,36.44,36.58,-0.14,-0.3827,297436.4,1081481.614
600036.SH,2019-11-22,36.7,36.85,36.08,36.23,36.44,-0.21,-0.5763,322738.96,1175858.814
600036.SH,2019-11-25,36.4,36.72,36.32,36.58,36.23,0.35,0.9661,264162.58,966079.49
600036.SH,2019-11-26,36.79,36.8,36.0,36.0,36.58,-0.58,-1.5856,448595.22,1630207.659
600036.SH,2019-11-27,36.19,36.88,36.06,36.65,36.0,0.65,1.8056,350695.1,1283181.354
600036.SH,2019-11-28,36.56,36.88,36.44,36.63,36.65,-0.02,-0.0546,208520.93,763903.768
600036.SH,2019-11-29,36.48,36.69,35.92,36.03,36.63,-0.6,-1.638,334788.73,1210713.277
600036.SH,2019-12-02,36.1,36.38,35.97,36.11,36.03,0.08,0.222,197339.74,713692.292
600036.SH,2019-12-03,35.92,36.6,35.73,36.46,36.11,0.35,0.9693,276805.68,1004322.265
600036.SH,2019-12-04,36.07,36.42,36.04,36.28,36.46,-0.18,-0.4937,230906.27,835895.192
600036.SH,2019-12-05,36.48,36.6,36.12,36.38,36.28,0.1,0.2756,264779.25,962515.349
600036.SH,2019-12-06,36.47,36.58,36.18,36.41,36.38,0.03,0.0825,255846.4,929546.913
600036.SH,2019-12-09,36.38,36.44,36.03,36.27,36.41,-0.14,-0.3845,250787.8,908083.891
600036.SH,2019-12-10,36.07,36.36,36.05,36.12,36.27,-0.15,-0.4136,227355.72,822478.503
600036.SH,2019-12-11,36.29,36.45,36.11,36.4,36.12,0.28,0.7752,280779.21,1018761.748
600036.SH,2019-12-12,36.5,36.58,36.24,36.4,36.4,0.0,0.0,250113.28,909207.353
600036.SH,2019-12-13,36.73,37.5,36.69,37.5,36.4,1.1,3.022,654956.01,2430849.617
600036.SH,2019-12-16,37.25,37.48,37.1,37.28,37.5,-0.22,-0.5867,352876.93,1314017.57
600036.SH,2019-12-17,37.25,37.85,36.9,37.5,37.28,0.22,0.5901,563127.39,2106137.323
600036.SH,2019-12-18,37.55,38.15,37.55,37.99,37.5,0.49,1.3067,541322.37,2052043.202
600036.SH,2019-12-19,38.0,38.25,37.73,37.77,37.99,-0.22,-0.5791,301884.08,1144128.603
600036.SH,2019-12-20,37.82,38.03,37.4,37.54,37.77,-0.23,-0.6089,288007.48,1085477.957
600036.SH,2019-12-23,37.79,38.0,37.25,37.4,37.54,-0.14,-0.3729,358746.75,1349470.854
600036.SH,2019-12-24,37.45,38.15,37.45,38.01,37.4,0.61,1.631,341856.44,1296815.029
600036.SH,2019-12-25,38.01,38.23,37.62,37.79,38.01,-0.22,-0.5788,235027.61,889443.213
600036.SH,2019-12-26,37.78,38.1,37.69,38.1,37.79,0.31,0.8203,192239.76,728012.313
600036.SH,2019-12-27,38.1,38.5,37.8,37.86,38.1,-0.24,-0.6299,359535.34,1370335.108
600036.SH,2019-12-30,37.6,37.92,37.11,37.83,37.86,-0.03,-0.0792,444962.89,1670186.942
600036.SH,2019-12-31,37.85,37.88,37.31,37.58,37.83,-0.25,-0.6609,376805.06,1412996.239
600036.SH,2020-01-02,38.03,39.12,38.02,38.88,37.58,1.3,3.4593,826244.52,3191180.65
600036.SH,2020-01-03,38.95,39.62,38.92,39.4,38.88,0.52,1.3374,520106.11,2045230.273
600036.SH,2020-01-06,39.19,40.16,38.9,39.24,39.4,-0.16,-0.4061,548877.2,2171575.505
600036.SH,2020-01-07,39.55,39.94,39.1,39.15,39.24,-0.09,-0.2294,347671.28,1369304.771
600036.SH,2020-01-08,38.95,38.95,38.41,38.41,39.15,-0.74,-1.8902,363234.18,1403861.101
600036.SH,2020-01-09,38.84,39.0,38.58,38.9,38.41,0.49,1.2757,303359.89,1177003.661
600036.SH,2020-01-10,38.9,39.28,38.75,39.04,38.9,0.14,0.3599,285931.21,1116903.172
600036.SH,2020-01-13,39.28,39.28,38.75,39.1,39.04,0.06,0.1537,327808.52,1279073.028
600036.SH,2020-01-14,39.14,39.63,38.7,38.81,39.1,-0.29,-0.7417,335646.38,1314430.602
600036.SH,2020-01-15,38.84,38.89,38.02,38.12,38.81,-0.69,-1.7779,488598.91,1870048.774
600036.SH,2020-01-16,38.22,38.35,37.76,37.96,38.12,-0.16,-0.4197,453848.26,1723277.982
600036.SH,2020-01-17,38.06,38.17,37.68,37.93,37.96,-0.03,-0.079,421357.11,1595789.849
600036.SH,2020-01-20,38.22,38.65,38.0,38.31,37.93,0.38,1.0018,585808.86,2244268.938
600036.SH,2020-01-21,37.95,38.15,37.7,37.79,38.31,-0.52,-1.3573,417201.85,1580332.561
600036.SH,2020-01-22,37.7,38.1,37.15,37.82,37.79,0.03,0.0794,531254.6,2000618.547
600036.SH,2020-01-23,37.53,37.7,36.45,36.81,37.82,-1.01,-2.6705,787502.74,2912304.571
600036.SH,2020-02-03,33.8,35.5,33.8,35.03,36.81,-1.78,-4.8356,1131062.26,3944795.003
600036.SH,2020-02-04,35.04,35.48,34.68,35.35,35.03,0.32,0.9135,1229676.52,4313054.347
600036.SH,2020-02-05,35.34,35.51,34.83,35.36,35.35,0.01,0.0283,802571.98,2826862.599
600036.SH,2020-02-06,35.5,35.83,35.13,35.75,35.36,0.39,1.1029,730701.59,2589474.707
600036.SH,2020-02-07,35.1,35.46,35.01,35.42,35.75,-0.33,-0.9231,675524.64,2374190.018
600036.SH,2020-02-10,35.13,35.24,34.95,35.1,35.42,-0.32,-0.9034,575041.78,2016401.93
600036.SH,2020-02-11,35.3,35.85,35.15,35.57,35.1,0.47,1.339,557436.28,1983770.029
600036.SH,2020-02-12,35.5,35.66,35.24,35.6,35.57,0.03,0.0843,405389.73,1437177.997
600036.SH,2020-02-13,35.53,35.55,35.2,35.27,35.6,-0.33,-0.927,422350.8,1493775.789
600036.SH,2020-02-14,35.21,35.71,35.21,35.64,35.27,0.37,1.0491,403396.77,1431806.484
600036.SH,2020-02-17,35.63,36.17,35.38,36.17,35.64,0.53,1.4871,669425.41,2396661.832
600036.SH,2020-02-18,36.0,36.0,35.6,35.7,36.17,-0.47,-1.2994,516396.65,1846260.235
600036.SH,2020-02-19,35.6,35.89,35.46,35.53,35.7,-0.17,-0.4762,419521.31,1496142.157
600036.SH,2020-02-20,35.66,36.05,35.2,35.98,35.53,0.45,1.2665,746005.88,2658121.245
600036.SH,2020-02-21,35.9,35.93,35.47,35.64,35.98,-0.34,-0.945,730314.68,2603112.503
600036.SH,2020-02-24,35.49,35.69,35.03,35.05,35.64,-0.59,-1.6554,798564.82,2812039.823
600036.SH,2020-02-25,34.81,35.08,34.5,34.63,35.05,-0.42,-1.1983,873734.32,3032212.325
600036.SH,2020-02-26,34.41,34.99,34.25,34.83,34.63,0.2,0.5775,779704.75,2707591.83
600036.SH,2020-02-27,34.79,35.35,34.7,35.22,34.83,0.39,1.1197,689378.53,2422074.087
600036.SH,2020-02-28,34.85,35.18,34.2,34.2,35.22,-1.02,-2.8961,835340.97,2885398.352
600036.SH,2020-03-02,34.24,34.88,34.1,34.75,34.2,0.55,1.6082,704290.63,2438029.173
600036.SH,2020-03-03,34.93,35.1,34.42,34.62,34.75,-0.13,-0.3741,686073.06,2380418.31
600036.SH,2020-03-04,34.68,34.8,34.44,34.78,34.62,0.16,0.4622,560886.06,1941800.19
600036.SH,2020-03-05,34.99,36.32,34.8,36.23,34.78,1.45,4.1691,1355413.0,4840609.026
600036.SH,2020-03-06,35.84,36.02,35.41,35.41,36.23,-0.82,-2.2633,670673.78,2389764.957
600036.SH,2020-03-09,34.88,34.88,34.18,34.18,35.41,-1.23,-3.4736,966591.66,3318066.994
600036.SH,2020-03-10,34.19,34.94,34.08,34.68,34.18,0.5,1.4628,668298.1,2309858.482
600036.SH,2020-03-11,34.76,34.99,34.41,34.45,34.68,-0.23,-0.6632,566550.64,1965764.178
600036.SH,2020-03-12,34.37,34.59,34.02,34.16,34.45,-0.29,-0.8418,619180.02,2118258.08
600036.SH,2020-03-13,32.8,33.56,32.4,33.41,34.16,-0.75,-2.1956,1140957.7,3748370.246
600036.SH,2020-03-16,33.39,33.39,31.64,31.67,33.41,-1.74,-5.208,1066027.3,3445337.101
600036.SH,2020-03-17,31.65,32.61,31.11,31.73,31.67,0.06,0.1895,843441.33,2675433.577
600036.SH,2020-03-18,31.88,32.28,30.76,30.82,31.73,-0.91,-2.8679,824317.04,2604923.481
600036.SH,2020-03-19,30.48,30.48,28.71,29.31,30.82,-1.51,-4.8994,1559457.47,4591894.342
600036.SH,2020-03-20,29.8,31.11,29.8,31.04,29.31,1.73,5.9024,1343153.1,4101898.423
600036.SH,2020-03-23,30.01,30.51,29.88,30.16,31.04,-0.88,-2.8351,928971.16,2804113.446
600036.SH,2020-03-24,31.15,31.65,30.81,31.51,30.16,1.35,4.4761,825358.93,2585549.433
600036.SH,2020-03-25,32.23,32.68,32.17,32.49,31.51,0.98,3.1101,809526.55,2629580.314
600036.SH,2020-03-26,32.1,33.42,32.06,32.72,32.49,0.23,0.7079,694635.85,2281461.462
600036.SH,2020-03-27,33.12,33.33,32.48,32.72,32.72,0.0,0.0,581775.45,1911127.945
600036.SH,2020-03-30,32.18,32.72,31.8,32.65,32.72,-0.07,-0.2139,477494.15,1541068.106
600036.SH,2020-03-31,32.92,32.98,32.16,32.28,32.65,-0.37,-1.1332,377540.06,1228383.288
600036.SH,2020-04-01,32.12,32.65,32.0,32.13,32.28,-0.15,-0.4647,358143.13,1157345.796
600036.SH,2020-04-02,31.75,32.34,31.71,32.34,32.13,0.21,0.6536,289601.47,929189.673
600036.SH,2020-04-03,32.0,32.32,31.99,32.15,32.34,-0.19,-0.5875,251618.29,808697.603
600036.SH,2020-04-07,32.84,32.88,32.4,32.52,32.15,0.37,1.1509,431843.78,1406732.994
600036.SH,2020-04-08,32.5,32.5,32.12,32.22,32.52,-0.3,-0.9225,318134.45,1024956.344
600036.SH,2020-04-09,32.29,32.35,32.11,32.3,32.22,0.08,0.2483,286645.95,924260.48
600036.SH,2020-04-10,32.41,32.56,31.91,32.1,32.3,-0.2,-0.6192,437431.53,1409435.238
600036.SH,2020-04-13,31.92,32.2,31.82,31.93,32.1,-0.17,-0.5296,230555.49,737876.564
600036.SH,2020-04-14,32.18,32.71,32.08,32.71,31.93,0.78,2.4428,427079.44,1386006.869
600036.SH,2020-04-15,32.59,32.63,32.32,32.42,32.71,-0.29,-0.8866,237838.48,771129.191
600036.SH,2020-04-16,32.2,32.41,31.96,32.1,32.42,-0.32,-0.987,294999.82,947452.268
600036.SH,2020-04-17,32.45,33.2,32.34,32.86,32.1,0.76,2.3676,697952.42,2293965.391
600036.SH,2020-04-20,32.89,33.08,32.55,32.9,32.86,0.04,0.1217,336024.26,1104349.255
600036.SH,2020-04-21,32.9,33.04,32.58,32.65,32.9,-0.25,-0.7599,328714.89,1077331.035
600036.SH,2020-04-22,32.45,32.75,32.33,32.73,32.65,0.08,0.245,279435.38,910099.517
600036.SH,2020-04-23,32.82,32.96,32.65,32.69,32.73,-0.04,-0.1222,246145.51,807219.19
600036.SH,2020-04-24,32.72,32.72,32.41,32.51,32.69,-0.18,-0.5506,222597.84,723766.561
600036.SH,2020-04-27,32.75,33.98,32.72,33.58,32.51,1.07,3.2913,653414.71,2197523.211
600036.SH,2020-04-28,33.6,33.9,33.3,33.86,33.58,0.28,0.8338,366510.91,1234430.064
600036.SH,2020-04-29,33.9,35.1,33.89,35.02,33.86,1.16,3.4259,658765.88,2288732.967
600036.SH,2020-04-30,35.15,36.05,35.05,35.09,35.02,0.07,0.1999,715332.47,2544804.889
600036.SH,2020-05-06,34.53,34.78,34.18,34.63,35.09,-0.46,-1.3109,501735.9,1731704.264
600036.SH,2020-05-07,34.6,34.62,34.05,34.45,34.63,-0.18,-0.5198,299484.65,1028793.473
600036.SH,2020-05-08,34.77,35.18,34.55,34.97,34.45,0.52,1.5094,392154.6,1371649.847
600036.SH,2020-05-11,34.98,35.48,34.88,34.96,34.97,-0.01,-0.0286,295848.29,1040649.468
600036.SH,2020-05-12,34.99,35.04,34.44,34.59,34.96,-0.37,-1.0584,349633.82,1213003.373
600036.SH,2020-05-13,34.4,34.68,34.1,34.54,34.59,-0.05,-0.1446,279834.94,961672.947
600036.SH,2020-05-14,34.39,34.42,33.8,33.93,34.54,-0.61,-1.7661,420630.19,1430362.916
600036.SH,2020-05-15,34.19,34.26,33.7,33.85,33.93,-0.08,-0.2358,361927.53,1226127.432
600036.SH,2020-05-18,33.62,34.3,33.51,33.8,33.85,-0.05,-0.1477,363700.93,1233862.748
600036.SH,2020-05-19,34.4,34.48,34.06,34.27,33.8,0.47,1.3905,264304.48,904985.389
600036.SH,2020-05-20,34.27,35.03,34.1,34.68,34.27,0.41,1.1964,380517.57,1313430.55
600036.SH,2020-05-21,34.91,35.18,34.66,34.73,34.68,0.05,0.1442,362527.21,1263004.925
600036.SH,2020-05-22,34.49,34.69,33.61,33.63,34.73,-1.1,-3.1673,423964.39,1439086.679
600036.SH,2020-05-25,33.92,33.94,32.9,33.09,33.63,-0.54,-1.6057,432649.17,1434823.005
600036.SH,2020-05-26,33.3,33.49,33.09,33.43,33.09,0.34,1.0275,322460.77,1072932.146
600036.SH,2020-05-27,33.57,33.98,33.24,33.43,33.43,0.0,0.0,320833.31,1077247.848
600036.SH,2020-05-28,33.58,34.7,33.43,34.22,33.43,0.79,2.3631,693623.31,2378620.601
600036.SH,2020-05-29,33.86,34.13,33.7,33.82,34.22,-0.4,-1.1689,372374.81,1260905.545
600036.SH,2020-06-01,34.15,34.97,34.1,34.82,33.82,1.0,2.9568,488237.46,1693982.687
600036.SH,2020-06-02,34.55,35.26,34.54,35.04,34.82,0.22,0.6318,492957.13,1726597.705
600036.SH,2020-06-03,35.45,36.0,35.02,35.22,35.04,0.18,0.5137,610186.91,2169754.932
600036.SH,2020-06-04,35.5,35.55,35.07,35.15,35.22,-0.07,-0.1988,257560.86,909222.198
600036.SH,2020-06-05,35.3,35.47,34.81,35.24,35.15,0.09,0.256,327173.03,1146499.654
600036.SH,2020-06-08,35.55,36.19,35.5,35.67,35.24,0.43,1.2202,501809.79,1796585.383
600036.SH,2020-06-09,35.61,35.69,35.26,35.53,35.67,-0.14,-0.3925,300930.79,1067277.929
600036.SH,2020-06-10,35.64,35.65,35.18,35.34,35.53,-0.19,-0.5348,272730.61,964770.416
600036.SH,2020-06-11,35.21,35.32,34.31,34.47,35.34,-0.87,-2.4618,588927.45,2040709.558
600036.SH,2020-06-12,33.99,34.5,33.7,34.5,34.47,0.03,0.087,546615.76,1865053.466
600036.SH,2020-06-15,34.04,34.18,33.46,33.57,34.5,-0.93,-2.6957,654343.47,2209023.835
600036.SH,2020-06-16,34.0,34.18,33.81,34.14,33.57,0.57,1.6979,381631.05,1298977.209
600036.SH,2020-06-17,34.0,34.31,33.83,34.2,34.14,0.06,0.1757,306277.74,1042779.922
600036.SH,2020-06-18,33.88,34.06,33.02,33.89,34.2,-0.31,-0.9064,922939.33,3090987.273
600036.SH,2020-06-19,33.8,34.34,33.6,33.86,33.89,-0.03,-0.0885,679496.03,2299545.222
600036.SH,2020-06-22,33.66,33.85,33.33,33.5,33.86,-0.36,-1.0632,595814.69,1997593.331
600036.SH,2020-06-23,33.3,33.54,33.11,33.35,33.5,-0.15,-0.4478,452529.39,1509296.732
600036.SH,2020-06-24,33.52,33.96,33.51,33.9,33.35,0.55,1.6492,479891.17,1621575.075
600036.SH,2020-06-29,34.17,34.3,33.49,33.64,33.9,-0.26,-0.767,567297.48,1915098.031
600036.SH,2020-06-30,33.85,33.96,33.64,33.72,33.64,0.08,0.2378,391567.98,1322157.814
600036.SH,2020-07-01,33.79,34.8,33.61,34.79,33.72,1.07,3.1732,799096.45,2741317.357
600036.SH,2020-07-02,34.65,35.47,34.3,35.3,34.79,0.51,1.4659,1245177.98,4347489.231
600036.SH,2020-07-03,35.4,36.76,35.35,36.74,35.3,1.44,4.0793,1535704.17,5583630.477
600036.SH,2020-07-06,37.18,40.41,37.18,40.41,36.74,3.67,9.9891,1874928.88,7369658.96
600036.SH,2020-07-07,41.8,43.3,40.5,41.06,40.41,0.65,1.6085,2016338.29,8389893.483
600036.SH,2020-07-08,40.9,41.87,39.97,40.5,41.06,-0.56,-1.3639,1827038.89,7454256.185
600036.SH,2020-07-09,40.51,40.62,39.53,39.91,40.5,-0.59,-1.4568,1693236.29,6759559.094
600036.SH,2020-07-10,38.71,39.0,37.05,37.25,38.71,-1.46,-3.7716,1528159.45,5784778.253
600036.SH,2020-07-13,37.01,38.0,36.67,37.3,37.25,0.05,0.1342,1634063.73,6086294.085
600036.SH,2020-07-14,37.07,37.42,36.23,36.51,37.3,-0.79,-2.118,1310865.91,4821059.904
600036.SH,2020-07-15,36.99,37.02,35.7,35.86,36.51,-0.65,-1.7803,1341142.48,4838521.682
600036.SH,2020-07-16,36.05,36.58,35.59,35.6,35.86,-0.26,-0.725,1429523.26,5153628.34
600036.SH,2020-07-17,35.87,36.2,35.31,36.08,35.6,0.48,1.3483,1169917.81,4182751.219
600036.SH,2020-07-20,36.1,37.45,35.85,37.27,36.08,1.19,3.2982,1594157.34,5884589.656
600036.SH,2020-07-21,37.27,37.44,36.52,36.84,37.27,-0.43,-1.1537,831620.93,3062989.303
600036.SH,2020-07-22,36.78,37.1,36.26,36.44,36.84,-0.4,-1.0858,998811.81,3656733.629
600036.SH,2020-07-23,36.18,36.41,35.25,35.6,36.44,-0.84,-2.3052,1197075.88,4272039.761
600036.SH,2020-07-24,35.5,35.8,34.13,34.6,35.6,-1.0,-2.809,1304194.36,4555965.917
600036.SH,2020-07-27,34.94,34.97,34.01,34.25,34.6,-0.35,-1.0116,893469.03,3062209.384
600036.SH,2020-07-28,34.66,34.88,34.21,34.58,34.25,0.33,0.9635,780350.52,2693238.172
600036.SH,2020-07-29,34.5,35.35,34.23,35.07,34.58,0.49,1.417,969130.71,3381773.114
600036.SH,2020-07-30,35.05,35.17,34.48,34.56,35.07,-0.51,-1.4542,798879.27,2776830.172
600036.SH,2020-07-31,34.6,35.35,34.49,34.8,34.56,0.24,0.6944,989894.55,3456763.749
600036.SH,2020-08-03,35.2,35.39,34.78,35.0,34.8,0.2,0.5747,1021858.0,3573570.193
600036.SH,2020-08-04,35.14,37.15,35.0,36.68,35.0,1.68,4.8,2354404.04,8524612.075
600036.SH,2020-08-05,36.4,36.66,35.81,36.3,36.68,-0.38,-1.036,1060659.7,3842397.076
600036.SH,2020-08-06,36.43,37.33,36.34,37.02,36.3,0.72,1.9835,1252428.84,4621511.197
600036.SH,2020-08-07,36.88,36.88,36.2,36.61,37.02,-0.41,-1.1075,897954.14,3286449.488
600036.SH,2020-08-10,36.7,37.41,35.89,37.0,36.61,0.39,1.0653,1224481.39,4519789.796
600036.SH,2020-08-11,37.15,38.8,37.15,37.54,37.0,0.54,1.4595,1736382.83,6622998.622
600036.SH,2020-08-12,37.78,38.26,37.03,37.79,37.54,0.25,0.666,930036.91,3505241.801
600036.SH,2020-08-13,37.85,38.17,37.32,37.33,37.79,-0.46,-1.2173,640486.94,2413002.933
600036.SH,2020-08-14,37.33,38.08,37.26,38.0,37.33,0.67,1.7948,670657.45,2530430.882
600036.SH,2020-08-17,38.06,39.53,38.06,39.05,38.0,1.05,2.7632,1483090.43,5782809.861
600036.SH,2020-08-18,39.0,39.16,38.53,38.85,39.05,-0.2,-0.5122,573660.54,2225879.678
600036.SH,2020-08-19,38.84,39.08,38.35,38.35,38.85,-0.5,-1.287,563936.94,2185921.384
600036.SH,2020-08-20,38.21,38.23,37.13,37.52,38.35,-0.83,-2.1643,734408.19,2759025.986
600036.SH,2020-08-21,38.0,38.01,37.46,37.77,37.52,0.25,0.6663,561254.42,2115951.2
600036.SH,2020-08-24,38.08,38.31,37.37,37.5,37.77,-0.27,-0.7149,620988.93,2346712.057
600036.SH,2020-08-25,37.8,38.2,37.42,37.58,37.5,0.08,0.2133,545246.08,2056714.024
600036.SH,2020-08-26,37.7,37.89,37.01,37.23,37.58,-0.35,-0.9313,627000.22,2344833.013
600036.SH,2020-08-27,37.23,37.29,36.41,36.9,37.23,-0.33,-0.8864,574815.02,2112135.81
600036.SH,2020-08-28,36.85,38.45,36.6,38.45,36.9,1.55,4.2005,1182941.77,4472784.976
600036.SH,2020-08-31,38.5,39.0,37.55,37.69,38.45,-0.76,-1.9766,1190313.65,4573760.872
600036.SH,2020-09-01,37.46,37.7,37.01,37.42,37.69,-0.27,-0.7164,712759.36,2662847.632
600036.SH,2020-09-02,37.49,37.58,36.8,37.2,37.42,-0.22,-0.5879,797221.27,2960833.704
600036.SH,2020-09-03,37.12,37.43,36.76,36.98,37.2,-0.22,-0.5914,640479.56,2369898.817
600036.SH,2020-09-04,36.63,36.89,36.35,36.8,36.98,-0.18,-0.4867,485437.21,1780424.306
600036.SH,2020-09-07,36.8,37.58,36.69,36.79,36.8,-0.01,-0.0272,616138.78,2285992.289
600036.SH,2020-09-08,37.18,37.62,37.02,37.59,36.79,0.8,2.1745,683544.91,2558811.209
600036.SH,2020-09-09,37.27,37.95,37.16,37.6,37.59,0.01,0.0266,605433.34,2276406.652
600036.SH,2020-09-10,37.88,37.91,37.37,37.7,37.6,0.1,0.266,550146.07,2072364.501
600036.SH,2020-09-11,37.87,37.88,37.02,37.24,37.7,-0.46,-1.2202,553105.13,2064258.658
600036.SH,2020-09-14,37.4,37.58,37.07,37.35,37.24,0.11,0.2954,460239.97,1713839.187
600036.SH,2020-09-15,37.26,38.09,37.23,37.9,37.35,0.55,1.4726,530804.95,2003397.793
600036.SH,2020-09-16,37.96,38.3,37.78,38.06,37.9,0.16,0.4222,478874.82,1822671.349
600036.SH,2020-09-17,38.1,38.47,37.85,37.87,38.06,-0.19,-0.4992,557713.54,2127941.227
600036.SH,2020-09-18,37.85,38.99,37.8,38.99,37.87,1.12,2.9575,1081692.4,4177287.388
600036.SH,2020-09-21,39.0,39.13,38.6,38.6,38.99,-0.39,-1.0003,501520.92,1945258.027
600036.SH,2020-09-22,38.5,38.6,37.74,37.88,38.6,-0.72,-1.8653,583116.89,2223417.612
600036.SH,2020-09-23,37.82,38.05,37.4,37.5,37.88,-0.38,-1.0032,430760.28,1621415.675
600036.SH,2020-09-24,37.35,37.35,36.9,37.06,37.5,-0.44,-1.1733,540279.75,2003636.08
600036.SH,2020-09-25,37.1,37.4,37.08,37.18,37.06,0.12,0.3238,352251.53,1312142.06
600036.SH,2020-09-28,37.2,37.65,37.05,37.25,37.18,0.07,0.1883,353244.76,1317478.208
600036.SH,2020-09-29,37.35,37.45,36.27,36.31,37.25,-0.94,-2.5235,796689.1,2920847.323
600036.SH,2020-09-30,36.3,36.57,35.8,36.0,36.31,-0.31,-0.8538,654660.59,2365489.193
600036.SH,2020-10-09,36.4,36.8,36.13,36.18,36.0,0.18,0.5,494724.33,1799276.678
600036.SH,2020-10-12,36.4,37.65,36.3,37.56,36.18,1.38,3.8143,998646.35,3712613.342
600036.SH,2020-10-13,37.48,38.01,37.13,37.79,37.56,0.23,0.6124,511415.6,1928053.924
600036.SH,2020-10-14,37.8,38.1,37.39,38.05,37.79,0.26,0.688,642940.15,2431581.141
600036.SH,2020-10-15,38.14,39.23,38.05,39.01,38.05,0.96,2.523,1196657.2,4656771.635
600036.SH,2020-10-16,38.91,40.2,38.88,39.78,39.01,0.77,1.9739,1105895.8,4401811.725
600036.SH,2020-10-19,40.29,41.55,39.89,39.99,39.78,0.21,0.5279,981546.59,3988837.84
600036.SH,2020-10-20,40.0,40.31,39.7,39.97,39.99,-0.02,-0.05,424368.36,1697045.434
600036.SH,2020-10-21,40.06,40.87,39.99,40.8,39.97,0.83,2.0766,541855.65,2193121.567
600036.SH,2020-10-22,41.0,42.0,40.33,41.19,40.8,0.39,0.9559,644974.99,2649384.824
600036.SH,2020-10-23,40.91,42.1,40.86,41.22,41.19,0.03,0.0728,551833.62,2298420.661
600036.SH,2020-10-26,41.66,41.66,40.08,40.62,41.22,-0.6,-1.4556,504540.0,2050594.686
600036.SH,2020-10-27,40.62,41.25,40.33,40.45,40.62,-0.17,-0.4185,458832.07,1867751.093
600036.SH,2020-10-28,40.63,41.08,39.61,40.1,40.45,-0.35,-0.8653,693557.12,2787606.058
600036.SH,2020-10-29,39.75,40.86,39.67,40.19,40.1,0.09,0.2244,523070.34,2105440.052
600036.SH,2020-10-30,40.5,41.15,39.58,39.81,40.19,-0.38,-0.9455,438422.79,1766506.296
600036.SH,2020-11-02,40.49,40.7,39.18,40.25,39.81,0.44,1.1052,516927.98,2067738.931
600036.SH,2020-11-03,40.7,42.1,40.7,41.24,40.25,0.99,2.4596,870690.16,3626910.913
600036.SH,2020-11-04,42.12,43.09,41.38,42.93,41.24,1.69,4.098,884500.85,3754732.975
600036.SH,2020-11-05,43.1,43.71,42.38,42.79,42.93,-0.14,-0.3261,680486.85,2918967.528
600036.SH,2020-11-06,42.8,42.85,42.09,42.48,42.79,-0.31,-0.7245,463645.47,1969073.126
600036.SH,2020-11-09,42.99,43.47,42.6,43.03,42.48,0.55,1.2947,497141.62,2138628.747
600036.SH,2020-11-10,43.77,44.38,43.4,43.72,43.03,0.69,1.6035,562079.25,2461059.112
600036.SH,2020-11-11,44.0,44.35,43.51,44.35,43.72,0.63,1.441,526969.72,2322161.018
600036.SH,2020-11-12,44.0,44.44,43.35,43.58,44.35,-0.77,-1.7362,471594.35,2059661.759
600036.SH,2020-11-13,43.2,43.2,41.81,42.58,43.58,-1.0,-2.2946,544862.9,2309702.717
600036.SH,2020-11-16,42.95,43.1,42.65,43.0,42.58,0.42,0.9864,389431.99,1669941.865
600036.SH,2020-11-17,43.0,44.0,42.8,43.84,43.0,0.84,1.9535,472856.2,2065231.454
600036.SH,2020-11-18,43.6,45.0,43.41,44.75,43.84,0.91,2.0757,628202.15,2797752.552
600036.SH,2020-11-19,44.53,45.0,43.99,44.87,44.75,0.12,0.2682,477341.74,2128954.044
600036.SH,2020-11-20,44.76,45.3,44.51,45.05,44.87,0.18,0.4012,314687.57,1414292.248
600036.SH,2020-11-23,45.05,45.58,44.82,45.4,45.05,0.35,0.7769,584621.13,2647101.184
600036.SH,2020-11-24,45.0,45.3,44.53,44.87,45.4,-0.53,-1.1674,399467.34,1793220.437
600036.SH,2020-11-25,45.52,45.57,44.17,44.43,44.87,-0.44,-0.9806,378072.49,1694470.963
600036.SH,2020-11-26,44.47,45.38,44.47,45.09,44.43,0.66,1.4855,351534.29,1584282.516
600036.SH,2020-11-27,45.4,45.97,44.7,45.85,45.09,0.76,1.6855,446077.7,2024963.455
600036.SH,2020-11-30,45.85,47.77,44.03,44.2,45.85,-1.65,-3.5987,1153601.81,5291989.606
600036.SH,2020-12-01,44.4,46.55,44.39,46.2,44.2,2.0,4.5249,780727.87,3559778.622
600036.SH,2020-12-02,46.0,47.03,45.26,46.8,46.2,0.6,1.2987,619943.58,2864114.257
600036.SH,2020-12-03,46.75,47.1,45.5,46.49,46.8,-0.31,-0.6624,502375.89,2317794.756
600036.SH,2020-12-04,46.47,46.6,45.11,45.78,46.49,-0.71,-1.5272,461155.43,2099378.091
600036.SH,2020-12-07,45.7,45.75,44.1,44.42,45.78,-1.36,-2.9707,704825.24,3138039.091
600036.SH,2020-12-08,44.39,44.76,44.0,44.26,44.42,-0.16,-0.3602,377167.35,1671238.316
600036.SH,2020-12-09,44.37,44.93,44.22,44.24,44.26,-0.02,-0.0452,375194.56,1672113.664
600036.SH,2020-12-10,44.04,44.63,43.8,44.28,44.24,0.04,0.0904,368873.55,1630166.599
600036.SH,2020-12-11,44.25,44.27,42.68,42.68,44.28,-1.6,-3.6134,771435.25,3347336.214
600036.SH,2020-12-14,43.32,44.66,43.32,44.37,42.68,1.69,3.9597,607427.01,2686115.499
600036.SH,2020-12-15,44.45,44.94,43.44,44.35,44.37,-0.02,-0.0451,438792.26,1936658.509
600036.SH,2020-12-16,44.79,44.85,43.88,44.06,44.35,-0.29,-0.6539,367902.0,1628021.247
600036.SH,2020-12-17,43.9,44.17,43.35,44.05,44.06,-0.01,-0.0227,502329.03,2199570.321
600036.SH,2020-12-18,44.09,44.39,42.8,43.1,44.05,-0.95,-2.1566,760599.93,3296589.099
600036.SH,2020-12-21,43.04,43.15,42.31,42.89,43.1,-0.21,-0.4872,623850.9,2674269.716
600036.SH,2020-12-22,42.99,43.0,41.87,41.91,42.89,-0.98,-2.2849,784686.07,3320101.849
600036.SH,2020-12-23,41.71,42.41,41.71,42.32,41.91,0.41,0.9783,711819.93,3004166.815
600036.SH,2020-12-24,42.35,43.1,42.32,42.57,42.32,0.25,0.5907,482110.14,2055723.701
600036.SH,2020-12-25,42.55,42.9,41.98,42.72,42.57,0.15,0.3524,476731.97,2023487.304
600036.SH,2020-12-28,42.75,43.32,42.23,43.04,42.72,0.32,0.7491,841409.01,3600599.046
600036.SH,2020-12-29,43.26,43.29,42.65,42.83,43.04,-0.21,-0.4879,727147.56,3118082.06
600036.SH,2020-12-30,42.87,43.05,41.9,43.05,42.83,0.22,0.5137,933496.43,3963394.42
600036.SH,2020-12-31,43.05,44.35,42.85,43.95,43.05,0.9,2.0906,891199.21,3909432.878
600036.SH,2021-01-04,43.23,43.78,42.02,43.17,43.95,-0.78,-1.7747,1549522.85,6608868.849
600036.SH,2021-01-05,42.76,42.8,41.44,42.18,43.17,-0.99,-2.2933,1387176.99,5809639.049
600036.SH,2021-01-06,42.1,44.2,42.0,44.15,42.18,1.97,4.6705,1200645.63,5188622.737
600036.SH,2021-01-07,44.29,45.97,44.26,45.9,44.15,1.75,3.9638,1078321.87,4869741.128
600036.SH,2021-01-08,46.29,47.02,45.81,46.6,45.9,0.7,1.5251,1299594.81,6021482.985
600036.SH,2021-01-11,46.58,49.17,46.49,48.42,46.6,1.82,3.9056,1445233.56,6992740.146
600036.SH,2021-01-12,48.55,50.05,47.56,49.7,48.42,1.28,2.6435,1044485.91,5103986.009
600036.SH,2021-01-13,49.31,49.98,48.88,49.4,49.7,-0.3,-0.6036,649109.79,3207741.653
600036.SH,2021-01-14,49.4,50.08,48.56,49.05,49.4,-0.35,-0.7085,703770.99,3467710.708
600036.SH,2021-01-15,50.5,53.89,50.48,51.14,49.05,2.09,4.261,1775745.22,9232542.839
600036.SH,2021-01-18,51.5,53.08,51.2,51.92,51.14,0.78,1.5252,1237641.6,6463924.98
600036.SH,2021-01-19,52.3,53.23,51.49,51.85,51.92,-0.07,-0.1348,901880.02,4710719.576
600036.SH,2021-01-20,52.1,53.12,50.99,51.72,51.85,-0.13,-0.2507,792281.18,4123860.428
600036.SH,2021-01-21,52.97,53.5,52.15,52.64,51.72,0.92,1.7788,736714.59,3886756.922
600036.SH,2021-01-22,52.85,52.85,51.0,51.64,52.64,-1.0,-1.8997,870001.32,4492606.303
600036.SH,2021-01-25,51.1,52.46,50.1,52.11,51.64,0.47,0.9101,865362.06,4438842.57
600036.SH,2021-01-26,52.0,53.1,51.0,51.4,52.11,-0.71,-1.3625,601175.33,3126374.838
600036.SH,2021-01-27,51.61,52.9,51.61,52.0,51.4,0.6,1.1673,609231.56,3187049.336
600036.SH,2021-01-28,51.0,51.75,50.8,51.61,52.0,-0.39,-0.75,523869.51,2684963.891
600036.SH,2021-01-29,52.18,52.46,50.81,51.1,51.61,-0.51,-0.9882,621489.14,3211002.062
600036.SH,2021-02-01,51.0,52.78,50.48,52.4,51.1,1.3,2.544,796625.87,4125446.256
600036.SH,2021-02-02,52.35,52.8,51.6,51.97,52.4,-0.43,-0.8206,720305.53,3752480.883
600036.SH,2021-02-03,52.07,54.0,51.49,53.05,51.97,1.08,2.0781,765876.06,4045314.776
600036.SH,2021-02-04,52.87,55.2,52.61,53.5,53.05,0.45,0.8483,969109.77,5229905.917
600036.SH,2021-02-05,54.06,55.94,53.7,54.74,53.5,1.24,2.3178,1151577.54,6315430.525
600036.SH,2021-02-08,55.19,55.6,53.69,55.26,54.74,0.52,0.9499,816377.76,4479792.762
600036.SH,2021-02-09,55.38,55.38,54.25,55.26,55.26,0.0,0.0,619005.27,3393598.043
600036.SH,2021-02-10,56.3,56.4,53.95,54.55,55.26,-0.71,-1.2848,753507.67,4135201.064
600036.SH,2021-02-18,55.65,57.6,55.19,55.69,54.55,1.14,2.0898,1070913.22,6013345.25
600036.SH,2021-02-19,55.65,56.71,54.88,55.2,55.69,-0.49,-0.8799,710181.64,3948306.737
600036.SH,2021-02-22,55.27,55.74,53.36,54.2,55.2,-1.0,-1.8116,801511.45,4368565.094
600036.SH,2021-02-23,54.29,56.73,54.2,55.55,54.2,1.35,2.4908,952991.02,5306140.313
600036.SH,2021-02-24,55.85,55.85,52.85,53.6,55.55,-1.95,-3.5104,844322.26,4578242.27
600036.SH,2021-02-25,54.5,55.5,53.91,54.45,53.6,0.85,1.5858,886187.27,4843039.32
600036.SH,2021-02-26,53.6,54.45,50.86,51.1,54.45,-3.35,-6.1524,1327288.76,6911104.094
600036.SH,2021-03-01,51.11,51.3,50.03,50.39,51.1,-0.71,-1.3894,894183.63,4510517.394
600036.SH,2021-03-02,50.86,50.9,49.01,49.55,50.39,-0.84,-1.667,1007786.21,5025206.694
600036.SH,2021-03-03,50.0,52.98,49.6,52.77,49.55,3.22,6.4985,1315933.15,6834019.524
600036.SH,2021-03-04,52.19,53.88,52.0,52.4,52.77,-0.37,-0.7012,833039.04,4396029.829
600036.SH,2021-03-05,51.9,52.39,50.11,51.4,52.4,-1.0,-1.9084,735195.85,3762062.419
600036.SH,2021-03-08,51.59,51.98,49.7,49.93,51.4,-1.47,-2.8599,698137.59,3534603.526
600036.SH,2021-03-09,50.02,50.98,48.18,48.5,49.93,-1.43,-2.864,983222.45,4876616.396
600036.SH,2021-03-10,49.01,50.0,48.55,49.25,48.5,0.75,1.5464,675909.93,3327792.628
600036.SH,2021-03-11,50.0,52.25,50.0,51.97,49.25,2.72,5.5228,904210.33,4672612.626
600036.SH,2021-03-12,52.35,53.39,52.13,53.32,51.97,1.35,2.5977,855807.53,4537887.852
600036.SH,2021-03-15,52.98,54.79,52.64,53.11,53.32,-0.21,-0.3938,939319.16,5037471.575
600036.SH,2021-03-16,53.9,55.25,53.5,54.32,53.11,1.21,2.2783,697162.76,3799354.094
600036.SH,2021-03-17,53.95,54.32,53.3,53.4,54.32,-0.92,-1.6937,532314.61,2856041.089
600036.SH,2021-03-18,53.3,54.3,52.9,54.24,53.4,0.84,1.573,482793.11,2590798.83
600036.SH,2021-03-19,54.02,54.46,51.54,51.76,54.24,-2.48,-4.5723,776283.61,4073645.28
600036.SH,2021-03-22,52.2,54.72,52.1,53.78,51.76,2.02,3.9026,791695.31,4252611.119
600036.SH,2021-03-23,53.89,54.45,52.82,53.48,53.78,-0.3,-0.5578,595922.61,3187582.328
600036.SH,2021-03-24,53.96,54.0,51.62,52.2,53.48,-1.28,-2.3934,575013.14,3013081.502
600036.SH,2021-03-25,52.66,52.89,50.56,51.01,52.2,-1.19,-2.2797,784538.3,4014068.059
600036.SH,2021-03-26,51.45,51.82,50.73,51.6,51.01,0.59,1.1566,709475.25,3643743.955
600036.SH,2021-03-29,51.7,51.8,50.55,50.94,51.6,-0.66,-1.2791,779803.62,3969007.334
600036.SH,2021-03-30,51.1,51.56,50.43,51.56,50.94,0.62,1.2171,569402.02,2902290.112
600036.SH,2021-03-31,51.5,51.5,50.14,51.1,51.56,-0.46,-0.8922,521649.54,2652348.781
600036.SH,2021-04-01,51.09,51.28,50.7,51.05,51.1,-0.05,-0.0978,337194.69,1718217.148
600036.SH,2021-04-02,51.18,51.25,50.65,50.95,51.05,-0.1,-0.1959,411534.22,2093013.199
600036.SH,2021-04-06,51.1,51.83,50.8,50.99,50.95,0.04,0.0785,444002.01,2275875.718
600036.SH,2021-04-07,51.15,51.15,50.02,50.43,50.99,-0.56,-1.0983,500610.23,2520490.066
600036.SH,2021-04-08,50.2,50.63,50.05,50.5,50.43,0.07,0.1388,295010.67,1486758.655
600036.SH,2021-04-09,50.72,50.72,49.86,50.25,50.5,-0.25,-0.495,315068.34,1578603.909
600036.SH,2021-04-12,50.29,50.65,49.69,50.46,50.25,0.21,0.4179,414742.39,2082171.992
600036.SH,2021-04-13,50.5,51.2,49.94,50.32,50.46,-0.14,-0.2774,490398.95,2476556.21
600036.SH,2021-04-14,50.58,50.6,49.28,49.7,50.32,-0.62,-1.2321,554383.53,2758186.625
600036.SH,2021-04-15,49.72,49.98,48.28,49.44,49.7,-0.26,-0.5231,572965.14,2810517.787
600036.SH,2021-04-16,49.72,49.85,49.09,49.74,49.44,0.3,0.6068,315583.44,1563464.005
600036.SH,2021-04-19,49.9,51.78,49.5,51.77,49.74,2.03,4.0812,679320.61,3476651.827
600036.SH,2021-04-20,51.01,52.19,51.01,51.99,51.77,0.22,0.425,355744.07,1842179.46
600036.SH,2021-04-21,52.06,53.19,52.03,52.89,51.99,0.9,1.7311,524463.6,2758929.437
600036.SH,2021-04-22,52.89,53.3,52.17,52.61,52.89,-0.28,-0.5294,429270.78,2255144.62
600036.SH,2021-04-23,52.7,53.5,52.31,53.3,52.61,0.69,1.3115,471049.18,2495321.515
600036.SH,2021-04-26,54.0,54.5,51.7,52.07,53.3,-1.23,-2.3077,916257.41,4814829.661
600036.SH,2021-04-27,51.95,52.43,51.58,52.07,52.07,0.0,0.0,363299.22,1890139.553
600036.SH,2021-04-28,52.2,52.38,51.48,51.76,52.07,-0.31,-0.5954,389855.43,2019590.447
600036.SH,2021-04-29,52.0,53.35,51.29,53.28,51.76,1.52,2.9366,552745.44,2913105.773
600036.SH,2021-04-30,52.8,53.18,51.81,52.7,53.28,-0.58,-1.0886,450688.41,2370742.204
600036.SH,2021-05-06,52.7,54.38,52.48,53.67,52.7,0.97,1.8406,638352.9,3432136.281
600036.SH,2021-05-07,53.88,55.2,53.31,54.18,53.67,0.51,0.9503,723683.76,3943891.332
600036.SH,2021-05-10,54.2,54.25,53.01,53.9,54.18,-0.28,-0.5168,492240.48,2630309.849
600036.SH,2021-05-11,53.45,54.15,53.28,53.84,53.9,-0.06,-0.1113,328533.12,1767435.334
600036.SH,2021-05-12,53.85,54.65,53.07,53.69,53.84,-0.15,-0.2786,317496.77,1708649.722
600036.SH,2021-05-13,53.49,54.45,52.84,53.2,53.69,-0.49,-0.9126,391205.53,2085332.075
600036.SH,2021-05-14,53.49,55.0,52.8,54.98,53.2,1.78,3.3459,578814.21,3127193.937
600036.SH,2021-05-17,55.0,56.49,54.65,55.65,54.98,0.67,1.2186,526684.25,2933378.115
600036.SH,2021-05-18,55.98,56.39,55.7,55.95,55.65,0.3,0.5391,293351.18,1642178.93
600036.SH,2021-05-19,56.0,56.08,54.51,54.8,55.95,-1.15,-2.0554,357293.44,1966656.369
600036.SH,2021-05-20,55.1,55.52,54.32,55.47,54.8,0.67,1.2226,342104.77,1881019.546
600036.SH,2021-05-21,55.87,55.9,53.8,54.11,55.47,-1.36,-2.4518,514864.55,2800730.344
600036.SH,2021-05-24,54.2,54.7,53.77,54.08,54.11,-0.03,-0.0554,445399.14,2409885.276
600036.SH,2021-05-25,54.19,57.62,53.93,57.55,54.08,3.47,6.4164,968502.04,5452025.418
600036.SH,2021-05-26,57.65,58.56,57.61,58.5,57.55,0.95,1.6507,613061.69,3565788.679
600036.SH,2021-05-27,58.0,58.78,56.81,57.95,58.5,-0.55,-0.9402,519037.39,2995138.182
600036.SH,2021-05-28,58.0,58.85,57.61,58.5,57.95,0.55,0.9491,410140.56,2386900.498
600036.SH,2021-05-31,58.21,58.36,57.0,58.19,58.5,-0.31,-0.5299,361656.71,2089054.162
600036.SH,2021-06-01,57.7,57.76,56.9,57.36,58.19,-0.83,-1.4264,474268.44,2713828.451
600036.SH,2021-06-02,57.25,57.69,56.88,57.58,57.36,0.22,0.3835,405820.27,2323829.263
600036.SH,2021-06-03,57.5,58.33,56.19,56.28,57.58,-1.3,-2.2577,490672.57,2798317.525
600036.SH,2021-06-04,56.05,58.92,56.02,57.53,56.28,1.25,2.221,608329.07,3504830.228
600036.SH,2021-06-07,57.21,57.25,56.5,57.0,57.53,-0.53,-0.9213,324897.42,1847968.869
600036.SH,2021-06-08,56.95,57.94,56.01,56.7,57.0,-0.3,-0.5263,476166.23,2700887.195
600036.SH,2021-06-09,56.7,57.36,56.28,56.47,56.7,-0.23,-0.4056,391409.5,2220254.281
600036.SH,2021-06-10,56.49,57.46,56.26,56.35,56.47,-0.12,-0.2125,481135.26,2730021.836
600036.SH,2021-06-11,56.41,56.75,55.08,56.33,56.35,-0.02,-0.0355,682089.0,3798816.012
600036.SH,2021-06-15,55.83,55.83,54.12,54.8,56.33,-1.53,-2.7161,529240.52,2899483.734
600036.SH,2021-06-16,54.8,56.36,54.5,55.6,54.8,0.8,1.4599,518772.28,2879681.826
600036.SH,2021-06-17,55.52,56.0,54.86,55.12,55.6,-0.48,-0.8633,319019.34,1765863.526
600036.SH,2021-06-18,54.75,55.7,54.07,54.69,55.12,-0.43,-0.7801,427116.81,2337303.193
600036.SH,2021-06-21,54.3,54.79,53.12,53.69,54.69,-1.0,-1.8285,579715.5,3119639.562
600036.SH,2021-06-22,53.86,55.58,53.86,55.46,53.69,1.77,3.2967,643592.18,3544466.664
600036.SH,2021-06-23,55.38,55.47,54.48,54.82,55.46,-0.64,-1.154,408719.65,2243392.897
600036.SH,2021-06-24,54.82,55.1,54.13,55.0,54.82,0.18,0.3283,363603.89,1988184.927
600036.SH,2021-06-25,55.0,56.55,54.78,56.4,55.0,1.4,2.5455,469559.64,2631903.465
600036.SH,2021-06-28,56.2,56.29,54.03,54.7,56.4,-1.7,-3.0142,698824.74,3825857.05
600036.SH,2021-06-29,54.2,54.85,53.7,53.8,54.7,-0.9,-1.6453,532449.31,2878196.932
600036.SH,2021-06-30,53.9,54.44,53.86,54.19,53.8,0.39,0.7249,357303.5,1935227.659
600036.SH,2021-07-01,54.21,56.0,53.8,56.0,54.19,1.81,3.3401,652987.35,3585284.669
600036.SH,2021-07-02,55.0,55.2,52.7,53.05,56.0,-2.95,-5.2679,929818.51,4969147.605
600036.SH,2021-07-05,52.94,53.09,51.5,52.94,53.05,-0.11,-0.2074,568609.27,2979267.518
600036.SH,2021-07-06,53.0,53.54,52.41,53.54,52.94,0.6,1.1334,452507.13,2401387.63
600036.SH,2021-07-07,53.3,53.91,53.01,53.43,53.54,-0.11,-0.2055,365978.33,1956147.233
600036.SH,2021-07-08,53.76,53.76,50.0,50.35,53.43,-3.08,-5.7646,1554188.68,7890344.986
600036.SH,2021-07-09,50.35,50.91,49.51,49.9,50.35,-0.45,-0.8937,827018.78,4141886.765
600036.SH,2021-07-12,50.6,51.14,49.8,50.4,49.9,0.5,1.002,839563.74,4227182.16
600036.SH,2021-07-13,49.5,50.8,48.71,49.97,49.15,0.82,1.6684,594450.17,2969602.398
600036.SH,2021-07-14,49.8,49.88,47.92,48.95,49.97,-1.02,-2.0412,885514.24,4295785.383
600036.SH,2021-07-15,49.0,51.46,48.97,51.05,48.95,2.1,4.2901,877272.98,4426680.806
600036.SH,2021-07-16,50.76,51.6,50.42,51.0,51.05,-0.05,-0.0979,462103.77,2357681.005
600036.SH,2021-07-19,51.0,51.2,49.41,50.83,51.0,-0.17,-0.3333,469630.76,2357941.868
600036.SH,2021-07-20,50.45,51.49,49.61,49.91,50.83,-0.92,-1.81,446889.3,2245908.475
600036.SH,2021-07-21,50.02,50.57,49.25,49.7,49.91,-0.21,-0.4208,506319.17,2512788.212
600036.SH,2021-07-22,49.69,51.1,49.38,50.25,49.7,0.55,1.1066,592355.89,2987211.474
600036.SH,2021-07-23,50.33,50.65,49.5,50.05,50.25,-0.2,-0.398,420352.8,2101810.738
600036.SH,2021-07-26,49.62,49.65,47.55,47.7,50.05,-2.35,-4.6953,749929.71,3616845.775
600036.SH,2021-07-27,47.65,47.93,45.8,46.17,47.7,-1.53,-3.2075,749495.18,3512047.045
600036.SH,2021-07-28,46.31,48.34,46.31,47.47,46.17,1.3,2.8157,847309.81,4027574.991
600036.SH,2021-07-29,48.2,48.3,47.5,47.95,47.47,0.48,1.0112,642745.21,3083677.744
600036.SH,2021-07-30,47.75,47.8,46.11,46.5,47.95,-1.45,-3.024,591958.97,2760620.844
600036.SH,2021-08-02,46.8,48.22,45.21,47.71,46.5,1.21,2.6022,836146.84,3925085.945
600036.SH,2021-08-03,47.6,48.1,46.95,47.59,47.71,-0.12,-0.2515,518758.28,2456399.176
600036.SH,2021-08-04,47.58,47.95,46.8,47.0,47.59,-0.59,-1.2398,511499.88,2410938.956
600036.SH,2021-08-05,46.68,47.3,46.09,46.75,47.0,-0.25,-0.5319,442303.11,2070051.63
600036.SH,2021-08-06,46.47,47.8,46.1,47.59,46.75,0.84,1.7968,507557.57,2392067.817
600036.SH,2021-08-09,47.58,50.0,47.58,49.06,47.59,1.47,3.0889,730430.2,3599567.2
600036.SH,2021-08-10,49.08,50.53,48.56,50.21,49.06,1.15,2.3441,663575.48,3291349.066
600036.SH,2021-08-11,50.21,51.77,50.0,50.9,50.21,0.69,1.3742,568554.59,2905233.228
600036.SH,2021-08-12,50.7,51.5,50.41,50.68,50.9,-0.22,-0.4322,397182.45,2021030.379
600036.SH,2021-08-13,50.71,51.35,50.31,51.18,50.68,0.5,0.9866,467404.7,2379825.404
600036.SH,2021-08-16,51.2,51.24,49.5,50.87,51.18,-0.31,-0.6057,744139.69,3770118.258
600036.SH,2021-08-17,50.87,51.4,49.52,49.62,50.87,-1.25,-2.4572,603231.96,3044300.923
600036.SH,2021-08-18,49.99,53.57,49.92,53.14,49.62,3.52,7.0939,1231242.36,6434458.385
600036.SH,2021-08-19,52.8,53.1,51.36,51.58,53.14,-1.56,-2.9356,676300.59,3515991.219
600036.SH,2021-08-20,51.74,52.57,49.9,51.03,51.58,-0.55,-1.0663,693764.73,3537372.069
600036.SH,2021-08-23,51.48,52.87,51.21,51.89,51.03,0.86,1.6853,539017.21,2806624.18
600036.SH,2021-08-24,52.02,52.85,51.01,52.2,51.89,0.31,0.5974,528276.9,2748379.141
600036.SH,2021-08-25,52.58,52.71,51.21,51.43,52.2,-0.77,-1.4751,407380.77,2107816.696
600036.SH,2021-08-26,51.93,51.93,49.48,49.6,51.43,-1.83,-3.5582,763035.07,3825334.082
600036.SH,2021-08-27,49.7,50.82,49.5,50.35,49.6,0.75,1.5121,386141.76,1942863.649
600036.SH,2021-08-30,50.35,50.35,47.61,48.45,50.35,-1.9,-3.7736,1079682.02,5224229.635
600036.SH,2021-08-31,48.45,49.45,47.85,48.96,48.45,0.51,1.0526,710440.24,3451030.103
600036.SH,2021-09-01,48.88,50.95,48.6,50.79,48.96,1.83,3.7377,826055.36,4129767.782
600036.SH,2021-09-02,50.69,51.88,50.3,51.6,50.79,0.81,1.5948,726200.98,3729206.237
600036.SH,2021-09-03,51.7,52.33,50.41,52.0,51.6,0.4,0.7752,642573.32,3321589.086
600036.SH,2021-09-06,51.51,52.75,51.18,51.2,52.0,-0.8,-1.5385,547428.47,2830673.161
600036.SH,2021-09-07,51.29,53.08,50.45,52.81,51.2,1.61,3.1445,772320.09,4026086.396
600036.SH,2021-09-08,52.72,53.55,52.26,52.41,52.81,-0.4,-0.7574,553906.68,2921088.035
600036.SH,2021-09-09,52.1,52.68,51.68,52.1,52.41,-0.31,-0.5915,357800.25,1863278.532
600036.SH,2021-09-10,52.0,54.52,51.75,54.12,52.1,2.02,3.8772,1070977.99,5766878.119
600036.SH,2021-09-13,53.67,54.5,53.5,53.92,54.12,-0.2,-0.3695,592830.43,3202583.507
600036.SH,2021-09-14,54.3,54.89,51.8,52.1,53.92,-1.82,-3.3754,631165.69,3336827.188
600036.SH,2021-09-15,52.0,52.49,50.8,51.4,52.1,-0.7,-1.3436,542337.93,2799380.278
600036.SH,2021-09-16,51.23,51.83,50.21,50.7,51.4,-0.7,-1.3619,629896.14,3193865.17
600036.SH,2021-09-17,50.78,51.54,50.5,51.25,50.7,0.55,1.0848,420164.72,2143690.281
600036.SH,2021-09-22,48.68,49.98,48.1,49.41,51.25,-1.84,-3.5902,1122596.22,5492053.805
600036.SH,2021-09-23,49.5,50.53,48.61,48.84,49.41,-0.57,-1.1536,861024.53,4246316.974
600036.SH,2021-09-24,48.45,49.33,48.4,48.77,48.84,-0.07,-0.1433,532039.33,2596408.378
600036.SH,2021-09-27,48.29,49.8,48.21,49.09,48.77,0.32,0.6561,667905.15,3265832.147
600036.SH,2021-09-28,49.1,50.98,49.09,50.42,49.09,1.33,2.7093,709925.47,3562616.329
600036.SH,2021-09-29,49.95,52.17,49.61,51.56,50.42,1.14,2.261,904609.86,4619317.49
600036.SH,2021-09-30,51.4,51.43,50.1,50.45,51.56,-1.11,-2.1528,586118.08,2960621.631
600036.SH,2021-10-08,50.02,51.08,50.02,50.93,50.45,0.48,0.9514,645552.92,3266919.267
600036.SH,2021-10-11,51.44,54.18,51.44,53.0,50.93,2.07,4.0644,971778.65,5171368.866
600036.SH,2021-10-12,52.7,53.79,52.3,53.09,53.0,0.09,0.1698,589373.29,3129716.165
600036.SH,2021-10-13,52.95,53.4,52.05,53.03,53.09,-0.06,-0.113,442556.73,2335530.448
600036.SH,2021-10-14,52.99,53.25,52.2,52.36,53.03,-0.67,-1.2634,288996.21,1518009.834
600036.SH,2021-10-15,52.45,53.44,52.35,53.31,52.36,0.95,1.8144,420357.59,2230147.908
600036.SH,2021-10-18,53.31,53.35,51.55,51.86,53.31,-1.45,-2.7199,577945.39,3008070.372
600036.SH,2021-10-19,52.25,53.32,52.0,52.88,51.86,1.02,1.9668,481692.57,2545615.998
600036.SH,2021-10-20,53.21,53.64,52.28,52.4,52.88,-0.48,-0.9077,305709.59,1612336.024
600036.SH,2021-10-21,52.85,54.0,52.6,53.75,52.4,1.35,2.5763,576586.98,3084324.265
600036.SH,2021-10-22,54.09,54.8,53.73,54.29,53.75,0.54,1.0047,547150.58,2967094.16
600036.SH,2021-10-25,53.83,54.93,53.1,54.59,54.29,0.3,0.5526,623341.26,3376970.796
600036.SH,2021-10-26,54.59,56.23,54.3,55.3,54.59,0.71,1.3006,715423.69,3961794.95
600036.SH,2021-10-27,55.2,55.2,53.83,54.52,55.3,-0.78,-1.4105,420394.41,2287323.386
600036.SH,2021-10-28,54.3,55.0,53.85,54.22,54.52,-0.3,-0.5503,346232.28,1883008.799
600036.SH,2021-10-29,54.22,54.75,53.7,53.97,54.22,-0.25,-0.4611,405439.43,2197661.117
600036.SH,2021-11-01,54.0,54.9,53.3,54.12,53.97,0.15,0.2779,425017.81,2300857.413
600036.SH,2021-11-02,54.35,54.49,51.67,52.25,54.12,-1.87,-3.4553,752206.49,3957181.527
600036.SH,2021-11-03,52.35,52.49,51.67,51.7,52.25,-0.55,-1.0526,444372.41,2312474.223
600036.SH,2021-11-04,52.0,52.1,51.28,51.75,51.7,0.05,0.0967,482914.75,2492815.499
600036.SH,2021-11-05,51.72,52.11,51.42,51.56,51.75,-0.19,-0.3671,361974.16,1871325.317
600036.SH,2021-11-08,51.32,51.9,50.8,51.3,51.56,-0.26,-0.5043,386749.06,1984383.358
600036.SH,2021-11-09,51.4,51.7,50.6,51.06,51.3,-0.24,-0.4678,387883.64,1979827.705
600036.SH,2021-11-10,51.06,51.15,50.04,50.63,51.06,-0.43,-0.8421,558071.06,2812533.072
600036.SH,2021-11-11,50.55,52.87,50.46,52.82,50.63,2.19,4.3255,849731.7,4430680.097
600036.SH,2021-11-12,52.82,53.18,52.25,52.4,52.82,-0.42,-0.7952,343596.56,1807134.405
600036.SH,2021-11-15,52.79,53.61,52.37,52.93,52.4,0.53,1.0115,366950.32,1941710.247
600036.SH,2021-11-16,52.9,53.38,52.16,52.5,52.93,-0.43,-0.8124,322315.09,1699581.537
600036.SH,2021-11-17,52.22,52.83,51.81,51.84,52.5,-0.66,-1.2571,339385.51,1768981.458
600036.SH,2021-11-18,51.8,52.0,51.0,51.41,51.84,-0.43,-0.8295,342442.67,1762554.164
600036.SH,2021-11-19,51.48,52.74,51.11,52.33,51.41,0.92,1.7895,464667.97,2419758.611
600036.SH,2021-11-22,52.1,52.34,51.59,51.69,52.33,-0.64,-1.223,376538.34,1952025.765
600036.SH,2021-11-23,51.75,52.3,51.44,51.75,51.69,0.06,0.1161,389148.91,2014132.978
600036.SH,2021-11-24,51.59,51.9,51.17,51.74,51.75,-0.01,-0.0193,315039.65,1622099.211
600036.SH,2021-11-25,51.7,51.7,51.24,51.42,51.74,-0.32,-0.6185,215660.2,1107928.517
600036.SH,2021-11-26,51.2,51.45,49.88,50.1,51.42,-1.32,-2.5671,823357.31,4141774.917
600036.SH,2021-11-29,49.78,50.1,48.82,49.82,50.1,-0.28,-0.5589,827247.04,4081227.201
600036.SH,2021-11-30,49.48,49.85,48.91,49.49,49.82,-0.33,-0.6624,610042.56,3008854.122
600036.SH,2021-12-01,49.48,50.2,49.28,49.99,49.49,0.5,1.0103,500361.03,2498326.167
600036.SH,2021-12-02,50.01,51.0,49.49,50.89,49.99,0.9,1.8004,556070.48,2814606.846
600036.SH,2021-12-03,51.07,51.28,50.47,51.25,50.89,0.36,0.7074,494076.47,2518566.499
600036.SH,2021-12-06,51.49,52.4,51.33,51.82,51.25,0.57,1.1122,604716.43,3140183.373
600036.SH,2021-12-07,52.29,52.58,51.1,51.84,51.82,0.02,0.0386,540773.71,2797815.012
600036.SH,2021-12-08,51.98,52.28,51.4,52.04,51.84,0.2,0.3858,490974.72,2543266.829
600036.SH,2021-12-09,52.25,53.84,51.8,53.13,52.04,1.09,2.0945,840557.21,4454333.955
600036.SH,2021-12-10,52.9,53.49,52.68,53.49,53.13,0.36,0.6776,564262.81,2996780.162
600036.SH,2021-12-13,53.56,54.2,52.41,52.42,53.49,-1.07,-2.0004,645545.66,3432179.789
600036.SH,2021-12-14,52.32,52.5,50.85,51.15,52.42,-1.27,-2.4227,810629.47,4165403.558
600036.SH,2021-12-15,51.0,51.34,50.78,51.0,51.15,-0.15,-0.2933,378493.27,1929195.599
600036.SH,2021-12-16,50.91,51.3,50.61,51.2,51.0,0.2,0.3922,383653.39,1957514.899
600036.SH,2021-12-17,51.09,51.4,50.66,50.77,51.2,-0.43,-0.8398,476449.05,2422698.276
600036.SH,2021-12-20,50.7,51.3,50.39,50.69,50.77,-0.08,-0.1576,470826.27,2394420.816
600036.SH,2021-12-21,50.65,50.99,50.3,50.63,50.69,-0.06,-0.1184,356944.42,1808288.477
600036.SH,2021-12-22,50.63,50.75,49.88,50.01,50.63,-0.62,-1.2246,436828.19,2189842.1
600036.SH,2021-12-23,50.11,50.26,49.68,50.22,50.01,0.21,0.4199,423708.71,2115301.002
600036.SH,2021-12-24,50.22,50.22,49.84,49.86,50.22,-0.36,-0.7168,344650.68,1721265.879
600036.SH,2021-12-27,49.87,50.06,49.0,49.33,49.86,-0.53,-1.063,735943.33,3634240.465
600036.SH,2021-12-28,49.33,49.8,49.2,49.63,49.33,0.3,0.6081,653220.73,3237655.243
600036.SH,2021-12-29,49.67,49.72,47.61,47.62,49.63,-2.01,-4.05,1438902.68,6964711.566
600036.SH,2021-12-30,47.89,48.78,47.66,48.5,47.62,0.88,1.848,967916.51,4682207.989
600036.SH,2021-12-31,48.54,48.88,48.33,48.71,48.5,0.21,0.433,492935.01,2399746.929
600036.SH,2022-01-04,48.71,48.71,47.51,48.35,48.71,-0.36,-0.7391,719606.45,3452352.17
600036.SH,2022-01-05,48.49,49.68,48.4,49.05,48.35,0.7,1.4478,837173.75,4114524.304
600036.SH,2022-01-06,48.82,49.39,48.1,48.15,49.05,-0.9,-1.8349,681866.64,3299825.727
600036.SH,2022-01-07,48.14,49.14,48.04,49.05,48.15,0.9,1.8692,660737.05,3219523.408
600036.SH,2022-01-10,49.47,50.0,48.91,49.23,49.05,0.18,0.367,570936.34,2818145.071
600036.SH,2022-01-11,49.49,50.1,48.89,49.85,49.23,0.62,1.2594,715617.48,3558651.499
600036.SH,2022-01-12,49.87,50.1,49.19,49.76,49.85,-0.09,-0.1805,518411.18,2574764.177
600036.SH,2022-01-13,49.85,50.05,49.12,49.34,49.76,-0.42,-0.8441,401407.54,1989903.367
600036.SH,2022-01-14,49.47,49.47,48.0,48.02,49.34,-1.32,-2.6753,666570.98,3218203.4
600036.SH,2022-01-17,48.37,48.85,47.89,48.58,48.02,0.56,1.1662,531807.61,2574842.95
600036.SH,2022-01-18,48.65,49.34,48.28,49.01,48.58,0.43,0.8851,579077.08,2835126.315
600036.SH,2022-01-19,49.47,49.98,49.11,49.7,49.01,0.69,1.4079,620280.26,3078947.655
600036.SH,2022-01-20,49.88,51.89,49.88,51.37,49.7,1.67,3.3602,1386248.71,7089347.716
600036.SH,2022-01-21,51.39,52.0,51.21,51.82,51.37,0.45,0.876,858080.94,4439219.181
600036.SH,2022-01-24,51.95,52.0,51.03,51.85,51.82,0.03,0.0579,638155.2,3288272.324
600036.SH,2022-01-25,51.55,51.79,50.7,50.9,51.85,-0.95,-1.8322,583512.89,2987207.43
600036.SH,2022-01-26,51.25,51.49,50.6,51.0,50.9,0.1,0.1965,436696.28,2226767.107
600036.SH,2022-01-27,50.9,51.18,50.12,50.77,51.0,-0.23,-0.451,529400.57,2687973.691
600036.SH,2022-01-28,51.05,51.2,49.15,49.21,50.77,-1.56,-3.0727,715144.11,3576839.774
600036.SH,2022-02-07,50.3,51.5,50.13,51.35,49.21,2.14,4.3487,732349.13,3741572.656
600036.SH,2022-02-08,51.55,52.0,50.99,51.71,51.35,0.36,0.7011,528241.76,2724121.499
600036.SH,2022-02-09,51.9,52.34,51.28,51.62,51.71,-0.09,-0.174,512207.06,2651984.749
600036.SH,2022-02-10,51.9,51.9,51.0,51.71,51.62,0.09,0.1744,335542.47,1725040.529
600036.SH,2022-02-11,51.82,53.0,51.65,52.76,51.71,1.05,2.0306,809932.65,4267478.082
600036.SH,2022-02-14,52.99,52.99,51.0,51.2,52.76,-1.56,-2.9568,594051.66,3060509.962
600036.SH,2022-02-15,50.95,51.38,49.95,50.22,51.2,-0.98,-1.9141,566179.03,2851170.329
600036.SH,2022-02-16,50.56,51.36,50.23,51.07,50.22,0.85,1.6926,404955.79,2065162.806
600036.SH,2022-02-17,51.27,51.98,50.92,51.46,51.07,0.39,0.7637,441570.43,2281127.847
600036.SH,2022-02-18,51.25,52.11,51.25,52.06,51.46,0.6,1.166,354390.1,1837821.806
600036.SH,2022-02-21,51.83,51.89,51.01,51.76,52.06,-0.3,-0.5763,313450.76,1610843.08
600036.SH,2022-02-22,51.08,51.35,50.74,51.22,51.76,-0.54,-1.0433,369839.93,1887326.607
600036.SH,2022-02-23,51.46,51.46,50.65,50.83,51.22,-0.39,-0.7614,374999.74,1905978.106
600036.SH,2022-02-24,50.55,50.58,49.85,50.02,50.83,-0.81,-1.5935,482380.83,2418202.039
600036.SH,2022-02-25,50.04,50.5,49.55,49.81,50.02,-0.21,-0.4198,451840.5,2256854.494
600036.SH,2022-02-28,49.59,49.94,49.31,49.8,49.81,-0.01,-0.0201,335289.64,1662895.005
600036.SH,2022-03-01,50.0,50.5,49.36,50.24,49.8,0.44,0.8835,406454.36,2027737.708
600036.SH,2022-03-02,49.8,50.23,49.44,49.47,50.24,-0.77,-1.5326,397075.98,1972076.233
600036.SH,2022-03-03,49.58,49.97,49.45,49.73,49.47,0.26,0.5256,311289.67,1546031.524
600036.SH,2022-03-04,49.25,49.39,48.5,48.7,49.73,-1.03,-2.0712,577897.2,2818733.866
600036.SH,2022-03-07,48.01,48.26,46.5,46.76,48.7,-1.94,-3.9836,1014353.69,4773665.662
600036.SH,2022-03-08,46.56,46.77,45.2,45.48,46.76,-1.28,-2.7374,834664.64,3842685.602
600036.SH,2022-03-09,45.6,45.73,43.01,44.39,45.48,-1.09,-2.3967,900431.12,4012104.662
600036.SH,2022-03-10,45.6,45.7,44.63,44.7,44.39,0.31,0.6984,671495.83,3031093.298
600036.SH,2022-03-11,44.5,44.79,43.1,44.45,44.7,-0.25,-0.5593,740524.88,3252533.334
600036.SH,2022-03-14,43.5,43.98,42.1,42.15,44.45,-2.3,-5.1744,1080465.57,4627178.709
600036.SH,2022-03-15,41.61,41.61,39.18,39.45,42.15,-2.7,-6.4057,1313092.49,5293255.402
600036.SH,2022-03-16,40.06,42.8,39.91,42.58,39.45,3.13,7.9341,1377449.32,5685452.904
600036.SH,2022-03-17,44.15,45.17,43.67,44.51,42.58,1.93,4.5326,1319647.59,5873750.265
600036.SH,2022-03-18,44.6,46.17,44.02,46.17,44.51,1.66,3.7295,923585.31,4173209.905
600036.SH,2022-03-21,45.89,45.89,44.6,44.81,46.17,-1.36,-2.9456,791032.2,3566893.332
600036.SH,2022-03-22,45.04,45.86,44.82,45.53,44.81,0.72,1.6068,549038.3,2497185.117
600036.SH,2022-03-23,45.69,45.97,45.3,45.76,45.53,0.23,0.5052,469959.84,2148515.086
600036.SH,2022-03-24,45.6,46.09,45.36,45.77,45.76,0.01,0.0219,380332.34,1742027.092
600036.SH,2022-03-25,45.71,45.95,45.0,45.18,45.77,-0.59,-1.2891,318259.36,1445681.951
600036.SH,2022-03-28,44.84,45.5,44.25,45.05,45.18,-0.13,-0.2877,386458.74,1736237.601
600036.SH,2022-03-29,45.15,45.55,44.91,45.01,45.05,-0.04,-0.0888,349620.89,1580213.154
600036.SH,2022-03-30,45.36,46.3,45.35,46.23,45.01,1.22,2.7105,520722.69,2389901.32
600036.SH,2022-03-31,45.99,47.12,45.82,46.8,46.23,0.57,1.233,615884.9,2878948.597
600036.SH,2022-04-01,46.49,47.47,46.28,47.1,46.8,0.3,0.641,476139.44,2233625.273
600036.SH,2022-04-06,46.4,47.73,46.38,47.39,47.1,0.29,0.6157,478268.55,2260412.706
600036.SH,2022-04-07,47.35,47.59,46.58,46.86,47.39,-0.53,-1.1184,377201.07,1776370.371
600036.SH,2022-04-08,46.7,47.18,46.6,47.18,46.86,0.32,0.6829,364234.74,1711753.064
600036.SH,2022-04-11,46.71,46.87,45.59,45.9,47.18,-1.28,-2.713,492611.73,2263984.281
600036.SH,2022-04-12,46.2,46.46,45.11,45.7,45.9,-0.2,-0.4357,588840.49,2691571.03
600036.SH,2022-04-13,45.7,46.1,45.31,45.75,45.7,0.05,0.1094,448222.52,2054724.468
600036.SH,2022-04-14,46.01,46.43,45.75,45.76,45.75,0.01,0.0219,326613.29,1503135.689
600036.SH,2022-04-15,45.7,47.0,45.49,46.83,45.76,1.07,2.3383,423159.03,1962144.157
600036.SH,2022-04-18,45.96,45.96,42.78,43.39,46.83,-3.44,-7.3457,2366775.06,10320718.085
600036.SH,2022-04-19,42.0,42.75,41.4,42.1,43.39,-1.29,-2.973,2504770.22,10505571.111
600036.SH,2022-04-20,41.8,41.98,40.9,41.1,42.1,-1.0,-2.3753,1318268.51,5440590.528
600036.SH,2022-04-21,40.7,42.1,40.6,41.28,41.1,0.18,0.438,1143500.98,4747988.004
600036.SH,2022-04-22,40.66,42.97,40.65,42.5,41.28,1.22,2.9554,1195339.84,5041291.328
600036.SH,2022-04-25,40.38,40.95,38.72,38.83,42.5,-3.67,-8.6353,2368745.15,9367538.01
600036.SH,2022-04-26,38.86,39.16,37.6,38.41,38.83,-0.42,-1.0816,1454718.77,5605383.081
600036.SH,2022-04-27,37.83,38.63,37.61,38.04,38.41,-0.37,-0.9633,1546207.95,5867256.791
600036.SH,2022-04-28,38.06,40.08,37.95,39.62,38.04,1.58,4.1535,1564523.1,6124749.761
600036.SH,2022-04-29,39.1,40.21,38.72,39.93,39.62,0.31,0.7824,1236928.61,4884561.443
600036.SH,2022-05-05,39.66,40.18,39.02,39.26,39.93,-0.67,-1.6779,944251.32,3712525.676
600036.SH,2022-05-06,38.7,38.75,37.9,37.91,39.26,-1.35,-3.4386,889455.45,3392746.139
600036.SH,2022-05-09,37.8,37.82,36.15,36.47,37.91,-1.44,-3.7985,1252405.92,4603133.911
600036.SH,2022-05-10,35.98,37.16,35.26,36.98,36.47,0.51,1.3984,1217637.35,4424738.771
600036.SH,2022-05-11,36.83,37.56,36.6,37.21,36.98,0.23,0.622,872398.56,3245600.405
600036.SH,2022-05-12,36.8,37.06,36.43,36.61,37.21,-0.6,-1.6125,630023.11,2309969.909
600036.SH,2022-05-13,36.98,37.6,36.9,37.15,36.61,0.54,1.475,701300.77,2610117.535
600036.SH,2022-05-16,37.13,37.13,36.44,36.89,37.15,-0.26,-0.6999,644742.36,2373534.396
600036.SH,2022-05-17,37.36,38.63,37.36,38.6,36.89,1.71,4.6354,1183954.43,4517008.501
600036.SH,2022-05-18,39.0,39.08,37.9,38.5,38.6,-0.1,-0.2591,887755.39,3406772.014
600036.SH,2022-05-19,37.89,38.25,37.52,38.03,38.5,-0.47,-1.2208,542010.95,2054604.084
600036.SH,2022-05-20,38.75,40.18,38.75,39.96,38.03,1.93,5.0749,1338872.44,5296502.627
600036.SH,2022-05-23,39.97,40.05,39.45,39.49,39.96,-0.47,-1.1762,618088.29,2449773.575
600036.SH,2022-05-24,39.6,39.83,38.84,38.9,39.49,-0.59,-1.494,687429.72,2695176.6
600036.SH,2022-05-25,38.98,39.1,38.64,38.78,38.9,-0.12,-0.3085,489025.4,1897867.054
600036.SH,2022-05-26,39.0,39.0,38.08,38.43,38.78,-0.35,-0.9025,615429.63,2361966.487
600036.SH,2022-05-27,38.9,39.41,38.73,39.12,38.43,0.69,1.7955,608395.89,2382330.33
600036.SH,2022-05-30,39.5,39.5,38.79,39.07,39.12,-0.05,-0.1278,471536.67,1841958.552
600036.SH,2022-05-31,39.05,39.75,38.8,39.69,39.07,0.62,1.5869,645403.94,2550654.577
600036.SH,2022-06-01,39.7,39.7,39.27,39.69,39.69,0.0,0.0,433834.08,1714345.935
600036.SH,2022-06-02,39.3,39.43,38.74,38.92,39.69,-0.77,-1.94,547281.21,2129924.528
600036.SH,2022-06-06,38.85,39.03,38.1,38.97,38.92,0.05,0.1285,698702.87,2692557.419
600036.SH,2022-06-07,38.96,39.5,38.67,39.35,38.97,0.38,0.9751,622726.29,2441620.703
600036.SH,2022-06-08,39.36,39.6,39.02,39.53,39.35,0.18,0.4574,596930.86,2345955.707
600036.SH,2022-06-09,39.5,40.6,39.41,40.29,39.53,0.76,1.9226,908607.22,3656593.721
600036.SH,2022-06-10,39.91,40.16,39.5,40.12,40.29,-0.17,-0.4219,795393.75,3166842.6
600036.SH,2022-06-13,39.56,39.56,38.34,38.57,40.12,-1.55,-3.8634,971312.16,3770847.475
600036.SH,2022-06-14,38.2,39.3,38.11,39.24,38.57,0.67,1.7371,598362.44,2314895.047
600036.SH,2022-06-15,39.19,41.1,39.19,40.48,39.24,1.24,3.16,1394894.78,5639026.274
600036.SH,2022-06-16,40.88,40.98,39.96,39.96,40.48,-0.52,-1.2846,636883.39,2567652.086
600036.SH,2022-06-17,39.84,40.17,39.27,39.85,39.96,-0.11,-0.2753,550730.77,2188790.58
600036.SH,2022-06-20,39.89,40.1,39.4,39.7,39.85,-0.15,-0.3764,614206.16,2440349.614
600036.SH,2022-06-21,39.74,40.65,39.45,40.33,39.7,0.63,1.5869,583913.88,2351462.261
600036.SH,2022-06-22,40.4,40.47,39.3,39.31,40.33,-1.02,-2.5291,730711.87,2896990.424
600036.SH,2022-06-23,39.32,40.21,39.32,40.14,39.31,0.83,2.1114,616029.83,2459925.121
600036.SH,2022-06-24,40.27,40.59,39.66,40.2,40.14,0.06,0.1495,639950.33,2559336.619
600036.SH,2022-06-27,40.33,41.36,40.15,41.25,40.2,1.05,2.6119,893408.11,3664489.439
600036.SH,2022-06-28,41.1,41.42,40.9,41.28,41.25,0.03,0.0727,499163.67,2054696.486
600036.SH,2022-06-29,41.27,41.71,40.99,41.01,41.28,-0.27,-0.6541,622804.11,2571017.815
600036.SH,2022-06-30,41.04,42.7,40.96,42.2,41.01,1.19,2.9017,832628.23,3502837.233
600036.SH,2022-07-01,42.38,42.38,41.21,41.38,42.2,-0.82,-1.9431,695748.15,2888674.475
600036.SH,2022-07-04,41.28,41.37,40.8,41.05,41.38,-0.33,-0.7975,486917.85,2000021.774
600036.SH,2022-07-05,41.46,41.67,40.76,40.98,41.05,-0.07,-0.1705,534538.41,2198036.073
600036.SH,2022-07-06,40.96,41.09,39.6,39.8,40.98,-1.18,-2.8795,885266.38,3542584.702
600036.SH,2022-07-07,39.8,40.17,39.55,39.75,39.8,-0.05,-0.1256,508129.21,2024650.566
600036.SH,2022-07-08,40.2,40.22,39.63,39.81,39.75,0.06,0.1509,480361.45,1912947.04
600036.SH,2022-07-11,39.58,39.69,39.2,39.44,39.81,-0.37,-0.9294,403754.87,1589869.33
600036.SH,2022-07-12,39.36,39.8,39.03,39.3,39.44,-0.14,-0.355,580629.88,2285703.404
600036.SH,2022-07-13,39.07,39.25,37.69,37.9,39.3,-1.4,-3.5623,1410830.81,5383917.613
600036.SH,2022-07-14,37.17,37.19,35.5,36.48,37.9,-1.42,-3.7467,2325233.74,8431357.29
600036.SH,2022-07-15,35.1,35.96,34.86,34.87,34.96,-0.09,-0.2574,1382451.73,4872775.479
600036.SH,2022-07-18,35.15,35.84,35.01,35.63,34.87,0.76,2.1795,903080.21,3202227.202
600036.SH,2022-07-19,35.5,35.85,35.2,35.71,35.63,0.08,0.2245,537813.84,1910448.534
600036.SH,2022-07-20,35.94,36.12,35.71,35.85,35.71,0.14,0.392,469688.71,1685116.916
600036.SH,2022-07-21,35.54,35.83,35.37,35.46,35.85,-0.39,-1.0879,466240.82,1656137.612
600036.SH,2022-07-22,35.55,36.05,35.25,35.59,35.46,0.13,0.3666,510332.74,1817477.34
600036.SH,2022-07-25,35.38,35.98,35.22,35.85,35.59,0.26,0.7305,404648.61,1447583.0
600036.SH,2022-07-26,35.85,36.35,35.79,36.33,35.85,0.48,1.3389,456285.22,1651632.36
600036.SH,2022-07-27,36.23,36.35,35.91,36.05,36.33,-0.28,-0.7707,442471.35,1597140.637
600036.SH,2022-07-28,36.1,36.35,35.75,35.78,36.05,-0.27,-0.749,570667.6,2054633.516
600036.SH,2022-07-29,35.83,36.18,35.01,35.07,35.78,-0.71,-1.9843,649706.31,2299974.527
600036.SH,2022-08-01,34.99,35.01,34.45,34.52,35.07,-0.55,-1.5683,705882.73,2445426.274
600036.SH,2022-08-02,34.2,34.21,33.33,33.91,34.52,-0.61,-1.7671,811607.51,2741206.158
600036.SH,2022-08-03,33.9,34.49,32.95,33.06,33.91,-0.85,-2.5066,1003206.25,3341394.264
600036.SH,2022-08-04,33.33,33.7,33.23,33.66,33.06,0.6,1.8149,593072.71,1986094.524
600036.SH,2022-08-05,33.81,34.34,33.62,34.3,33.66,0.64,1.9014,488719.48,1660667.569
600036.SH,2022-08-08,34.19,34.49,33.62,33.91,34.3,-0.39,-1.137,572111.97,1942979.975
600036.SH,2022-08-09,33.95,33.95,33.4,33.6,33.91,-0.31,-0.9142,498671.19,1675279.85
600036.SH,2022-08-10,33.56,33.7,33.03,33.15,33.6,-0.45,-1.3393,529604.8,1758806.053
600036.SH,2022-08-11,33.46,34.4,33.18,34.36,33.15,1.21,3.6501,826688.09,2799671.312
600036.SH,2022-08-12,34.16,34.44,34.03,34.37,34.36,0.01,0.0291,402000.5,1377797.391
600036.SH,2022-08-15,34.1,34.33,33.53,33.73,34.37,-0.64,-1.8621,459180.83,1554089.642
600036.SH,2022-08-16,33.86,34.37,33.75,33.91,33.73,0.18,0.5336,479154.54,1629408.747
600036.SH,2022-08-17,34.0,34.33,33.54,34.24,33.91,0.33,0.9732,453954.76,1545822.426
600036.SH,2022-08-18,34.13,34.17,33.44,33.72,34.24,-0.52,-1.5187,507344.43,1709182.803
600036.SH,2022-08-19,33.48,34.15,33.46,33.85,33.72,0.13,0.3855,428449.67,1455096.383
600036.SH,2022-08-22,33.54,34.12,33.5,33.62,33.85,-0.23,-0.6795,525634.82,1773361.292
600036.SH,2022-08-23,33.59,33.6,33.02,33.1,33.62,-0.52,-1.5467,539657.2,1791825.378
600036.SH,2022-08-24,33.14,33.44,32.8,32.84,33.1,-0.26,-0.7855,589658.52,1950217.427
600036.SH,2022-08-25,32.9,33.77,32.59,33.69,32.84,0.85,2.5883,650738.75,2161568.446
600036.SH,2022-08-26,33.7,34.04,33.33,33.7,33.69,0.01,0.0297,549683.1,1852196.046
600036.SH,2022-08-29,33.31,33.82,33.11,33.28,33.7,-0.42,-1.2463,389013.92,1293596.316
600036.SH,2022-08-30,33.11,33.87,33.08,33.79,33.28,0.51,1.5325,590877.36,1983189.091
600036.SH,2022-08-31,33.54,35.24,33.47,35.05,33.79,1.26,3.7289,1665451.05,5773783.194
600036.SH,2022-09-01,34.86,35.04,34.49,34.5,35.05,-0.55,-1.5692,607421.08,2109230.456
600036.SH,2022-09-02,34.6,34.9,34.12,34.32,34.5,-0.18,-0.5217,476634.98,1638046.863
600036.SH,2022-09-05,34.25,34.39,33.56,34.23,34.32,-0.09,-0.2622,467372.06,1585571.171
600036.SH,2022-09-06,34.32,34.75,33.5,33.62,34.23,-0.61,-1.7821,877561.01,2969378.343
600036.SH,2022-09-07,33.35,33.48,33.06,33.38,33.62,-0.24,-0.7139,625220.16,2077538.98
600036.SH,2022-09-08,33.37,33.53,33.25,33.3,33.38,-0.08,-0.2397,416672.22,1390770.603
600036.SH,2022-09-09,33.45,34.76,33.38,34.5,33.3,1.2,3.6036,1351666.15,4636864.234
600036.SH,2022-09-13,34.45,35.65,34.29,35.35,34.5,0.85,2.4638,1438610.57,5071277.448
600036.SH,2022-09-14,34.9,35.3,34.71,34.86,35.35,-0.49,-1.3861,560786.36,1960637.593
600036.SH,2022-09-15,35.15,36.06,35.15,36.01,34.86,1.15,3.2989,1340950.49,4805992.201
600036.SH,2022-09-16,35.69,36.0,34.92,34.95,36.01,-1.06,-2.9436,865161.34,3050978.941
600036.SH,2022-09-19,34.89,35.32,34.75,35.09,34.95,0.14,0.4006,449981.29,1578116.277
600036.SH,2022-09-20,35.1,35.19,34.35,34.54,35.09,-0.55,-1.5674,504345.51,1745868.528
600036.SH,2022-09-21,34.45,34.88,33.86,34.41,34.54,-0.13,-0.3764,530389.25,1821095.332
600036.SH,2022-09-22,34.0,34.25,33.91,34.17,34.41,-0.24,-0.6975,385145.51,1310807.203
600036.SH,2022-09-23,34.0,34.66,34.0,34.36,34.17,0.19,0.556,366437.17,1258753.251
600036.SH,2022-09-26,34.02,34.52,33.84,33.95,34.36,-0.41,-1.1932,525491.4,1789545.993
600036.SH,2022-09-27,33.89,34.05,33.44,33.9,33.95,-0.05,-0.1473,475413.62,1604082.625
600036.SH,2022-09-28,33.79,34.0,33.42,33.67,33.9,-0.23,-0.6785,487298.6,1642543.374
600036.SH,2022-09-29,33.99,34.32,33.0,33.15,33.67,-0.52,-1.5444,617859.02,2073148.613
600036.SH,2022-09-30,33.26,33.95,33.12,33.65,33.15,0.5,1.5083,539717.07,1816711.65
600036.SH,2022-10-10,32.99,33.09,31.25,31.8,33.65,-1.85,-5.4978,1277991.32,4068516.527
600036.SH,2022-10-11,31.79,32.07,31.31,31.4,31.8,-0.4,-1.2579,618664.47,1953843.165
600036.SH,2022-10-12,31.25,31.3,30.05,30.95,31.4,-0.45,-1.4331,1173699.75,3590021.718
600036.SH,2022-10-13,30.47,30.56,29.7,29.89,30.95,-1.06,-3.4249,1350380.91,4045377.68
600036.SH,2022-10-14,30.3,31.22,30.1,31.08,29.89,1.19,3.9813,1269196.92,3911873.392
600036.SH,2022-10-17,30.7,31.18,30.54,31.02,31.08,-0.06,-0.1931,646309.61,1997396.404
600036.SH,2022-10-18,31.3,31.38,30.7,30.8,31.02,-0.22,-0.7092,562813.82,1739815.953
600036.SH,2022-10-19,30.72,31.07,30.21,30.26,30.8,-0.54,-1.7532,528275.18,1614469.066
600036.SH,2022-10-20,30.0,30.45,29.88,30.07,30.26,-0.19,-0.6279,551154.04,1657020.702
600036.SH,2022-10-21,30.15,30.27,29.5,29.58,30.07,-0.49,-1.6295,728710.94,2171956.543
600036.SH,2022-10-24,29.39,29.49,28.0,28.02,29.58,-1.56,-5.2738,1451458.35,4134436.262
600036.SH,2022-10-25,28.02,28.47,27.81,28.19,28.02,0.17,0.6067,860282.49,2418347.973
600036.SH,2022-10-26,27.98,28.32,27.76,27.93,28.19,-0.26,-0.9223,754021.89,2113201.163
600036.SH,2022-10-27,28.2,28.44,27.9,27.94,27.93,0.01,0.0358,762865.64,2145320.724
600036.SH,2022-10-28,27.6,28.0,26.99,27.18,27.94,-0.76,-2.7201,949464.22,2601030.856
600036.SH,2022-10-31,26.9,27.13,26.3,26.82,27.18,-0.36,-1.3245,953032.53,2553633.471
600036.SH,2022-11-01,27.1,28.25,27.01,28.19,26.82,1.37,5.1081,1059019.01,2937217.653
600036.SH,2022-11-02,28.16,28.7,27.85,28.42,28.19,0.23,0.8159,728361.02,2060238.785
600036.SH,2022-11-03,28.35,28.38,27.88,28.05,28.42,-0.37,-1.3019,501722.13,1410971.285
600036.SH,2022-11-04,28.05,29.25,27.99,29.08,28.05,1.03,3.672,926829.57,2676989.831
600036.SH,2022-11-07,28.8,29.43,28.62,29.16,29.08,0.08,0.2751,545380.19,1585520.854
600036.SH,2022-11-08,29.2,29.38,28.94,29.15,29.16,-0.01,-0.0343,439781.88,1281125.722
600036.SH,2022-11-09,29.15,29.55,29.0,29.18,29.15,0.03,0.1029,463059.56,1353976.618
600036.SH,2022-11-10,29.0,29.3,28.77,29.19,29.18,0.01,0.0343,400045.62,1163044.393
600036.SH,2022-11-11,30.1,31.8,29.71,31.24,29.19,2.05,7.023,1688716.88,5192860.256
600036.SH,2022-11-14,32.5,33.69,32.33,33.14,31.24,1.9,6.0819,2049685.36,6818027.855
600036.SH,2022-11-15,33.15,33.83,32.75,33.28,33.14,0.14,0.4225,913305.06,3043238.573
600036.SH,2022-11-16,33.26,33.48,32.86,33.38,33.28,0.1,0.3005,614594.43,2043574.641
600036.SH,2022-11-17,33.3,33.3,32.0,32.31,33.38,-1.07,-3.2055,1037151.91,3358356.944
600036.SH,2022-11-18,32.29,32.68,31.83,32.07,32.31,-0.24,-0.7428,562731.94,1805184.083
600036.SH,2022-11-21,31.6,31.97,31.05,31.87,32.07,-0.2,-0.6236,479104.04,1512009.17
600036.SH,2022-11-22,32.07,32.88,31.8,32.45,31.87,0.58,1.8199,654166.5,2120960.84
600036.SH,2022-11-23,32.33,32.95,32.15,32.22,32.45,-0.23,-0.7088,577644.27,1878620.068
600036.SH,2022-11-24,32.6,32.87,32.08,32.22,32.22,0.0,0.0,406301.0,1314257.028
600036.SH,2022-11-25,32.21,33.22,32.18,33.02,32.22,0.8,2.4829,830121.55,2729700.885
600036.SH,2022-11-28,32.1,32.11,31.45,31.96,33.02,-1.06,-3.2102,809376.86,2566010.758
600036.SH,2022-11-29,32.79,34.91,32.75,34.86,31.96,2.9,9.0738,1753186.95,5977811.958
600036.SH,2022-11-30,34.33,35.44,34.2,34.96,34.86,0.1,0.2869,873324.61,3048012.198
600036.SH,2022-12-01,35.9,36.5,34.85,35.0,34.96,0.04,0.1144,831397.23,2948536.902
600036.SH,2022-12-02,35.0,35.0,34.16,34.39,35.0,-0.61,-1.7429,598462.4,2055897.652
600036.SH,2022-12-05,34.97,36.1,34.61,36.1,34.39,1.71,4.9724,1050604.39,3735713.567
600036.SH,2022-12-06,35.91,35.98,35.42,35.85,36.1,-0.25,-0.6925,651103.53,2322429.385
600036.SH,2022-12-07,35.8,35.95,35.3,35.32,35.85,-0.53,-1.4784,564606.28,2005014.219
600036.SH,2022-12-08,35.25,35.77,35.16,35.45,35.32,0.13,0.3681,443551.51,1574334.29
600036.SH,2022-12-09,35.8,36.93,35.63,36.75,35.45,1.3,3.6671,958162.91,3491269.582
600036.SH,2022-12-12,36.41,36.6,35.68,35.79,36.75,-0.96,-2.6122,606262.4,2186064.378
600036.SH,2022-12-13,35.73,36.26,35.61,36.14,35.79,0.35,0.9779,382903.98,1379130.447
600036.SH,2022-12-14,36.14,37.04,36.02,36.91,36.14,0.77,2.1306,644361.67,2361876.16
600036.SH,2022-12-15,36.62,36.96,36.22,36.33,36.91,-0.58,-1.5714,403403.41,1470344.983
600036.SH,2022-12-16,36.3,37.2,36.3,37.09,36.33,0.76,2.0919,607820.01,2242781.163
600036.SH,2022-12-19,37.1,37.34,36.25,36.5,37.09,-0.59,-1.5907,547842.53,2014825.882
600036.SH,2022-12-20,36.24,36.55,35.3,35.72,36.5,-0.78,-2.137,702911.16,2518741.582
600036.SH,2022-12-21,35.99,36.23,35.71,35.95,35.72,0.23,0.6439,330497.76,1188825.669
600036.SH,2022-12-22,36.53,36.85,36.25,36.5,35.95,0.55,1.5299,359714.83,1312827.354
600036.SH,2022-12-23,36.29,36.8,36.15,36.37,36.5,-0.13,-0.3562,330583.6,1204442.484
600036.SH,2022-12-26,36.35,36.8,35.89,35.95,36.37,-0.42,-1.1548,360473.52,1309281.788
600036.SH,2022-12-27,36.45,36.98,36.33,36.67,35.95,0.72,2.0028,367907.47,1350814.519
600036.SH,2022-12-28,36.67,37.52,36.58,37.33,36.67,0.66,1.7998,528859.97,1970716.248
600036.SH,2022-12-29,36.9,37.32,36.65,37.23,37.33,-0.1,-0.2679,513629.13,1902491.092
600036.SH,2022-12-30,37.34,37.63,37.19,37.26,37.23,0.03,0.0806,523228.05,1959907.428
600036.SH,2023-01-03,37.08,37.78,36.53,37.58,37.26,0.32,0.8588,606266.16,2255334.391
600036.SH,2023-01-04,37.78,38.83,37.53,38.65,37.58,1.07,2.8473,836454.11,3207024.324
600036.SH,2023-01-05,38.99,39.27,38.4,38.5,38.65,-0.15,-0.3881,619085.19,2398823.818
600036.SH,2023-01-06,38.66,38.93,37.89,38.38,38.5,-0.12,-0.3117,590006.99,2255711.424
600036.SH,2023-01-09,38.41,39.1,38.41,38.8,38.38,0.42,1.0943,499148.86,1937276.819
600036.SH,2023-01-10,38.78,38.8,38.16,38.25,38.8,-0.55,-1.4175,541971.59,2078031.131
600036.SH,2023-01-11,38.38,39.18,38.14,38.92,38.25,0.67,1.7516,541706.98,2107076.772
600036.SH,2023-01-12,39.11,39.15,38.73,39.05,38.92,0.13,0.334,304348.71,1185494.431
600036.SH,2023-01-13,39.07,39.66,38.97,39.66,39.05,0.61,1.5621,463767.08,1825772.733
600036.SH,2023-01-16,40.0,41.14,39.8,40.47,39.66,0.81,2.0424,880468.55,3569434.0
600036.SH,2023-01-17,40.45,40.94,40.28,40.68,40.47,0.21,0.5189,432047.05,1752751.493
600036.SH,2023-01-18,40.65,40.95,40.23,40.38,40.68,-0.3,-0.7375,294674.72,1191075.289
600036.SH,2023-01-19,40.2,40.8,39.92,40.65,40.38,0.27,0.6686,472490.21,1910434.244
600036.SH,2023-01-20,40.98,41.1,40.68,41.05,40.65,0.4,0.984,413402.73,1692997.05
600036.SH,2023-01-30,42.55,42.63,41.85,42.03,41.05,0.98,2.3873,1007007.4,4255796.7
600036.SH,2023-01-31,42.35,42.35,41.21,41.21,42.03,-0.82,-1.951,642311.85,2677248.182
600036.SH,2023-02-01,41.64,41.69,39.95,40.54,41.21,-0.67,-1.6258,916791.3,3709963.959
600036.SH,2023-02-02,40.7,40.75,39.55,40.03,40.54,-0.51,-1.258,727232.93,2898996.931
600036.SH,2023-02-03,39.79,39.79,39.01,39.3,40.03,-0.73,-1.8236,638163.64,2506324.574
600036.SH,2023-02-06,38.72,38.74,37.88,38.35,39.3,-0.95,-2.4173,731000.66,2790029.317
600036.SH,2023-02-07,38.5,38.94,38.16,38.41,38.35,0.06,0.1565,426570.86,1643882.586
600036.SH,2023-02-08,38.5,38.92,38.36,38.49,38.41,0.08,0.2083,317065.28,1222704.068
600036.SH,2023-02-09,38.42,38.89,38.32,38.49,38.49,0.0,0.0,498174.81,1920854.681
600036.SH,2023-02-10,38.3,38.39,37.9,38.16,38.49,-0.33,-0.8574,411026.39,1567982.948
600036.SH,2023-02-13,37.9,37.98,37.07,37.72,38.16,-0.44,-1.153,825181.34,3095654.45
600036.SH,2023-02-14,37.78,38.06,37.51,38.0,37.72,0.28,0.7423,486076.63,1836814.072
600036.SH,2023-02-15,38.0,38.09,37.0,37.17,38.0,-0.83,-2.1842,771047.78,2872782.991
600036.SH,2023-02-16,37.2,37.85,37.02,37.27,37.17,0.1,0.269,654152.31,2453427.441
600036.SH,2023-02-17,37.15,37.38,36.68,36.71,37.27,-0.56,-1.5025,575812.8,2130963.531
600036.SH,2023-02-20,36.82,38.51,36.82,38.49,36.71,1.78,4.8488,1080228.3,4089276.99
600036.SH,2023-02-21,38.43,38.82,38.13,38.69,38.49,0.2,0.5196,530465.4,2043801.362
600036.SH,2023-02-22,38.46,38.6,38.14,38.16,38.69,-0.53,-1.3699,383091.39,1467027.311
600036.SH,2023-02-23,38.16,38.77,38.16,38.27,38.16,0.11,0.2883,370638.24,1423074.975
600036.SH,2023-02-24,38.17,38.25,37.4,37.46,38.27,-0.81,-2.1165,533690.15,2011474.6
600036.SH,2023-02-27,37.27,37.58,37.09,37.16,37.46,-0.3,-0.8009,449333.67,1674343.23
600036.SH,2023-02-28,37.17,37.48,36.85,37.31,37.16,0.15,0.4037,378225.52,1405386.5
600036.SH,2023-03-01,37.25,38.34,37.2,38.25,37.31,0.94,2.5194,571194.01,2169732.585
600036.SH,2023-03-02,38.04,38.5,37.77,38.25,38.25,0.0,0.0,349070.09,1332878.911
600036.SH,2023-03-03,38.5,38.77,37.9,38.25,38.25,0.0,0.0,357113.9,1365470.222
600036.SH,2023-03-06,38.02,38.23,36.91,37.0,38.25,-1.25,-3.268,810519.39,3015166.37
600036.SH,2023-03-07,36.89,37.48,36.41,36.56,37.0,-0.44,-1.1892,737411.49,2722185.234
600036.SH,2023-03-08,36.25,36.32,35.8,36.0,36.56,-0.56,-1.5317,616583.57,2216886.862
600036.SH,2023-03-09,36.0,36.08,35.5,35.58,36.0,-0.42,-1.1667,539996.02,1928666.141
600036.SH,2023-03-10,35.05,35.66,34.95,35.03,35.58,-0.55,-1.5458,558453.66,1963698.972
600036.SH,2023-03-13,34.92,35.38,34.71,35.05,35.03,0.02,0.0571,584204.63,2046110.685
600036.SH,2023-03-14,34.68,34.93,34.34,34.58,35.05,-0.47,-1.3409,626667.5,2168927.834
600036.SH,2023-03-15,35.15,35.71,34.88,34.88,34.58,0.3,0.8676,676383.78,2380639.264
600036.SH,2023-03-16,34.5,35.15,34.21,34.65,34.88,-0.23,-0.6594,403894.89,1401995.822
600036.SH,2023-03-17,35.02,35.37,34.02,34.36,34.65,-0.29,-0.8369,832715.78,2893458.533
600036.SH,2023-03-20,34.44,34.91,34.02,34.12,34.36,-0.24,-0.6985,520725.15,1790157.157
600036.SH,2023-03-21,34.21,34.5,34.01,34.23,34.12,0.11,0.3224,367475.39,1256872.36
600036.SH,2023-03-22,34.52,34.73,34.28,34.54,34.23,0.31,0.9056,459867.4,1587045.184
600036.SH,2023-03-23,34.4,35.34,34.32,35.2,34.54,0.66,1.9108,542146.33,1890730.123
600036.SH,2023-03-24,34.98,34.98,34.23,34.43,35.2,-0.77,-2.1875,678718.39,2342134.999
600036.SH,2023-03-27,34.6,34.6,34.05,34.21,34.43,-0.22,-0.639,449836.1,1538661.024
600036.SH,2023-03-28,34.41,34.72,34.18,34.4,34.21,0.19,0.5554,533234.36,1834470.874
600036.SH,2023-03-29,34.61,34.7,34.1,34.12,34.4,-0.28,-0.814,418630.12,1433206.733
600036.SH,2023-03-30,34.15,34.39,33.71,34.35,34.12,0.23,0.6741,562289.7,1915822.304
600036.SH,2023-03-31,34.36,34.82,34.14,34.27,34.35,-0.08,-0.2329,577794.28,1993103.479
600036.SH,2023-04-03,34.31,34.45,33.98,34.37,34.27,0.1,0.2918,504675.01,1727952.628
600036.SH,2023-04-04,34.38,34.42,34.06,34.28,34.37,-0.09,-0.2619,487820.66,1668757.196
600036.SH,2023-04-06,34.17,34.17,33.73,33.8,34.28,-0.48,-1.4002,486795.67,1650684.312
600036.SH,2023-04-07,33.85,34.26,33.75,34.14,33.8,0.34,1.0059,394141.2,1343439.511
600036.SH,2023-04-10,34.15,34.3,33.97,34.24,34.14,0.1,0.2929,330159.49,1128256.665
600036.SH,2023-04-11,34.24,34.34,33.63,33.73,34.24,-0.51,-1.4895,733991.53,2485887.912
600036.SH,2023-04-12,33.89,33.95,33.66,33.74,33.73,0.01,0.0296,416127.69,1403968.679
600036.SH,2023-04-13,33.65,34.24,33.25,34.01,33.74,0.27,0.8002,634304.56,2142100.175
600036.SH,2023-04-14,34.2,34.79,34.02,34.39,34.01,0.38,1.1173,693923.38,2387857.214
600036.SH,2023-04-17,34.32,35.2,34.1,35.2,34.39,0.81,2.3553,893730.12,3107511.587
600036.SH,2023-04-18,35.21,36.35,35.12,35.68,35.2,0.48,1.3636,942714.63,3375509.116
600036.SH,2023-04-19,35.84,35.84,35.3,35.5,35.68,-0.18,-0.5045,510886.48,1815680.622
600036.SH,2023-04-20,35.6,35.74,34.86,34.99,35.5,-0.51,-1.4366,680915.3,2393722.845
600036.SH,2023-04-21,34.99,35.18,34.43,34.5,34.99,-0.49,-1.4004,531591.46,1849378.443
600036.SH,2023-04-24,34.52,34.69,33.51,33.6,34.5,-0.9,-2.6087,729873.68,2474101.753
600036.SH,2023-04-25,33.61,34.14,33.51,34.03,33.6,0.43,1.2798,512212.8,1731551.113
600036.SH,2023-04-26,33.8,33.96,33.35,33.82,34.03,-0.21,-0.6171,496500.7,1673601.45
600036.SH,2023-04-27,32.97,32.99,32.14,32.63,33.82,-1.19,-3.5186,1559279.39,5072330.698
600036.SH,2023-04-28,32.46,33.75,32.41,33.6,32.63,0.97,2.9727,940213.08,3136764.115
600036.SH,2023-05-04,33.29,34.4,32.83,34.13,33.6,0.53,1.5774,725433.03,2457318.979
600036.SH,2023-05-05,34.18,35.06,34.15,34.69,34.13,0.56,1.6408,800889.73,2785096.474
600036.SH,2023-05-08,34.86,35.95,34.64,35.6,34.69,0.91,2.6232,1064265.8,3773892.3
600036.SH,2023-05-09,35.68,36.1,34.96,34.99,35.6,-0.61,-1.7135,985529.78,3503564.878
600036.SH,2023-05-10,34.9,35.12,34.29,34.4,34.99,-0.59,-1.6862,638373.87,2203715.637
600036.SH,2023-05-11,34.6,35.33,34.4,34.45,34.4,0.05,0.1453,445802.84,1547837.683
600036.SH,2023-05-12,34.47,34.55,34.0,34.04,34.45,-0.41,-1.1901,459365.69,1569062.497
600036.SH,2023-05-15,34.09,34.85,33.71,34.7,34.04,0.66,1.9389,528094.53,1811811.263
600036.SH,2023-05-16,34.95,35.2,34.57,34.82,34.7,0.12,0.3458,385248.04,1341479.236
600036.SH,2023-05-17,34.81,35.13,34.43,34.5,34.82,-0.32,-0.919,396376.35,1380094.248
600036.SH,2023-05-18,34.73,34.84,34.21,34.45,34.5,-0.05,-0.1449,329012.3,1137523.121
600036.SH,2023-05-19,34.35,34.45,33.94,33.95,34.45,-0.5,-1.4514,392989.8,1339332.375
600036.SH,2023-05-22,33.98,34.34,33.98,34.2,33.95,0.25,0.7364,296934.41,1014463.033
600036.SH,2023-05-23,34.21,34.38,33.6,33.6,34.2,-0.6,-1.7544,346921.26,1177389.441
600036.SH,2023-05-24,33.59,33.59,32.93,32.93,33.6,-0.67,-1.994,463998.73,1541649.339
600036.SH,2023-05-25,32.76,32.76,32.16,32.42,32.93,-0.51,-1.5487,706051.03,2286618.239
600036.SH,2023-05-26,32.44,32.86,32.22,32.74,32.42,0.32,0.987,294623.74,958855.792
600036.SH,2023-05-29,32.95,32.95,32.44,32.69,32.74,-0.05,-0.1527,387300.9,1263259.965
600036.SH,2023-05-30,32.69,32.9,32.36,32.64,32.69,-0.05,-0.153,340071.78,1108840.1
600036.SH,2023-05-31,32.6,32.8,32.24,32.3,32.64,-0.34,-1.0417,525413.98,1704091.986
600036.SH,2023-06-01,32.31,32.5,32.02,32.06,32.3,-0.24,-0.743,472398.81,1521250.952
600036.SH,2023-06-02,32.22,33.1,32.2,33.07,32.06,1.01,3.1503,558856.07,1829053.08
600036.SH,2023-06-05,33.07,33.27,32.84,33.04,33.07,-0.03,-0.0907,312730.34,1033695.634
600036.SH,2023-06-06,33.04,33.8,32.98,33.07,33.04,0.03,0.0908,386633.75,1288946.278
600036.SH,2023-06-07,33.25,33.61,33.16,33.3,33.07,0.23,0.6955,338906.35,1132209.544
600036.SH,2023-06-08,33.32,34.22,33.22,34.08,33.3,0.78,2.3423,549615.01,1859578.016
600036.SH,2023-06-09,34.05,34.25,33.74,33.74,34.08,-0.34,-0.9977,415108.72,1408235.126
600036.SH,2023-06-12,33.73,33.92,33.38,33.73,33.74,-0.01,-0.0296,406773.76,1370601.854
600036.SH,2023-06-13,33.56,33.94,33.5,33.73,33.73,0.0,0.0,231245.56,779060.071
600036.SH,2023-06-14,33.93,34.04,33.39,33.39,33.73,-0.34,-1.008,382633.1,1289658.685
600036.SH,2023-06-15,33.5,33.79,33.31,33.72,33.39,0.33,0.9883,369537.06,1239411.035
600036.SH,2023-06-16,33.86,34.04,33.75,33.93,33.72,0.21,0.6228,426806.37,1448460.382
600036.SH,2023-06-19,33.91,33.91,33.56,33.58,33.93,-0.35,-1.0315,278960.62,939883.957
600036.SH,2023-06-20,33.5,33.56,33.1,33.19,33.58,-0.39,-1.1614,307648.75,1024392.135
600036.SH,2023-06-21,33.06,33.64,33.0,33.17,33.19,-0.02,-0.0603,427865.99,1426164.911
600036.SH,2023-06-26,32.93,33.1,32.42,32.61,33.17,-0.56,-1.6883,432103.0,1410658.235
600036.SH,2023-06-27,32.63,33.01,32.44,32.82,32.61,0.21,0.644,345715.27,1132557.913
600036.SH,2023-06-28,32.81,33.18,32.72,33.05,32.82,0.23,0.7008,333818.01,1100128.735
600036.SH,2023-06-29,33.05,33.18,32.67,32.68,33.05,-0.37,-1.1195,258548.31,848217.753
600036.SH,2023-06-30,32.73,33.0,32.64,32.76,32.68,0.08,0.2448,293613.27,964762.581
600036.SH,2023-07-03,32.9,33.76,32.8,33.72,32.76,0.96,2.9304,453667.67,1515242.663
600036.SH,2023-07-04,33.6,33.6,33.36,33.51,33.72,-0.21,-0.6228,224086.56,749827.211
600036.SH,2023-07-05,33.5,33.5,32.84,33.03,33.51,-0.48,-1.4324,413071.58,1365494.25
600036.SH,2023-07-06,33.03,33.12,32.51,32.58,33.03,-0.45,-1.3624,407842.46,1334753.417
600036.SH,2023-07-07,32.5,32.58,32.29,32.31,32.58,-0.27,-0.8287,472794.4,1530388.129
600036.SH,2023-07-10,32.52,32.69,32.33,32.45,32.31,0.14,0.4333,272076.77,883689.382
600036.SH,2023-07-11,32.73,32.8,32.47,32.71,32.45,0.26,0.8012,329166.54,1074347.765
600036.SH,2023-07-12,32.72,33.44,32.72,33.2,32.71,0.49,1.498,632049.33,2098753.494
600036.SH,2023-07-13,31.99,32.0,31.45,31.85,31.46,0.39,1.2397,563850.28,1791570.807
600036.SH,2023-07-14,31.94,32.19,31.78,31.93,31.85,0.08,0.2512,347520.56,1111472.582
600036.SH,2023-07-17,31.77,31.78,31.43,31.65,31.93,-0.28,-0.8769,262002.79,827190.406
600036.SH,2023-07-18,31.65,31.77,31.39,31.46,31.65,-0.19,-0.6003,316389.46,996591.508
600036.SH,2023-07-19,31.29,31.64,31.26,31.58,31.46,0.12,0.3814,240295.64,755090.293
600036.SH,2023-07-20,31.77,32.1,31.6,31.69,31.58,0.11,0.3483,272394.43,867690.876
600036.SH,2023-07-21,31.8,31.98,31.61,31.8,31.69,0.11,0.3471,315669.0,1004431.833
600036.SH,2023-07-24,31.46,31.73,31.4,31.45,31.8,-0.35,-1.1006,239122.03,753332.483
600036.SH,2023-07-25,32.0,33.35,32.0,33.27,31.45,1.82,5.787,1261620.96,4159900.848
600036.SH,2023-07-26,33.27,33.73,33.07,33.35,33.27,0.08,0.2405,501751.4,1673625.171
600036.SH,2023-07-27,33.5,33.82,33.2,33.66,33.35,0.31,0.9295,548488.96,1845231.37
600036.SH,2023-07-28,33.49,35.29,33.41,35.1,33.66,1.44,4.2781,1256287.59,4358344.107
600036.SH,2023-07-31,35.52,36.04,35.01,35.56,35.1,0.46,1.3105,1162756.05,4127807.307
600036.SH,2023-08-01,35.53,35.58,34.77,34.99,35.56,-0.57,-1.6029,660095.85,2316910.863
600036.SH,2023-08-02,34.16,34.82,33.77,34.03,34.99,-0.96,-2.7436,915357.61,3124298.66
600036.SH,2023-08-03,34.02,34.78,33.87,34.68,34.03,0.65,1.9101,509293.81,1750414.829
600036.SH,2023-08-04,35.08,35.5,34.72,34.88,34.68,0.2,0.5767,812642.48,2854335.236
600036.SH,2023-08-07,34.75,34.78,34.28,34.5,34.88,-0.38,-1.0894,344671.92,1187405.635
600036.SH,2023-08-08,34.33,34.65,33.81,34.15,34.5,-0.35,-1.0145,502282.55,1715919.7
600036.SH,2023-08-09,34.02,34.31,33.95,34.02,34.15,-0.13,-0.3807,386832.5,1318960.193
600036.SH,2023-08-10,33.9,34.25,33.8,34.14,34.02,0.12,0.3527,287724.69,978706.457
600036.SH,2023-08-11,34.16,34.47,33.15,33.15,34.14,-0.99,-2.8998,606240.04,2032299.867
600036.SH,2023-08-14,32.8,32.83,32.25,32.46,33.15,-0.69,-2.0814,667072.91,2167337.311
600036.SH,2023-08-15,32.46,32.64,32.15,32.36,32.46,-0.1,-0.3081,582959.14,1887265.044
600036.SH,2023-08-16,32.15,32.25,31.88,31.97,32.36,-0.39,-1.2052,580151.81,1857011.416
600036.SH,2023-08-17,31.78,31.87,31.49,31.79,31.97,-0.18,-0.563,646075.69,2043578.651
600036.SH,2023-08-18,31.75,32.63,31.75,31.88,31.79,0.09,0.2831,674594.67,2169641.216
600036.SH,2023-08-21,31.81,31.84,31.13,31.13,31.88,-0.75,-2.3526,809575.31,2537398.399
600036.SH,2023-08-22,31.21,31.47,31.0,31.32,31.13,0.19,0.6103,601070.44,1877097.295
600036.SH,2023-08-23,31.2,31.44,30.85,30.85,31.32,-0.47,-1.5006,560743.58,1743312.676
600036.SH,2023-08-24,31.0,31.15,30.8,31.06,30.85,0.21,0.6807,412256.14,1277299.345
600036.SH,2023-08-25,31.0,31.85,30.9,31.56,31.06,0.5,1.6098,647471.34,2028793.535
600036.SH,2023-08-28,33.3,33.93,32.03,32.26,31.56,0.7,2.218,1405093.67,4608776.006
600036.SH,2023-08-29,32.26,32.44,31.77,32.04,32.26,-0.22,-0.682,721169.98,2310485.794
600036.SH,2023-08-30,32.19,32.19,31.55,31.66,32.04,-0.38,-1.186,639801.58,2031430.069
600036.SH,2023-08-31,31.8,32.08,31.49,31.55,31.66,-0.11,-0.3474,503220.17,1595044.491
600036.SH,2023-09-01,31.95,32.63,31.88,32.27,31.55,0.72,2.2821,697526.19,2250478.414
600036.SH,2023-09-04,32.58,33.61,32.47,33.53,32.27,1.26,3.9046,1104299.32,3671655.441
600036.SH,2023-09-05,33.3,33.44,32.97,33.11,33.53,-0.42,-1.2526,447322.61,1483496.734
600036.SH,2023-09-06,33.1,33.46,32.77,33.36,33.11,0.25,0.7551,546740.47,1812037.299
600036.SH,2023-09-07,33.31,33.31,33.01,33.14,33.36,-0.22,-0.6595,358701.98,1188879.205
600036.SH,2023-09-08,33.0,33.26,32.95,33.17,33.14,0.03,0.0905,298500.98,989879.153
600036.SH,2023-09-11,33.13,33.29,32.91,32.91,33.17,-0.26,-0.7838,632873.69,2091952.941
600036.SH,2023-09-12,32.9,33.05,32.82,32.88,32.91,-0.03,-0.0912,277590.78,914017.922
600036.SH,2023-09-13,32.95,33.08,32.66,32.75,32.88,-0.13,-0.3954,298915.34,980129.608
600036.SH,2023-09-14,32.95,33.19,32.85,33.07,32.75,0.32,0.9771,437343.9,1443840.329
600036.SH,2023-09-15,33.3,33.42,32.8,32.96,33.07,-0.11,-0.3326,439602.15,1453249.853
600036.SH,2023-09-18,32.87,33.05,32.7,33.02,32.96,0.06,0.182,360401.92,1186454.306
600036.SH,2023-09-19,33.0,33.0,32.72,32.96,33.02,-0.06,-0.1817,384652.7,1263587.161
600036.SH,2023-09-20,32.86,32.86,32.63,32.73,32.96,-0.23,-0.6978,309317.58,1012842.173
600036.SH,2023-09-21,32.75,32.81,32.37,32.37,32.73,-0.36,-1.0999,390318.54,1270724.458
600036.SH,2023-09-22,32.59,33.37,32.32,33.34,32.37,0.97,2.9966,712833.16,2349131.841
600036.SH,2023-09-25,33.28,33.28,32.9,33.0,33.34,-0.34,-1.0198,456515.41,1506238.619
600036.SH,2023-09-26,32.93,33.08,32.75,32.8,33.0,-0.2,-0.6061,322023.56,1058673.65
600036.SH,2023-09-27,32.9,33.09,32.75,32.82,32.8,0.02,0.061,352466.79,1159673.83
600036.SH,2023-09-28,33.02,33.14,32.75,32.97,32.82,0.15,0.457,388564.69,1280959.169
600036.SH,2023-10-09,32.7,32.7,32.38,32.58,32.97,-0.39,-1.1829,361342.67,1176010.754
600036.SH,2023-10-10,33.12,33.13,32.59,32.59,32.58,0.01,0.0307,342636.98,1123856.356
600036.SH,2023-10-11,32.84,32.85,32.4,32.45,32.59,-0.14,-0.4296,376091.24,1226529.938
600036.SH,2023-10-12,32.99,33.33,32.78,33.07,32.45,0.62,1.9106,617459.63,2041713.576
600036.SH,2023-10-13,32.78,32.88,32.51,32.61,33.07,-0.46,-1.391,410371.87,1341527.525
600036.SH,2023-10-16,32.58,32.66,32.24,32.31,32.61,-0.3,-0.92,286774.14,928068.013
600036.SH,2023-10-17,32.39,32.6,32.22,32.52,32.31,0.21,0.65,286229.14,928757.316
600036.SH,2023-10-18,32.49,32.64,32.41,32.49,32.52,-0.03,-0.0923,249316.67,810933.178
600036.SH,2023-10-19,32.4,32.4,31.52,31.57,32.49,-0.92,-2.8316,604293.38,1922080.369
600036.SH,2023-10-20,31.49,31.81,31.4,31.65,31.57,0.08,0.2534,372589.37,1178535.483
600036.SH,2023-10-23,31.59,31.65,31.0,31.23,31.65,-0.42,-1.327,393801.84,1232365.016
600036.SH,2023-10-24,31.38,31.41,31.04,31.3,31.23,0.07,0.2241,365526.63,1142319.006
600036.SH,2023-10-25,31.6,31.75,31.2,31.42,31.3,0.12,0.3834,375693.32,1179249.724
600036.SH,2023-10-26,31.36,31.75,31.26,31.5,31.42,0.08,0.2546,287029.85,904374.422
600036.SH,2023-10-27,31.45,31.65,31.15,31.53,31.5,0.03,0.0952,391452.76,1231933.968
600036.SH,2023-10-30,31.01,31.13,30.55,30.9,31.53,-0.63,-1.9981,838500.56,2582604.676
600036.SH,2023-10-31,30.74,30.99,30.61,30.76,30.9,-0.14,-0.4531,528015.99,1624462.29
600036.SH,2023-11-01,30.8,30.88,30.43,30.45,30.76,-0.31,-1.0078,529897.07,1617976.148
600036.SH,2023-11-02,30.6,30.81,30.51,30.68,30.45,0.23,0.7553,364667.71,1118895.486
600036.SH,2023-11-03,30.68,31.04,30.6,30.99,30.68,0.31,1.0104,439568.79,1357177.293
600036.SH,2023-11-06,31.15,31.35,30.96,31.14,30.99,0.15,0.484,519823.85,1617714.882
600036.SH,2023-11-07,31.14,31.14,30.65,30.8,31.14,-0.34,-1.0918,516240.67,1589834.114
600036.SH,2023-11-08,30.74,30.78,30.5,30.6,30.8,-0.2,-0.6494,445182.98,1363161.957
600036.SH,2023-11-09,30.55,30.78,30.52,30.66,30.6,0.06,0.1961,327649.58,1003833.045
600036.SH,2023-11-10,30.5,30.56,30.1,30.16,30.66,-0.5,-1.6308,516964.62,1561581.974
600036.SH,2023-11-13,30.17,30.27,29.61,29.82,30.16,-0.34,-1.1273,634242.73,1891693.842
600036.SH,2023-11-14,29.87,30.2,29.86,30.2,29.82,0.38,1.2743,448342.67,1347710.79
600036.SH,2023-11-15,30.45,30.77,30.39,30.64,30.2,0.44,1.457,601939.6,1842095.992
600036.SH,2023-11-16,30.67,30.77,30.37,30.54,30.64,-0.1,-0.3264,315719.93,965161.754
600036.SH,2023-11-17,30.46,30.52,30.1,30.33,30.54,-0.21,-0.6876,432452.82,1308022.703
600036.SH,2023-11-20,30.34,30.59,30.14,30.58,30.33,0.25,0.8243,369227.08,1123420.442
600036.SH,2023-11-21,30.75,30.87,30.37,30.43,30.58,-0.15,-0.4905,488544.7,1497630.759
600036.SH,2023-11-22,30.3,30.41,30.15,30.16,30.43,-0.27,-0.8873,273705.42,828342.908
600036.SH,2023-11-23,30.02,30.21,29.95,30.14,30.16,-0.02,-0.0663,299793.83,900540.283
600036.SH,2023-11-24,30.06,30.1,29.93,30.0,30.14,-0.14,-0.4645,291162.76,873539.196
600036.SH,2023-11-27,30.0,30.03,29.29,29.4,30.0,-0.6,-2.0,581019.58,1714186.982
600036.SH,2023-11-28,29.41,29.49,29.04,29.16,29.4,-0.24,-0.8163,475165.11,1389229.278
600036.SH,2023-11-29,29.2,29.24,28.68,28.8,29.16,-0.36,-1.2346,620637.52,1789462.813
600036.SH,2023-11-30,28.8,28.98,28.6,28.79,28.8,-0.01,-0.0347,551560.06,1585194.742
600036.SH,2023-12-01,28.72,28.74,28.07,28.26,28.79,-0.53,-1.8409,882736.44,2496795.77
600036.SH,2023-12-04,28.27,28.46,28.02,28.08,28.26,-0.18,-0.6369,557878.3,1569603.288
600036.SH,2023-12-05,28.06,28.07,27.5,27.51,28.08,-0.57,-2.0299,618901.67,1717656.519
600036.SH,2023-12-06,27.56,27.96,27.45,27.76,27.51,0.25,0.9088,611259.26,1697947.805
600036.SH,2023-12-07,27.77,27.94,27.29,27.81,27.76,0.05,0.1801,594966.98,1643064.047
600036.SH,2023-12-08,27.7,27.95,27.5,27.5,27.81,-0.31,-1.1147,533497.65,1479206.064
600036.SH,2023-12-11,27.25,27.85,26.9,27.76,27.5,0.26,0.9455,758085.97,2067921.108
600036.SH,2023-12-12,27.7,28.07,27.61,28.05,27.76,0.29,1.0447,504201.11,1409339.298
600036.SH,2023-12-13,27.92,27.92,27.2,27.22,28.05,-0.83,-2.959,671239.32,1844591.027
600036.SH,2023-12-14,27.44,27.64,27.03,27.03,27.22,-0.19,-0.698,445268.08,1214879.008
600036.SH,2023-12-15,27.47,28.05,27.2,27.23,27.03,0.2,0.7399,980686.59,2697705.037
600036.SH,2023-12-18,27.0,27.38,26.9,27.28,27.23,0.05,0.1836,477164.25,1299068.335
600036.SH,2023-12-19,27.2,27.35,27.02,27.29,27.28,0.01,0.0367,376573.73,1024185.206
600036.SH,2023-12-20,27.31,27.41,27.06,27.06,27.29,-0.23,-0.8428,531128.08,1446520.286
600036.SH,2023-12-21,26.98,27.75,26.92,27.71,27.06,0.65,2.4021,759104.81,2082187.758
600036.SH,2023-12-22,27.78,27.85,27.41,27.61,27.71,-0.1,-0.3609,623643.72,1721377.205
600036.SH,2023-12-25,27.6,27.72,27.42,27.53,27.61,-0.08,-0.2898,419033.86,1154001.375
600036.SH,2023-12-26,27.49,27.49,27.16,27.27,27.53,-0.26,-0.9444,365257.08,997177.589
600036.SH,2023-12-27,27.33,27.37,27.05,27.3,27.27,0.03,0.11,410636.87,1117439.216
600036.SH,2023-12-28,27.25,28.13,27.25,27.99,27.3,0.69,2.5275,1061062.85,2953200.858
600036.SH,2023-12-29,27.9,28.05,27.77,27.82,27.99,-0.17,-0.6074,655773.45,1827818.811
600036.SH,2024-01-02,27.95,27.96,27.56,27.58,27.82,-0.24,-0.8627,542194.8,1500865.548
600036.SH,2024-01-03,27.58,27.84,27.52,27.77,27.58,0.19,0.6889,433955.88,1200383.624
600036.SH,2024-01-04,27.76,27.83,27.36,27.81,27.77,0.04,0.144,637102.49,1759101.593
600036.SH,2024-01-05,27.75,28.78,27.62,28.29,27.81,0.48,1.726,1190633.15,3376466.447
600036.SH,2024-01-08,28.17,28.59,27.95,28.13,28.29,-0.16,-0.5656,816820.7,2305065.736
600036.SH,2024-01-09,28.12,28.28,27.9,28.17,28.13,0.04,0.1422,558663.06,1569684.23
600036.SH,2024-01-10,28.02,28.35,28.02,28.05,28.17,-0.12,-0.426,453640.48,1277638.873
600036.SH,2024-01-11,28.0,28.57,27.85,28.38,28.05,0.33,1.1765,735318.26,2082611.272
600036.SH,2024-01-12,28.26,28.78,28.26,28.54,28.38,0.16,0.5638,577832.01,1652242.626
600036.SH,2024-01-15,28.5,28.94,28.37,28.77,28.54,0.23,0.8059,482452.29,1383953.76
600036.SH,2024-01-16,28.63,29.13,28.6,29.13,28.77,0.36,1.2513,853440.24,2469511.282
600036.SH,2024-01-17,29.12,29.58,29.03,29.19,29.13,0.06,0.206,1308601.46,3843478.823
600036.SH,2024-01-18,28.94,29.68,28.6,29.58,29.19,0.39,1.3361,1295126.45,3762050.846
600036.SH,2024-01-19,29.37,29.9,29.14,29.73,29.58,0.15,0.5071,968616.23,2865398.412
600036.SH,2024-01-22,29.76,30.5,29.7,30.25,29.73,0.52,1.7491,1549702.67,4691297.1
600036.SH,2024-01-23,30.01,30.35,29.8,29.99,30.25,-0.26,-0.8595,886055.52,2661547.376
600036.SH,2024-01-24,30.15,30.29,29.38,30.09,29.99,0.1,0.3334,974892.39,2904947.629
600036.SH,2024-01-25,30.31,31.0,30.18,30.9,30.09,0.81,2.6919,1234509.22,3791899.866
600036.SH,2024-01-26,30.92,31.35,30.66,31.12,30.9,0.22,0.712,1009915.78,3132788.305
600036.SH,2024-01-29,31.2,31.6,31.17,31.35,31.12,0.23,0.7391,838824.33,2632393.04
600036.SH,2024-01-30,31.2,31.5,30.78,31.0,31.35,-0.35,-1.1164,743999.13,2316762.5
600036.SH,2024-01-31,30.92,31.19,30.59,30.71,31.0,-0.29,-0.9355,808949.28,2494516.011
600036.SH,2024-02-01,30.67,30.84,30.2,30.42,30.71,-0.29,-0.9443,859700.09,2621519.218
600036.SH,2024-02-02,30.45,30.66,29.64,30.23,30.42,-0.19,-0.6246,987291.65,2986530.108
600036.SH,2024-02-05,30.23,30.95,30.06,30.71,30.23,0.48,1.5878,1063978.81,3246673.368
600036.SH,2024-02-06,30.71,31.35,30.6,31.33,30.71,0.62,2.0189,1062158.43,3296036.54
600036.SH,2024-02-07,31.42,31.48,30.81,31.31,31.33,-0.02,-0.0638,1110510.58,3458135.329
600036.SH,2024-02-08,31.31,31.45,31.02,31.4,31.31,0.09,0.2874,873004.36,2728137.528
600036.SH,2024-02-19,31.99,31.99,31.41,31.62,31.4,0.22,0.7006,875490.1,2770406.837
600036.SH,2024-02-20,31.62,31.62,31.29,31.4,31.62,-0.22,-0.6958,606404.69,1907541.533
600036.SH,2024-02-21,31.4,33.39,31.35,33.0,31.4,1.6,5.0955,1528656.12,5003152.628
600036.SH,2024-02-22,32.81,32.95,32.39,32.8,33.0,-0.2,-0.6061,752760.38,2461009.465
600036.SH,2024-02-23,32.81,33.4,32.62,32.95,32.8,0.15,0.4573,639848.72,2118316.307
600036.SH,2024-02-26,32.86,33.06,32.08,32.25,32.95,-0.7,-2.1244,666390.18,2163023.087
600036.SH,2024-02-27,32.24,32.4,31.99,32.18,32.25,-0.07,-0.2171,543491.54,1746108.592
600036.SH,2024-02-28,32.29,32.29,31.6,32.02,32.18,-0.16,-0.4972,683707.52,2186677.932
600036.SH,2024-02-29,31.89,32.2,31.85,32.04,32.02,0.02,0.0625,498928.29,1595634.178
600036.SH,2024-03-01,31.92,32.08,31.75,31.94,32.04,-0.1,-0.3121,427173.92,1361853.701
600036.SH,2024-03-04,31.76,31.87,31.47,31.52,31.94,-0.42,-1.315,591350.15,1868022.544
600036.SH,2024-03-05,31.42,32.21,31.31,32.18,31.52,0.66,2.0939,894028.67,2850224.114
600036.SH,2024-03-06,32.14,32.26,31.87,31.87,32.18,-0.31,-0.9633,516101.77,1655425.115
600036.SH,2024-03-07,31.87,32.13,31.78,32.0,31.87,0.13,0.4079,519491.97,1659111.449
600036.SH,2024-03-08,31.89,32.01,31.55,31.67,32.0,-0.33,-1.0313,441071.17,1399732.269
600036.SH,2024-03-11,31.55,31.75,31.2,31.48,31.67,-0.19,-0.5999,738537.94,2318402.185
600036.SH,2024-03-12,31.42,32.15,31.28,31.95,31.48,0.47,1.493,769253.75,2447163.517
600036.SH,2024-03-13,31.96,31.99,31.43,31.52,31.95,-0.43,-1.3459,469387.14,1482651.384
600036.SH,2024-03-14,31.46,31.72,31.16,31.25,31.52,-0.27,-0.8566,508174.98,1595073.269
600036.SH,2024-03-15,31.24,31.42,31.0,31.18,31.25,-0.07,-0.224,520780.63,1621589.213
600036.SH,2024-03-18,31.15,31.34,31.0,31.13,31.18,-0.05,-0.1604,461897.7,1436837.36
600036.SH,2024-03-19,31.1,31.11,30.73,30.8,31.13,-0.33,-1.0601,547025.3,1688506.946
600036.SH,2024-03-20,30.8,31.2,30.66,31.18,30.8,0.38,1.2338,498272.25,1544956.631
600036.SH,2024-03-21,31.17,31.76,31.05,31.55,31.18,0.37,1.1867,646761.08,2040298.376
600036.SH,2024-03-22,31.53,31.55,30.9,31.2,31.55,-0.35,-1.1094,552878.52,1722145.156
600036.SH,2024-03-25,31.11,31.51,30.92,31.35,31.2,0.15,0.4808,483759.02,1514858.505
600036.SH,2024-03-26,31.8,32.66,31.73,32.4,31.35,1.05,3.3493,1244307.91,4014510.51
600036.SH,2024-03-27,32.29,32.65,32.21,32.3,32.4,-0.1,-0.3086,782084.88,2539984.05
600036.SH,2024-03-28,32.34,32.5,32.07,32.18,32.3,-0.12,-0.3715,694744.92,2242513.222
600036.SH,2024-03-29,32.1,32.64,32.07,32.2,32.18,0.02,0.0622,514001.31,1663236.764
600036.SH,2024-04-01,32.18,32.85,32.18,32.64,32.2,0.44,1.3665,570152.32,1861582.316
600036.SH,2024-04-02,32.7,32.92,32.44,32.55,32.64,-0.09,-0.2757,536618.99,1753251.097
600036.SH,2024-04-03,32.54,32.63,32.23,32.23,32.55,-0.32,-0.9831,498081.63,1612691.616
600036.SH,2024-04-08,32.24,32.56,32.03,32.4,32.23,0.17,0.5275,477291.23,1544564.957
600036.SH,2024-04-09,32.5,32.63,32.31,32.31,32.4,-0.09,-0.2778,384772.07,1248965.235
600036.SH,2024-04-10,32.19,32.68,32.19,32.49,32.31,0.18,0.5571,504013.72,1638691.786
600036.SH,2024-04-11,32.31,32.42,32.13,32.3,32.49,-0.19,-0.5848,443747.73,1432073.801
600036.SH,2024-04-12,32.28,32.47,32.06,32.12,32.3,-0.18,-0.5573,478204.14,1540845.216
600036.SH,2024-04-15,32.1,33.0,32.09,32.83,32.12,0.71,2.2105,764644.73,2503221.029
600036.SH,2024-04-16,32.71,32.97,32.45,32.75,32.83,-0.08,-0.2437,741556.1,2429469.045
600036.SH,2024-04-17,32.69,33.49,32.47,33.3,32.75,0.55,1.6794,948211.96,3131202.074
600036.SH,2024-04-18,33.26,34.1,33.19,33.65,33.3,0.35,1.0511,1006574.01,3393695.785
600036.SH,2024-04-19,33.56,33.84,33.42,33.62,33.65,-0.03,-0.0892,540383.5,1818443.521
600036.SH,2024-04-22,33.78,34.19,33.05,33.34,33.62,-0.28,-0.8328,607535.07,2034006.573
600036.SH,2024-04-23,33.3,33.82,33.23,33.38,33.34,0.04,0.12,512452.44,1717681.682
600036.SH,2024-04-24,33.38,33.55,33.1,33.46,33.38,0.08,0.2397,443383.53,1480785.929
600036.SH,2024-04-25,33.44,34.4,33.38,34.4,33.46,0.94,2.8093,919481.8,3136628.386
600036.SH,2024-04-26,34.4,34.87,34.22,34.48,34.4,0.08,0.2326,954898.83,3292052.902
600036.SH,2024-04-29,34.4,35.16,34.2,34.88,34.48,0.4,1.1601,818064.12,2854804.596
600036.SH,2024-04-30,34.4,34.58,34.05,34.31,34.88,-0.57,-1.6342,868041.8,2982962.844
600036.SH,2024-05-06,35.1,35.36,34.72,34.88,34.31,0.57,1.6613,1000704.94,3501168.456
600036.SH,2024-05-07,34.88,34.95,34.63,34.87,34.88,-0.01,-0.0287,473848.57,1649813.221
600036.SH,2024-05-08,34.82,34.96,34.55,34.57,34.87,-0.3,-0.8603,412861.58,1434042.865
600036.SH,2024-05-09,34.6,34.93,34.6,34.84,34.57,0.27,0.781,512391.31,1782846.432
600036.SH,2024-05-10,34.84,35.85,34.8,35.62,34.84,0.78,2.2388,940365.7,3331360.84
600036.SH,2024-05-13,35.44,36.07,35.33,35.91,35.62,0.29,0.8141,747800.26,2674602.938
600036.SH,2024-05-14,35.89,36.13,35.2,35.34,35.91,-0.57,-1.5873,687778.84,2440460.309
600036.SH,2024-05-15,35.33,35.44,34.69,35.05,35.34,-0.29,-0.8206,674944.06,2361226.415
600036.SH,2024-05-16,35.08,36.45,35.0,36.25,35.05,1.2,3.4237,1291475.53,4659047.071
600036.SH,2024-05-17,36.3,36.9,36.06,36.85,36.25,0.6,1.6552,916879.44,3342837.158
600036.SH,2024-05-20,36.85,37.0,36.09,36.38,36.85,-0.47,-1.2754,914250.0,3337501.051
600036.SH,2024-05-21,36.36,36.52,36.13,36.24,36.38,-0.14,-0.3848,445999.44,1620630.88
600036.SH,2024-05-22,36.22,36.38,35.76,36.06,36.24,-0.18,-0.4967,664477.39,2398900.244
600036.SH,2024-05-23,35.9,36.01,35.32,35.5,36.06,-0.56,-1.553,924584.95,3284073.837
600036.SH,2024-05-24,35.3,35.48,34.66,34.74,35.5,-0.76,-2.1408,870440.0,3051224.758
600036.SH,2024-05-27,34.85,35.21,34.75,35.14,34.74,0.4,1.1514,570938.14,1997775.669
600036.SH,2024-05-28,35.1,35.33,34.72,34.83,35.14,-0.31,-0.8822,476190.58,1660811.058
600036.SH,2024-05-29,34.75,35.06,34.46,34.57,34.83,-0.26,-0.7465,491041.18,1703567.318
600036.SH,2024-05-30,34.45,34.9,34.18,34.34,34.57,-0.23,-0.6653,559244.84,1928489.154
600036.SH,2024-05-31,34.53,34.6,34.28,34.28,34.34,-0.06,-0.1747,508932.48,1752657.846
600036.SH,2024-06-03,34.22,34.38,33.92,34.15,34.28,-0.13,-0.3792,608111.35,2071791.245
600036.SH,2024-06-04,34.15,34.68,34.1,34.54,34.15,0.39,1.142,533788.42,1840296.169
600036.SH,2024-06-05,34.68,34.7,33.89,33.99,34.54,-0.55,-1.5924,691041.22,2359792.656
600036.SH,2024-06-06,34.09,34.2,33.78,34.0,33.99,0.01,0.0294,677240.66,2302856.624
600036.SH,2024-06-07,34.05,34.25,33.65,33.99,34.0,-0.01,-0.0294,678265.59,2298090.33
600036.SH,2024-06-11,33.78,33.97,33.12,33.36,33.99,-0.63,-1.8535,690448.31,2309722.313
600036.SH,2024-06-12,33.35,33.36,32.95,33.09,33.36,-0.27,-0.8094,511380.59,1693037.688
600036.SH,2024-06-13,33.2,33.22,32.72,32.82,33.09,-0.27,-0.816,550184.21,1808251.998
600036.SH,2024-06-14,32.82,34.02,32.82,33.81,32.82,0.99,3.0165,991674.29,3324856.785
600036.SH,2024-06-17,33.6,33.8,33.39,33.73,33.81,-0.08,-0.2366,457682.48,1539063.152
600036.SH,2024-06-18,33.86,34.3,33.62,33.71,33.73,-0.02,-0.0593,453675.39,1538144.777
600036.SH,2024-06-19,33.71,34.4,33.66,34.15,33.71,0.44,1.3053,585937.22,1997678.159
600036.SH,2024-06-20,34.16,34.23,33.9,34.01,34.15,-0.14,-0.41,392466.67,1336247.232
600036.SH,2024-06-21,33.88,34.08,33.49,33.7,34.01,-0.31,-0.9115,523962.8,1765822.362
600036.SH,2024-06-24,33.79,34.22,33.49,34.07,33.7,0.37,1.0979,692589.54,2350203.464
600036.SH,2024-06-25,34.07,34.47,33.97,34.3,34.07,0.23,0.6751,638160.2,2187945.494
600036.SH,2024-06-26,34.18,34.36,33.95,34.06,34.3,-0.24,-0.6997,452638.01,1545807.548
600036.SH,2024-06-27,33.96,34.34,33.83,34.26,34.06,0.2,0.5872,555172.6,1894891.373
600036.SH,2024-06-28,34.2,34.48,34.04,34.19,34.26,-0.07,-0.2043,525749.4,1799951.939
600036.SH,2024-07-01,34.19,34.4,33.95,34.36,34.19,0.17,0.4972,472238.65,1616131.283
600036.SH,2024-07-02,34.38,35.25,34.36,35.08,34.36,0.72,2.0955,868770.71,3041833.255
600036.SH,2024-07-03,35.01,35.09,34.31,34.46,35.08,-0.62,-1.7674,691372.7,2388331.234
600036.SH,2024-07-04,34.54,35.04,34.48,34.71,34.46,0.25,0.7255,696918.92,2424281.266
600036.SH,2024-07-05,34.71,34.83,33.66,33.88,34.71,-0.83,-2.3912,967782.76,3295568.199
600036.SH,2024-07-08,33.85,34.23,33.71,33.99,33.88,0.11,0.3247,545730.02,1855611.836
600036.SH,2024-07-09,33.99,34.55,33.72,34.47,33.99,0.48,1.4122,621037.01,2124005.154
600036.SH,2024-07-10,34.47,35.0,34.45,34.68,34.47,0.21,0.6092,726314.24,2524474.646
600036.SH,2024-07-11,33.08,33.13,32.79,32.9,32.71,0.19,0.5809,732388.96,2411951.386
600036.SH,2024-07-12,33.01,34.08,33.01,34.0,32.9,1.1,3.3435,944904.25,3199683.547
600036.SH,2024-07-15,34.0,34.05,33.72,33.78,34.0,-0.22,-0.6471,474603.66,1605883.747
600036.SH,2024-07-16,33.76,33.89,33.46,33.79,33.78,0.01,0.0296,455792.55,1535668.998
600036.SH,2024-07-17,33.7,34.19,33.65,34.07,33.79,0.28,0.8286,577954.22,1964635.267
600036.SH,2024-07-18,34.07,34.25,33.76,34.09,34.07,0.02,0.0587,598627.17,2036474.28
600036.SH,2024-07-19,34.0,34.3,33.59,34.25,34.09,0.16,0.4693,810072.18,2749172.01
600036.SH,2024-07-22,34.17,34.17,33.09,33.34,34.25,-0.91,-2.6569,808205.77,2694241.975
600036.SH,2024-07-23,33.34,33.71,33.23,33.34,33.34,0.0,0.0,538754.68,1803269.6
600036.SH,2024-07-24,33.45,33.58,33.03,33.18,33.34,-0.16,-0.4799,482452.94,1604648.703
600036.SH,2024-07-25,33.22,33.32,32.37,32.83,33.18,-0.35,-1.0549,762078.54,2496804.673
600036.SH,2024-07-26,32.8,33.04,32.11,32.37,32.83,-0.46,-1.4012,601461.67,1952156.132
600036.SH,2024-07-29,32.38,32.65,32.2,32.45,32.37,0.08,0.2471,413475.33,1343740.115
600036.SH,2024-07-30,32.4,32.59,32.15,32.42,32.45,-0.03,-0.0924,390781.61,1264925.929
600036.SH,2024-07-31,32.42,33.0,32.25,32.73,32.42,0.31,0.9562,595369.65,1948675.368
600036.SH,2024-08-01,32.73,32.85,32.27,32.71,32.73,-0.02,-0.0611,409138.81,1332771.463
600036.SH,2024-08-02,32.42,32.6,32.23,32.28,32.71,-0.43,-1.3146,386130.24,1250037.017
600036.SH,2024-08-05,32.2,32.52,32.05,32.1,32.28,-0.18,-0.5576,584419.84,1884940.815
600036.SH,2024-08-06,32.36,32.39,31.51,31.7,32.1,-0.4,-1.2461,514388.64,1637765.272
600036.SH,2024-08-07,31.73,31.9,31.55,31.58,31.7,-0.12,-0.3785,390731.73,1238023.516
600036.SH,2024-08-08,31.61,31.98,31.38,31.93,31.58,0.35,1.1083,394599.78,1252394.782
600036.SH,2024-08-09,31.97,32.58,31.81,32.33,31.93,0.4,1.2527,482748.47,1561254.687
600036.SH,2024-08-12,32.3,32.34,31.93,32.12,32.33,-0.21,-0.6496,318943.21,1023447.632
600036.SH,2024-08-13,32.1,32.23,31.76,31.94,32.12,-0.18,-0.5604,282377.69,902009.896
600036.SH,2024-08-14,31.9,32.14,31.81,31.86,31.94,-0.08,-0.2505,282446.1,901196.911
600036.SH,2024-08-15,31.85,32.92,31.65,32.76,31.86,0.9,2.8249,739789.83,2409557.383
600036.SH,2024-08-16,32.75,33.25,32.72,33.15,32.76,0.39,1.1905,418503.02,1383877.362
600036.SH,2024-08-19,33.25,33.5,33.03,33.42,33.15,0.27,0.8145,422843.42,1409948.503
600036.SH,2024-08-20,33.45,33.6,33.16,33.48,33.42,0.06,0.1795,423728.73,1415473.211
600036.SH,2024-08-21,33.3,33.43,32.82,33.24,33.48,-0.24,-0.7168,378101.05,1254587.421
600036.SH,2024-08-22,33.28,33.55,33.18,33.3,33.24,0.06,0.1805,382863.99,1276718.683
600036.SH,2024-08-23,33.27,33.85,33.07,33.7,33.3,0.4,1.2012,465587.26,1561509.818
600036.SH,2024-08-26,33.7,33.84,33.47,33.77,33.7,0.07,0.2077,351174.6,1182990.04
600036.SH,2024-08-27,33.77,33.94,33.53,33.7,33.77,-0.07,-0.2073,387208.57,1308314.397
600036.SH,2024-08-28,33.83,33.98,33.44,33.68,33.7,-0.02,-0.0593,415232.08,1398682.394
600036.SH,2024-08-29,33.59,33.77,32.9,32.93,33.68,-0.75,-2.2268,516387.82,1712021.359
600036.SH,2024-08-30,32.8,33.11,32.12,32.15,32.93,-0.78,-2.3687,1112229.83,3618077.5
600036.SH,2024-09-02,32.0,32.38,31.84,31.93,32.15,-0.22,-0.6843,558020.65,1787602.792
600036.SH,2024-09-03,32.01,32.08,31.4,31.62,31.93,-0.31,-0.9709,505751.88,1596269.78
600036.SH,2024-09-04,31.53,31.93,31.35,31.36,31.62,-0.26,-0.8223,380525.9,1198859.446
600036.SH,2024-09-05,31.36,31.44,30.9,31.2,31.36,-0.16,-0.5102,542063.45,1687017.96
600036.SH,2024-09-06,31.25,31.74,31.2,31.25,31.2,0.05,0.1603,383182.14,1206615.762
600036.SH,2024-09-09,30.98,30.99,30.04,30.24,31.25,-1.01,-3.232,871073.47,2641195.521
600036.SH,2024-09-10,30.25,30.43,29.94,30.19,30.24,-0.05,-0.1653,476023.57,1435849.555
600036.SH,2024-09-11,30.14,30.2,29.93,30.08,30.19,-0.11,-0.3644,415793.76,1249059.023
600036.SH,2024-09-12,30.1,30.5,29.94,30.23,30.08,0.15,0.4987,410266.97,1242374.645
600036.SH,2024-09-13,30.28,30.9,30.0,30.6,30.23,0.37,1.2239,495974.43,1520857.906
600036.SH,2024-09-18,30.61,31.2,30.61,31.11,30.6,0.51,1.6667,418540.27,1295345.114
600036.SH,2024-09-19,31.2,31.23,30.63,30.82,31.11,-0.29,-0.9322,451191.26,1393040.942
600036.SH,2024-09-20,30.82,31.11,30.66,30.94,30.82,0.12,0.3894,487417.55,1505998.312
600036.SH,2024-09-23,30.85,31.49,30.84,31.39,30.94,0.45,1.4544,344608.72,1076332.365
600036.SH,2024-09-24,31.68,33.14,31.67,33.13,31.39,1.74,5.5432,1361218.0,4427310.186
600036.SH,2024-09-25,33.85,34.49,33.7,34.15,33.13,1.02,3.0788,1856242.79,6327661.421
600036.SH,2024-09-26,34.16,35.38,33.91,35.38,34.15,1.23,3.6018,1745329.99,6068657.572
600036.SH,2024-09-27,36.11,36.5,34.91,35.63,35.38,0.25,0.7066,745457.82,2653812.67
600036.SH,2024-09-30,36.35,38.0,35.92,37.61,35.63,1.98,5.5571,2561012.6,9443438.268
600036.SH,2024-10-08,41.37,41.37,38.82,40.0,37.61,2.39,6.3547,2973038.68,11999361.938
600036.SH,2024-10-09,39.7,39.72,37.01,37.01,40.0,-2.99,-7.475,1855932.1,7113813.985
600036.SH,2024-10-10,37.4,39.5,37.4,38.73,37.01,1.72,4.6474,1433298.41,5528664.144
600036.SH,2024-10-11,38.73,39.22,38.03,38.43,38.73,-0.3,-0.7746,903475.8,3498241.86
600036.SH,2024-10-14,39.01,39.8,38.69,39.33,38.43,0.9,2.3419,1292938.39,5076841.42
600036.SH,2024-10-15,39.17,39.99,38.5,38.5,39.33,-0.83,-2.1103,955976.53,3755705.942
600036.SH,2024-10-16,38.15,39.5,38.13,39.5,38.5,1.0,2.5974,1012548.15,3963555.265
600036.SH,2024-10-17,39.53,39.79,38.49,38.49,39.5,-1.01,-2.557,848922.28,3315820.471
600036.SH,2024-10-18,38.51,39.43,38.21,39.05,38.49,0.56,1.4549,928194.33,3603949.498
600036.SH,2024-10-21,39.15,39.15,38.5,38.85,39.05,-0.2,-0.5122,717539.46,2780905.731
600036.SH,2024-10-22,38.84,39.6,38.75,39.17,38.85,0.32,0.8237,600526.1,2352800.199
600036.SH,2024-10-23,39.06,39.94,39.02,39.66,39.17,0.49,1.251,627099.68,2482861.345
600036.SH,2024-10-24,39.55,39.68,39.14,39.31,39.66,-0.35,-0.8825,336312.2,1323826.643
600036.SH,2024-10-25,39.25,39.49,39.06,39.1,39.31,-0.21,-0.5342,447931.19,1756222.719
600036.SH,2024-10-28,39.01,39.1,38.28,38.52,39.1,-0.58,-1.4834,664640.94,2559210.507
600036.SH,2024-10-29,38.6,39.1,38.41,38.6,38.52,0.08,0.2077,514681.61,1990283.154
600036.SH,2024-10-30,38.51,38.9,37.61,37.88,38.6,-0.72,-1.8653,703408.28,2680423.056
600036.SH,2024-10-31,37.8,37.99,36.91,37.36,37.88,-0.52,-1.3728,850392.51,3173924.099
600036.SH,2024-11-01,37.44,38.3,37.38,38.01,37.36,0.65,1.7398,703102.11,2671523.515
600036.SH,2024-11-04,38.1,38.75,37.41,38.75,38.01,0.74,1.9469,646612.09,2466019.719
600036.SH,2024-11-05,38.43,39.1,38.4,39.08,38.75,0.33,0.8516,628744.76,2445317.943
600036.SH,2024-11-06,39.0,39.08,38.15,38.56,39.08,-0.52,-1.3306,648336.29,2501077.845
600036.SH,2024-11-07,38.42,39.58,38.38,39.57,38.56,1.01,2.6193,743472.18,2904874.006
600036.SH,2024-11-08,39.68,39.85,38.75,38.8,39.57,-0.77,-1.9459,745368.46,2920926.027
600036.SH,2024-11-11,38.3,38.7,37.89,38.33,38.8,-0.47,-1.2113,703145.55,2682610.299
600036.SH,2024-11-12,38.19,38.84,37.51,37.59,38.33,-0.74,-1.9306,893289.28,3399364.219
600036.SH,2024-11-13,37.59,37.98,37.51,37.82,37.59,0.23,0.6119,485304.4,1833809.094
600036.SH,2024-11-14,37.66,38.48,37.53,38.06,37.82,0.24,0.6346,676440.3,2585688.546
600036.SH,2024-11-15,38.08,38.57,37.81,37.82,38.06,-0.24,-0.6306,699276.88,2671344.642
600036.SH,2024-11-18,38.05,38.66,37.8,37.9,37.82,0.08,0.2115,763448.07,2918992.44
600036.SH,2024-11-19,37.91,38.18,37.45,37.72,37.9,-0.18,-0.4749,521248.55,1967719.175
600036.SH,2024-11-20,37.8,37.85,37.4,37.48,37.72,-0.24,-0.6363,451291.26,1693331.536
600036.SH,2024-11-21,37.48,37.66,37.27,37.43,37.48,-0.05,-0.1334,350336.14,1309684.433
600036.SH,2024-11-22,37.43,37.55,36.36,36.45,37.43,-0.98,-2.6182,690490.9,2544524.441
600036.SH,2024-11-25,36.7,36.86,36.12,36.22,36.45,-0.23,-0.631,534094.73,1945383.41
600036.SH,2024-11-26,36.03,36.58,35.84,36.39,36.22,0.17,0.4694,459421.21,1666651.768
600036.SH,2024-11-27,36.39,36.68,36.11,36.6,36.39,0.21,0.5771,392076.88,1429782.933
600036.SH,2024-11-28,36.6,36.85,36.18,36.47,36.6,-0.13,-0.3552,451939.1,1647865.702
600036.SH,2024-11-29,36.59,37.0,36.31,36.34,36.47,-0.13,-0.3565,664379.99,2437776.752
600036.SH,2024-12-02,36.45,36.68,36.2,36.51,36.34,0.17,0.4678,424652.09,1548959.36
600036.SH,2024-12-03,36.65,37.22,36.38,37.12,36.51,0.61,1.6708,721986.09,2658919.819
600036.SH,2024-12-04,37.09,37.09,36.53,36.81,37.12,-0.31,-0.8351,620511.24,2285383.469
600036.SH,2024-12-05,36.66,37.36,36.61,36.91,36.81,0.1,0.2717,568949.34,2108115.265
600036.SH,2024-12-06,37.01,37.82,37.01,37.7,36.91,0.79,2.1403,877235.87,3296793.042
600036.SH,2024-12-09,37.59,37.99,37.35,37.7,37.7,0.0,0.0,492995.35,1859542.283
600036.SH,2024-12-10,38.8,38.99,38.4,38.6,37.7,0.9,2.3873,1038953.19,4022695.501
600036.SH,2024-12-11,38.54,38.79,38.23,38.3,38.6,-0.3,-0.7772,517709.36,1988895.959
600036.SH,2024-12-12,38.29,38.83,38.21,38.8,38.3,0.5,1.3055,586888.76,2267252.621
600036.SH,2024-12-13,38.45,38.6,37.28,37.3,38.8,-1.5,-3.866,1117982.8,4213094.969
600036.SH,2024-12-16,37.35,37.78,37.32,37.74,37.3,0.44,1.1796,640315.89,2409086.954
600036.SH,2024-12-17,37.54,38.16,37.54,37.85,37.74,0.11,0.2915,603104.08,2287237.539
600036.SH,2024-12-18,38.02,38.66,37.86,38.52,37.85,0.67,1.7701,805855.36,3101731.956
600036.SH,2024-12-19,38.38,38.53,38.0,38.02,38.52,-0.5,-1.298,611195.82,2336249.857
600036.SH,2024-12-20,38.05,38.28,37.86,37.91,38.02,-0.11,-0.2893,542150.38,2060744.582
600036.SH,2024-12-23,37.99,38.7,37.98,38.35,37.91,0.44,1.1606,902691.56,3473126.152
600036.SH,2024-12-24,38.35,39.29,38.32,39.22,38.35,0.87,2.2686,993428.46,3875223.368
600036.SH,2024-12-25,39.23,39.56,38.99,39.4,39.22,0.18,0.4589,755913.07,2972981.821
600036.SH,2024-12-26,39.4,39.54,39.01,39.48,39.4,0.08,0.203,539251.94,2125139.425
600036.SH,2024-12-27,39.48,39.64,38.78,39.34,39.48,-0.14,-0.3546,700319.55,2742768.758
600036.SH,2024-12-30,39.34,39.8,39.25,39.62,39.34,0.28,0.7117,678845.33,2690314.729
600036.SH,2024-12-31,39.56,39.9,39.3,39.3,39.62,-0.32,-0.8077,643716.99,2549055.494
600036.SH,2025-01-02,39.35,39.5,38.34,38.51,39.3,-0.79,-2.0102,642000.7,2493694.677
600036.SH,2025-01-03,38.6,39.04,38.54,38.66,38.51,0.15,0.3895,682583.06,2646967.329
600036.SH,2025-01-06,38.9,39.1,38.13,39.05,38.66,0.39,1.0088,617158.63,2394244.404
600036.SH,2025-01-07,38.97,39.15,38.61,38.9,39.05,-0.15,-0.3841,492752.05,1917344.814
600036.SH,2025-01-08,38.83,39.55,38.82,39.28,38.9,0.38,0.9769,751481.02,2952943.868
600036.SH,2025-01-09,39.4,39.43,38.83,39.0,39.28,-0.28,-0.7128,447083.35,1748399.288
600036.SH,2025-01-10,39.34,39.45,38.81,38.98,39.0,-0.02,-0.0513,481424.8,1881660.497
600036.SH,2025-01-13,38.93,39.15,38.54,39.07,38.98,0.09,0.2309,606322.74,2360608.444
600036.SH,2025-01-14,39.09,39.97,38.9,39.85,39.07,0.78,1.9964,708011.88,2802857.578
600036.SH,2025-01-15,39.99,41.0,39.89,40.64,39.85,0.79,1.9824,796700.88,3234242.853
600036.SH,2025-01-16,40.65,41.15,40.53,40.99,40.64,0.35,0.8612,592593.86,2423118.469
600036.SH,2025-01-17,40.96,41.16,40.13,40.71,40.99,-0.28,-0.6831,475900.5,1936832.044
600036.SH,2025-01-20,40.98,41.07,40.11,40.12,40.71,-0.59,-1.4493,542574.82,2195966.48
600036.SH,2025-01-21,40.32,40.51,40.01,40.14,40.12,0.02,0.0499,400685.06,1613495.367
600036.SH,2025-01-22,40.14,40.16,39.32,39.45,40.14,-0.69,-1.719,588912.22,2327377.021
600036.SH,2025-01-23,39.67,40.23,39.52,39.83,39.45,0.38,0.9632,606618.1,2417576.583
600036.SH,2025-01-24,39.66,40.55,39.46,40.26,39.83,0.43,1.0796,574652.34,2312073.726
600036.SH,2025-01-27,40.58,40.97,40.55,40.65,40.26,0.39,0.9687,526060.47,2144848.681
600036.SH,2025-02-05,40.85,40.9,39.9,40.0,40.65,-0.65,-1.599,504788.89,2030411.802
600036.SH,2025-02-06,40.0,40.38,39.73,40.2,40.0,0.2,0.5,466088.42,1866867.478
600036.SH,2025-02-07,40.1,40.4,39.96,40.2,40.2,0.0,0.0,521066.18,2092855.37
600036.SH,2025-02-10,40.2,40.92,39.96,40.6,40.2,0.4,0.995,581805.95,2357786.974
600036.SH,2025-02-11,40.75,41.04,40.64,40.98,40.6,0.38,0.936,457771.19,1872296.623
600036.SH,2025-02-12,40.96,41.66,40.56,41.62,40.98,0.64,1.5617,603591.49,2484722.115
600036.SH,2025-02-13,41.65,41.95,41.34,41.71,41.62,0.09,0.2162,462206.98,1927409.816
600036.SH,2025-02-14,41.69,42.03,41.52,42.03,41.71,0.32,0.7672,498736.9,2086301.72
600036.SH,2025-02-17,41.99,41.99,41.36,41.72,42.03,-0.31,-0.7376,536125.61,2228540.282
600036.SH,2025-02-18,41.51,42.48,41.51,42.05,41.72,0.33,0.791,546665.39,2301403.254
600036.SH,2025-02-19,42.0,42.15,41.76,41.98,42.05,-0.07,-0.1665,374702.23,1572476.676
600036.SH,2025-02-20,42.0,42.09,41.68,41.85,41.98,-0.13,-0.3097,407675.08,1705724.684
600036.SH,2025-02-21,41.96,41.99,41.22,41.4,41.85,-0.45,-1.0753,595255.79,2467492.898
600036.SH,2025-02-24,41.39,41.75,41.1,41.27,41.4,-0.13,-0.314,571107.09,2361716.151
600036.SH,2025-02-25,41.15,41.44,40.91,41.03,41.27,-0.24,-0.5815,507321.2,2088784.244
600036.SH,2025-02-26,41.13,41.7,41.05,41.48,41.03,0.45,1.0968,476446.61,1974231.834
600036.SH,2025-02-27,41.6,42.4,41.28,42.38,41.48,0.9,2.1697,622596.57,2611617.503
600036.SH,2025-02-28,42.38,42.66,42.05,42.05,42.38,-0.33,-0.7787,705423.65,2985755.469
600036.SH,2025-03-03,42.12,42.62,41.95,42.05,42.05,0.0,0.0,470149.02,1983165.73
600036.SH,2025-03-04,41.91,42.1,41.77,41.8,42.05,-0.25,-0.5945,317245.42,1329037.847
600036.SH,2025-03-05,41.96,42.91,41.75,42.89,41.8,1.09,2.6077,632037.43,2689749.944
600036.SH,2025-03-06,42.89,43.1,42.45,42.96,42.89,0.07,0.1632,572053.04,2450800.591
600036.SH,2025-03-07,42.9,43.8,42.85,43.57,42.96,0.61,1.4199,605413.19,2626484.644
600036.SH,2025-03-10,43.49,43.58,42.82,43.07,43.57,-0.5,-1.1476,508749.71,2191791.878
600036.SH,2025-03-11,42.77,43.64,42.71,43.51,43.07,0.44,1.0216,565741.09,2447134.269
600036.SH,2025-03-12,43.5,43.86,43.25,43.54,43.51,0.03,0.0689,418258.36,1822497.448
600036.SH,2025-03-13,43.6,44.38,43.5,43.84,43.54,0.3,0.689,585539.28,2575079.64
600036.SH,2025-03-14,44.0,45.47,43.94,45.16,43.84,1.32,3.0109,911275.35,4095818.343
600036.SH,2025-03-17,45.32,45.5,44.98,45.04,45.16,-0.12,-0.2657,654209.73,2957486.225
600036.SH,2025-03-18,45.29,45.38,44.82,45.14,45.04,0.1,0.222,428220.01,1933102.848
600036.SH,2025-03-19,45.28,46.1,45.1,46.02,45.14,0.88,1.9495,670705.94,3061182.015
600036.SH,2025-03-20,45.92,45.92,44.78,45.24,46.02,-0.78,-1.6949,678656.03,3067327.047
600036.SH,2025-03-21,45.12,45.34,44.52,44.7,45.24,-0.54,-1.1936,675411.7,3030118.215
600036.SH,2025-03-24,44.55,45.19,44.55,45.05,44.7,0.35,0.783,449576.19,2018232.266
600036.SH,2025-03-25,45.0,45.5,44.95,45.09,45.05,0.04,0.0888,356871.55,1610425.397
600036.SH,2025-03-26,44.5,44.59,42.61,42.66,45.09,-2.43,-5.3892,1578326.32,6817699.594
600036.SH,2025-03-27,42.75,43.74,42.74,43.26,42.66,0.6,1.4065,827950.81,3583722.318
600036.SH,2025-03-28,43.3,43.45,43.06,43.22,43.26,-0.04,-0.0925,386184.09,1671063.294
600036.SH,2025-03-31,43.21,43.78,42.61,43.29,43.22,0.07,0.162,539568.88,2334387.177
600036.SH,2025-04-01,43.28,43.29,42.75,42.87,43.29,-0.42,-0.9702,389360.35,1671945.743
600036.SH,2025-04-02,42.87,43.15,42.68,42.73,42.87,-0.14,-0.3266,331201.89,1420244.308
600036.SH,2025-04-03,42.02,42.85,42.02,42.65,42.73,-0.08,-0.1872,464165.5,1977833.089
600036.SH,2025-04-07,40.94,42.0,39.39,40.83,42.65,-1.82,-4.2673,1815632.92,7360169.684
600036.SH,2025-04-08,40.78,41.2,40.44,41.15,40.83,0.32,0.7837,1610477.36,6562173.34
600036.SH,2025-04-09,40.6,41.02,40.3,40.46,41.15,-0.69,-1.6768,973969.35,3956703.949
600036.SH,2025-04-10,40.99,41.45,40.55,41.1,40.46,0.64,1.5818,743788.75,3057795.208
600036.SH,2025-04-11,41.11,41.69,40.81,41.51,41.1,0.41,0.9976,583056.91,2404586.566
600036.SH,2025-04-14,41.68,41.91,41.41,41.48,41.51,-0.03,-0.0723,482159.84,2006762.053
600036.SH,2025-04-15,41.49,42.29,41.45,42.1,41.48,0.62,1.4947,614563.86,2578602.435
600036.SH,2025-04-16,41.98,42.58,41.82,42.25,42.1,0.15,0.3563,576293.58,2425842.589
600036.SH,2025-04-17,42.12,42.36,41.85,42.12,42.25,-0.13,-0.3077,405792.88,1711632.454
600036.SH,2025-04-18,42.13,42.79,42.05,42.75,42.12,0.63,1.4957,435001.28,1849158.562
600036.SH,2025-04-21,42.66,43.08,42.28,42.28,42.75,-0.47,-1.0994,416465.85,1774479.138
600036.SH,2025-04-22,42.31,42.54,42.01,42.01,42.28,-0.27,-0.6386,433788.13,1831804.304
600036.SH,2025-04-23,42.3,42.3,41.77,41.99,42.01,-0.02,-0.0476,467743.59,1965588.261
600036.SH,2025-04-24,42.0,42.38,41.95,42.21,41.99,0.22,0.5239,413651.85,1747384.624
600036.SH,2025-04-25,42.29,42.55,42.04,42.08,42.21,-0.13,-0.308,424349.93,1792844.933
600036.SH,2025-04-28,42.15,42.56,42.03,42.35,42.08,0.27,0.6416,386973.17,1639160.75
600036.SH,2025-04-29,42.35,42.65,42.0,42.0,42.35,-0.35,-0.8264,457698.53,1933096.299
600036.SH,2025-04-30,41.64,41.64,40.51,40.74,42.0,-1.26,-3.0,1172682.1,4782474.914
600036.SH,2025-05-06,40.9,41.41,40.51,41.37,40.74,0.63,1.5464,666409.99,2734586.584
600036.SH,2025-05-07,41.79,42.23,41.31,42.02,41.37,0.65,1.5712,712913.88,2985699.306
600036.SH,2025-05-08,42.01,43.42,42.0,42.8,42.02,0.78,1.8563,833809.64,3581050.505
600036.SH,2025-05-09,42.8,43.6,42.8,43.48,42.8,0.68,1.5888,668154.72,2897563.045
600036.SH,2025-05-12,43.45,44.4,43.11,43.8,43.48,0.32,0.736,848974.09,3724155.034
600036.SH,2025-05-13,44.09,44.65,43.85,44.56,43.8,0.76,1.7352,699124.17,3099990.42
600036.SH,2025-05-14,44.55,45.3,44.32,44.81,44.56,0.25,0.561,712790.18,3194543.663
600036.SH,2025-05-15,44.83,45.38,44.65,44.92,44.81,0.11,0.2455,684600.48,3080577.618
600036.SH,2025-05-16,44.75,44.98,44.03,44.27,44.92,-0.65,-1.447,619655.35,2743750.956
600036.SH,2025-05-19,44.2,44.46,43.75,43.84,44.27,-0.43,-0.9713,502817.01,2213557.25
600036.SH,2025-05-20,44.03,44.61,43.87,43.9,43.84,0.06,0.1369,500534.83,2210731.576
600036.SH,2025-05-21,43.95,44.37,43.84,43.9,43.9,0.0,0.0,499200.35,2199193.618
600036.SH,2025-05-22,43.9,44.56,43.75,44.51,43.9,0.61,1.3895,565655.62,2503244.591
600036.SH,2025-05-23,44.51,44.68,43.9,44.05,44.51,-0.46,-1.0335,541460.09,2395482.582
600036.SH,2025-05-26,43.89,44.17,43.63,43.8,44.05,-0.25,-0.5675,456099.75,2000068.964
600036.SH,2025-05-27,43.8,44.15,43.67,43.74,43.8,-0.06,-0.137,363750.01,1594752.084
600036.SH,2025-05-28,43.78,44.05,43.6,43.68,43.74,-0.06,-0.1372,300355.24,1313730.557
600036.SH,2025-05-29,43.7,43.95,43.45,43.47,43.68,-0.21,-0.4808,492989.7,2152530.686
600036.SH,2025-05-30,43.55,43.88,43.35,43.43,43.47,-0.04,-0.092,571391.44,2491890.458
600036.SH,2025-06-03,43.5,44.43,43.5,43.97,43.43,0.54,1.2434,503685.13,2216746.052
600036.SH,2025-06-04,44.05,44.27,43.9,44.06,43.97,0.09,0.2047,373416.67,1644649.609
600036.SH,2025-06-05,44.06,44.42,44.0,44.37,44.06,0.31,0.7036,421316.8,1865235.666
600036.SH,2025-06-06,44.45,44.71,44.3,44.47,44.37,0.1,0.2254,373498.95,1660462.752
600036.SH,2025-06-09,44.6,44.68,44.21,44.6,44.47,0.13,0.2923,474774.46,2111750.061
600036.SH,2025-06-10,44.57,45.05,44.45,44.67,44.6,0.07,0.157,528348.92,2364300.624
600036.SH,2025-06-11,44.72,45.68,44.72,45.31,44.67,0.64,1.4327,776761.08,3518360.401
600036.SH,2025-06-12,45.4,45.65,45.1,45.23,45.31,-0.08,-0.1766,452390.7,2050510.492
600036.SH,2025-06-13,45.24,45.35,44.95,45.18,45.23,-0.05,-0.1105,474080.56,2141145.231
600036.SH,2025-06-16,45.08,45.81,44.95,45.78,45.18,0.6,1.328,414474.35,1885267.746
600036.SH,2025-06-17,45.88,46.05,45.71,45.98,45.78,0.2,0.4369,474209.01,2177741.322
600036.SH,2025-06-18,45.92,46.07,45.65,45.85,45.98,-0.13,-0.2827,426428.59,1957406.403
600036.SH,2025-06-19,45.84,46.06,45.37,45.63,45.85,-0.22,-0.4798,513454.3,2342843.184
600036.SH,2025-06-20,45.73,46.18,45.55,45.99,45.63,0.36,0.789,448156.52,2059058.897
600036.SH,2025-06-23,45.9,46.34,45.43,46.25,45.99,0.26,0.5653,538931.48,2475802.504
600036.SH,2025-06-24,46.31,47.0,46.18,46.75,46.25,0.5,1.0811,655814.61,3058493.531
600036.SH,2025-06-25,46.75,47.5,46.59,47.5,46.75,0.75,1.6043,607679.87,2862914.073
600036.SH,2025-06-26,47.49,47.88,47.05,47.88,47.5,0.38,0.8,590200.64,2807185.76
600036.SH,2025-06-27,47.85,47.87,46.04,46.22,47.88,-1.66,-3.467,954143.2,4461309.935
600036.SH,2025-06-30,46.13,46.29,45.77,45.95,46.22,-0.27,-0.5842,624613.63,2870068.037
600036.SH,2025-07-01,45.96,46.67,45.92,46.45,45.95,0.5,1.0881,450613.09,2089060.872
600036.SH,2025-07-02,46.7,47.16,46.45,46.9,46.45,0.45,0.9688,518563.18,2429269.829
600036.SH,2025-07-03,46.9,46.95,46.34,46.61,46.9,-0.29,-0.6183,556225.76,2595710.465
600036.SH,2025-07-04,46.6,47.5,46.4,47.07,46.61,0.46,0.9869,678948.32,3190053.518
600036.SH,2025-07-07,47.07,47.3,46.7,47.2,47.07,0.13,0.2762,567427.42,2672021.321
600036.SH,2025-07-08,47.28,47.67,47.1,47.62,47.2,0.42,0.8898,637421.01,3025850.416
600036.SH,2025-07-09,47.5,47.77,47.13,47.13,47.62,-0.49,-1.029,614566.35,2912999.773
600036.SH,2025-07-10,47.1,48.55,47.1,48.24,47.13,1.11,2.3552,1219784.04,5860161.557
600036.SH,2025-07-11,46.28,46.5,45.62,45.64,46.24,-0.6,-1.2976,1184442.84,5446393.735
600036.SH,2025-07-14,45.65,46.09,45.44,45.57,45.64,-0.07,-0.1534,648484.37,2969040.141
600036.SH,2025-07-15,45.77,45.92,44.8,45.22,45.57,-0.35,-0.768,666206.26,3018332.344
600036.SH,2025-07-16,45.26,45.54,44.88,45.11,45.22,-0.11,-0.2433,468186.39,2112241.748
600036.SH,2025-07-17,45.1,45.33,44.91,45.0,45.11,-0.11,-0.2438,416895.06,1877218.807
600036.SH,2025-07-18,45.05,45.16,44.74,45.05,45.0,0.05,0.1111,543430.57,2445283.609
600036.SH,2025-07-21,45.05,45.23,44.83,44.85,45.05,-0.2,-0.444,566412.01,2546034.189
600036.SH,2025-07-22,44.85,44.98,44.21,44.94,44.85,0.09,0.2007,922319.06,4111116.85
600036.SH,2025-07-23,44.97,45.7,44.96,45.12,44.94,0.18,0.4005,853249.05,3864679.805
600036.SH,2025-07-24,45.21,45.36,44.8,44.88,45.12,-0.24,-0.5319,826620.13,3724435.789
600036.SH,2025-07-25,44.84,45.17,44.75,44.83,44.88,-0.05,-0.1114,696264.23,3129427.563
600036.SH,2025-07-28,44.8,45.16,44.41,44.44,44.83,-0.39,-0.87,635127.2,2838575.467
600036.SH,2025-07-29,44.44,44.8,44.14,44.14,44.44,-0.3,-0.6751,785812.82,3487013.44
600036.SH,2025-07-30,44.17,44.75,43.93,44.42,44.14,0.28,0.6343,725460.85,3222441.776
600036.SH,2025-07-31,44.4,44.56,43.85,44.48,44.42,0.06,0.1351,733195.17,3247588.211
600036.SH,2025-08-01,44.5,44.97,44.35,44.42,44.48,-0.06,-0.1349,594620.94,2651723.323
600036.SH,2025-08-04,44.31,44.97,44.31,44.9,44.42,0.48,1.0806,498008.32,2231447.773
600036.SH,2025-08-05,44.78,45.4,44.64,45.25,44.9,0.35,0.7795,555258.3,2502003.95
600036.SH,2025-08-06,45.29,45.73,45.11,45.12,45.25,-0.13,-0.2873,430296.4,1951697.829
600036.SH,2025-08-07,45.12,45.6,44.96,45.15,45.12,0.03,0.0665,440643.25,1995029.89
600036.SH,2025-08-08,45.2,45.28,44.53,44.53,45.15,-0.62,-1.3732,456421.53,2044145.472
600036.SH,2025-08-11,44.53,44.63,44.1,44.1,44.53,-0.43,-0.9656,536723.71,2375089.438
600036.SH,2025-08-12,44.13,44.48,44.0,44.0,44.1,-0.1,-0.2268,562252.43,2482688.843
600036.SH,2025-08-13,44.14,44.25,43.49,43.54,44.0,-0.46,-1.0455,876737.36,3837405.883
600036.SH,2025-08-14,43.55,43.94,43.5,43.78,43.54,0.24,0.5512,676351.68,2959763.586
600036.SH,2025-08-15,43.66,43.74,43.3,43.3,43.78,-0.48,-1.0964,932956.84,4051326.297
600036.SH,2025-08-18,43.1,43.67,42.89,43.51,43.3,0.21,0.485,926397.38,4005818.986
600036.SH,2025-08-19,43.45,43.7,43.29,43.4,43.51,-0.11,-0.2528,574118.52,2493609.522
600036.SH,2025-08-20,43.3,43.63,43.15,43.45,43.4,0.05,0.1152,547240.13,2374776.328
600036.SH,2025-08-21,43.5,43.59,43.23,43.47,43.45,0.02,0.046,578540.02,2512170.016
600036.SH,2025-08-22,43.47,43.48,43.04,43.26,43.47,-0.21,-0.4831,794496.25,3432029.283
600036.SH,2025-08-25,43.32,43.87,43.11,43.87,43.26,0.61,1.4101,907389.9,3956212.555
600036.SH,2025-08-26,43.89,44.02,43.42,43.52,43.87,-0.35,-0.7978,755722.31,3296532.147
600036.SH,2025-08-27,43.5,43.66,43.0,43.0,43.52,-0.52,-1.1949,758140.78,3280973.424
600036.SH,2025-08-28,43.02,43.3,42.6,42.98,43.0,-0.02,-0.0465,822425.57,3530397.264
600036.SH,2025-08-29,42.98,43.99,42.89,42.89,42.98,-0.09,-0.2094,1360878.99,5896873.9
600036.SH,2025-09-01,42.62,42.64,41.88,41.98,42.89,-0.91,-2.1217,1276333.29,5381676.513
600036.SH,2025-09-02,41.86,43.5,41.86,43.44,41.98,1.46,3.4778,1452141.14,6232062.12
600036.SH,2025-09-03,43.44,43.57,42.7,42.9,43.44,-0.54,-1.2431,818405.6,3528703.354
600036.SH,2025-09-04,42.81,43.32,42.14,43.05,42.9,0.15,0.3497,935363.28,3997574.925
600036.SH,2025-09-05,43.0,43.02,42.53,42.76,43.05,-0.29,-0.6736,572328.38,2449941.047
600036.SH,2025-09-08,42.7,43.1,42.37,42.43,42.76,-0.33,-0.7717,851681.62,3635065.671
600036.SH,2025-09-09,42.42,42.88,42.4,42.83,42.43,0.4,0.9427,589526.53,2515896.773
600036.SH,2025-09-10,42.8,43.15,42.56,43.0,42.83,0.17,0.3969,471386.94,2022413.171
600036.SH,2025-09-11,43.13,43.33,42.78,43.3,43.0,0.3,0.6977,650730.72,2804175.734
600036.SH,2025-09-12,43.38,43.47,42.42,42.54,43.3,-0.76,-1.7552,823140.03,3521647.843
600036.SH,2025-09-15,42.48,42.79,42.11,42.22,42.54,-0.32,-0.7522,699491.06,2964121.228
600036.SH,2025-09-16,42.32,42.43,41.66,41.75,42.22,-0.47,-1.1132,859050.78,3600259.578
600036.SH,2025-09-17,41.76,42.19,41.7,41.76,41.75,0.01,0.024,572362.58,2392440.771
600036.SH,2025-09-18,41.78,41.84,40.8,40.83,41.76,-0.93,-2.227,1003522.4,4131887.418
600036.SH,2025-09-19,40.8,41.53,40.55,41.0,40.83,0.17,0.4164,836563.07,3440376.826
600036.SH,2025-09-22,41.15,41.37,40.8,40.92,41.0,-0.08,-0.1951,656110.3,2688228.051
600036.SH,2025-09-23,40.98,41.75,40.63,41.55,40.92,0.63,1.5396,938850.81,3891395.841
600036.SH,2025-09-24,41.5,41.89,41.29,41.32,41.55,-0.23,-0.5535,643899.51,2672303.416
600036.SH,2025-09-25,41.32,41.36,40.81,40.82,41.32,-0.5,-1.2101,666948.87,2730478.547
600036.SH,2025-09-26,40.81,41.0,40.3,40.8,40.82,-0.02,-0.049,682766.67,2773964.882
600036.SH,2025-09-29,40.77,41.29,40.36,40.68,40.8,-0.12,-0.2941,835550.55,3407163.055
600036.SH,2025-09-30,40.65,40.79,40.41,40.41,40.68,-0.27,-0.6637,700025.2,2836889.513
600036.SH,2025-10-09,40.21,40.44,39.82,40.33,40.41,-0.08,-0.198,972319.53,3900217.891
600036.SH,2025-10-10,40.3,40.65,40.13,40.18,40.33,-0.15,-0.3719,955049.79,3852817.637
600036.SH,2025-10-13,39.76,40.3,39.7,40.11,40.18,-0.07,-0.1742,1065936.17,4266014.498
600036.SH,2025-10-14,40.09,41.49,39.83,41.26,40.11,1.15,2.8671,1733826.68,7102543.598
600036.SH,2025-10-15,41.25,41.57,41.01,41.5,41.26,0.24,0.5817,1062767.02,4392820.738
600036.SH,2025-10-16,41.5,41.99,41.13,41.93,41.5,0.43,1.0361,1062487.76,4427156.848
600036.SH,2025-10-17,41.88,42.22,41.38,41.59,41.93,-0.34,-0.8109,829827.05,3470670.301
600036.SH,2025-10-20,41.61,41.79,41.1,41.42,41.59,-0.17,-0.4088,649477.29,2694843.445
600036.SH,2025-10-21,41.49,42.1,41.49,41.98,41.42,0.56,1.352,759931.24,3184239.228
600036.SH,2025-10-22,41.98,42.2,41.73,41.95,41.98,-0.03,-0.0715,551333.64,2311324.892
600036.SH,2025-10-23,41.95,42.49,41.78,42.24,41.95,0.29,0.6913,713173.73,3004975.799
600036.SH,2025-10-24,42.35,42.45,41.85,41.95,42.24,-0.29,-0.6866,698831.94,2938870.335
600036.SH,2025-10-27,41.9,41.97,41.42,41.59,41.95,-0.36,-0.8582,988948.62,4120096.208
600036.SH,2025-10-28,41.62,41.72,41.23,41.6,41.59,0.01,0.024,705950.74,2928533.807
600036.SH,2025-10-29,41.53,41.53,40.69,40.77,41.6,-0.83,-1.9952,910987.6,3735043.026
600036.SH,2025-10-30,40.8,41.36,40.73,41.2,40.77,0.43,1.0547,1131538.44,4648170.384
600036.SH,2025-10-31,41.26,41.3,40.84,40.89,41.2,-0.31,-0.7524,702607.0,2881797.758
600036.SH,2025-11-03,41.14,41.97,41.06,41.79,40.89,0.9,2.201,921980.68,3837027.068
600036.SH,2025-11-04,41.84,43.11,41.81,43.01,41.79,1.22,2.9194,1340035.92,5731414.416
600036.SH,2025-11-05,43.1,43.47,42.75,42.8,43.01,-0.21,-0.4883,731713.77,3142006.312
600036.SH,2025-11-06,42.65,42.89,42.31,42.34,42.8,-0.46,-1.0748,871972.74,3704094.152
600036.SH,2025-11-07,42.4,42.72,42.28,42.51,42.34,0.17,0.4015,593191.18,2521251.002
600036.SH,2025-11-10,42.45,42.88,42.28,42.72,42.51,0.21,0.494,532368.73,2272065.471
600036.SH,2025-11-11,42.69,43.04,42.52,42.96,42.72,0.24,0.5618,544670.66,2335614.86
600036.SH,2025-11-12,43.12,43.36,42.93,42.93,42.96,-0.03,-0.0698,587928.78,2538488.042
600036.SH,2025-11-13,42.97,43.3,42.74,43.21,42.93,0.28,0.6522,587980.06,2531083.386
600036.SH,2025-11-14,43.24,43.59,43.18,43.25,43.21,0.04,0.0926,518209.55,2251121.743
600036.SH,2025-11-17,43.1,43.2,42.5,42.65,43.25,-0.6,-1.3873,610674.46,2605355.053
600036.SH,2025-11-18,42.56,42.91,42.44,42.88,42.65,0.23,0.5393,517439.27,2210394.705
600036.SH,2025-11-19,42.88,43.5,42.8,43.22,42.88,0.34,0.7929,511696.39,2211527.918
600036.SH,2025-11-20,43.22,43.79,43.05,43.23,43.22,0.01,0.0231,585851.52,2545450.519
600036.SH,2025-11-21,43.24,43.55,42.76,43.0,43.23,-0.23,-0.532,791264.05,3414438.913
600036.SH,2025-11-24,43.1,43.21,42.51,42.63,43.0,-0.37,-0.8605,678548.82,2903502.508
600036.SH,2025-11-25,42.66,43.3,42.44,43.25,42.63,0.62,1.4544,666409.49,2860710.968
600036.SH,2025-11-26,43.34,43.63,42.97,43.25,43.25,0.0,0.0,451072.06,1950643.252
600036.SH,2025-11-27,43.18,43.39,42.6,43.19,43.25,-0.06,-0.1387,621434.34,2671439.102
600036.SH,2025-11-28,43.1,43.12,42.82,42.95,43.19,-0.24,-0.5557,494657.89,2126261.782
600036.SH,2025-12-01,43.08,43.47,42.93,43.44,42.95,0.49,1.1409,567919.42,2454940.643
600036.SH,2025-12-02,43.44,43.65,43.22,43.38,43.44,-0.06,-0.1381,406734.97,1765681.348
600036.SH,2025-12-03,43.27,43.58,43.0,43.01,43.38,-0.37,-0.8529,468959.72,2029264.531
600036.SH,2025-12-04,43.05,43.42,43.01,43.22,43.01,0.21,0.4883,361207.46,1560898.874
600036.SH,2025-12-05,43.25,43.55,42.91,43.45,43.22,0.23,0.5322,548906.22,2372985.275
600036.SH,2025-12-08,43.44,43.64,43.07,43.18,43.45,-0.27,-0.6214,580038.81,2512101.223
600036.SH,2025-12-09,43.18,43.3,42.83,43.04,43.18,-0.14,-0.3242,465938.7,2007147.248
600036.SH,2025-12-10,43.08,43.08,41.55,41.7,43.04,-1.34,-3.1134,1083156.86,4546989.729
600036.SH,2025-12-04,43.05,43.42,43.01,43.22,43.01,0.21,0.4883,361207.46,1560898.874
600036.SH,2025-12-05,43.25,43.55,42.91,43.45,43.22,0.23,0.5322,548906.22,2372985.275
600036.SH,2025-12-08,43.44,43.64,43.07,43.18,43.45,-0.27,-0.6214,580038.81,2512101.223
600036.SH,2025-12-09,43.18,43.3,42.83,43.04,43.18,-0.14,-0.3242,465938.7,2007147.248
600036.SH,2025-12-10,43.08,43.08,41.55,41.7,43.04,-1.34,-3.1134,1083156.86,4546989.729
600036.SH,2025-12-11,41.86,42.05,41.41,41.68,41.7,-0.02,-0.048,846231.07,3525927.169
600036.SH,2025-12-04,43.05,43.42,43.01,43.22,43.01,0.21,0.4883,361207.46,1560898.874
600036.SH,2025-12-05,43.25,43.55,42.91,43.45,43.22,0.23,0.5322,548906.22,2372985.275
600036.SH,2025-12-08,43.44,43.64,43.07,43.18,43.45,-0.27,-0.6214,580038.81,2512101.223
600036.SH,2025-12-09,43.18,43.3,42.83,43.04,43.18,-0.14,-0.3242,465938.7,2007147.248
600036.SH,2025-12-10,43.08,43.08,41.55,41.7,43.04,-1.34,-3.1134,1083156.86,4546989.729
600036.SH,2025-12-11,41.86,42.05,41.41,41.68,41.7,-0.02,-0.048,846231.07,3525927.169
600036.SH,2025-12-05,43.25,43.55,42.91,43.45,43.22,0.23,0.5322,548906.22,2372985.275
600036.SH,2025-12-08,43.44,43.64,43.07,43.18,43.45,-0.27,-0.6214,580038.81,2512101.223
600036.SH,2025-12-09,43.18,43.3,42.83,43.04,43.18,-0.14,-0.3242,465938.7,2007147.248
600036.SH,2025-12-10,43.08,43.08,41.55,41.7,43.04,-1.34,-3.1134,1083156.86,4546989.729
600036.SH,2025-12-11,41.86,42.05,41.41,41.68,41.7,-0.02,-0.048,846231.07,3525927.169
600036.SH,2025-12-12,41.75,41.83,41.48,41.74,41.68,0.06,0.144,717625.47,2991877.687
600036.SH,2025-12-08,43.44,43.64,43.07,43.18,43.45,-0.27,-0.6214,580038.81,2512101.223
600036.SH,2025-12-09,43.18,43.3,42.83,43.04,43.18,-0.14,-0.3242,465938.7,2007147.248
600036.SH,2025-12-10,43.08,43.08,41.55,41.7,43.04,-1.34,-3.1134,1083156.86,4546989.729
600036.SH,2025-12-11,41.86,42.05,41.41,41.68,41.7,-0.02,-0.048,846231.07,3525927.169
600036.SH,2025-12-12,41.75,41.83,41.48,41.74,41.68,0.06,0.144,717625.47,2991877.687
600036.SH,2025-12-11,41.86,42.05,41.41,41.68,41.7,-0.02,-0.048,846231.07,3525927.169
600036.SH,2025-12-12,41.75,41.83,41.48,41.74,41.68,0.06,0.144,717625.47,2991877.687
600036.SH,2025-12-15,41.74,42.28,41.63,41.8,41.74,0.06,0.1437,562665.57,2361986.962
600036.SH,2025-12-15,41.74,42.28,41.63,41.8,41.74,0.06,0.1437,562665.57,2361986.962
600036.SH,2025-12-16,41.78,42.13,41.43,41.7,41.8,-0.1,-0.2392,566176.35,2359934.98
600036.SH,2025-12-15,41.74,42.28,41.63,41.8,41.74,0.06,0.1437,562665.57,2361986.962
600036.SH,2025-12-16,41.78,42.13,41.43,41.7,41.8,-0.1,-0.2392,566176.35,2359934.98
600036.SH,2025-12-17,41.6,41.85,41.23,41.52,41.7,-0.18,-0.4317,631267.44,2619154.132
600036.SH,2025-12-16,41.78,42.13,41.43,41.7,41.8,-0.1,-0.2392,566176.35,2359934.98
600036.SH,2025-12-17,41.6,41.85,41.23,41.52,41.7,-0.18,-0.4317,631267.44,2619154.132
600036.SH,2025-12-18,41.54,42.42,41.4,42.37,41.52,0.85,2.0472,768119.31,3224732.02
600036.SH,2025-12-17,41.6,41.85,41.23,41.52,41.7,-0.18,-0.4317,631267.44,2619154.132
600036.SH,2025-12-18,41.54,42.42,41.4,42.37,41.52,0.85,2.0472,768119.31,3224732.02
600036.SH,2025-12-19,42.37,42.48,41.91,41.99,42.37,-0.38,-0.8969,573823.41,2421818.093
600036.SH,2025-12-18,41.54,42.42,41.4,42.37,41.52,0.85,2.0472,768119.31,3224732.02
600036.SH,2025-12-19,42.37,42.48,41.91,41.99,42.37,-0.38,-0.8969,573823.41,2421818.093
600036.SH,2025-12-18,41.54,42.42,41.4,42.37,41.52,0.85,2.0472,768119.31,3224732.02
600036.SH,2025-12-19,42.37,42.48,41.91,41.99,42.37,-0.38,-0.8969,573823.41,2421818.093
600036.SH,2025-12-22,42.08,42.13,41.71,41.77,41.99,-0.22,-0.5239,524739.89,2197149.656
