股票代码,交易日期,开盘价,最高价,最低价,收盘价,昨收价,涨跌额,涨跌幅,成交量(手),成交额(千元)
600519.SH,2001-08-27,34.51,37.78,32.85,35.55,31.39,4.16,13.25,406318.0,1410347.179
600519.SH,2001-08-28,34.99,37.0,34.61,36.86,35.55,1.31,3.69,129647.79,463463.143
600519.SH,2001-08-29,36.98,37.0,36.1,36.38,36.86,-0.48,-1.3,53252.75,194689.62
600519.SH,2001-08-30,36.28,37.51,36.0,37.1,36.38,0.72,1.98,48013.06,177558.558
600519.SH,2001-08-31,37.15,37.62,36.8,37.01,37.1,-0.09,-0.24,23231.48,86231.237
600519.SH,2001-09-03,37.2,37.57,36.85,36.99,37.01,-0.02,-0.05,22112.09,82129.438
600519.SH,2001-09-04,37.01,38.08,36.88,37.46,36.99,0.47,1.27,37006.77,139204.38
600519.SH,2001-09-05,37.61,37.92,37.21,37.44,37.46,-0.02,-0.05,26066.95,97796.243
600519.SH,2001-09-06,37.35,37.47,36.51,36.7,37.44,-0.74,-1.98,28997.03,107078.403
600519.SH,2001-09-07,36.5,36.95,35.65,35.68,36.7,-1.02,-2.78,31552.25,113868.743
600519.SH,2001-09-10,35.4,36.85,35.01,36.7,35.68,1.02,2.86,18878.89,68406.471
600519.SH,2001-09-11,36.8,36.95,36.2,36.29,36.7,-0.41,-1.12,11390.81,41579.698
600519.SH,2001-09-12,35.33,36.2,35.3,35.98,36.29,-0.31,-0.85,25045.19,89421.38
600519.SH,2001-09-13,36.01,36.3,35.7,35.89,35.98,-0.09,-0.25,10986.68,39512.775
600519.SH,2001-09-14,36.01,36.5,35.8,36.3,35.89,0.41,1.14,7672.83,27740.691
600519.SH,2001-09-17,36.08,36.29,35.5,35.84,36.3,-0.46,-1.27,8983.97,32183.249
600519.SH,2001-09-18,35.88,36.55,35.85,36.25,35.84,0.41,1.14,10773.26,39006.062
600519.SH,2001-09-19,36.3,36.92,36.06,36.92,36.25,0.67,1.85,8650.53,31597.369
600519.SH,2001-09-20,36.9,37.05,36.5,36.61,36.92,-0.31,-0.84,11173.35,41189.577
600519.SH,2001-09-21,36.28,36.6,36.0,36.06,36.61,-0.55,-1.5,7879.72,28638.681
600519.SH,2001-09-24,36.06,36.39,36.0,36.05,36.06,-0.01,-0.03,4068.6,14703.096
600519.SH,2001-09-25,36.28,36.54,36.05,36.23,36.05,0.18,0.5,3488.45,12639.79
600519.SH,2001-09-26,36.11,36.48,36.0,36.08,36.23,-0.15,-0.41,4956.26,17892.565
600519.SH,2001-09-27,36.08,36.98,36.0,36.7,36.08,0.62,1.72,8778.04,32085.131
600519.SH,2001-09-28,36.9,37.2,36.5,37.09,36.7,0.39,1.06,17088.47,63169.143
600519.SH,2001-10-08,37.0,37.18,36.25,36.58,37.09,-0.51,-1.38,6552.17,24091.149
600519.SH,2001-10-09,36.6,37.5,36.6,37.3,36.58,0.72,1.97,9558.52,35498.605
600519.SH,2001-10-10,37.3,37.43,36.03,36.1,37.3,-1.2,-3.22,17548.69,63956.753
600519.SH,2001-10-11,36.01,36.5,35.65,35.75,36.1,-0.35,-0.97,12306.84,44319.896
600519.SH,2001-10-12,35.9,36.65,34.05,36.0,35.75,0.25,0.7,20010.7,70897.331
600519.SH,2001-10-15,35.9,36.0,34.9,35.3,36.0,-0.7,-1.94,9755.31,34501.714
600519.SH,2001-10-16,35.13,35.8,34.75,34.8,35.3,-0.5,-1.42,8319.91,29068.173
600519.SH,2001-10-17,34.79,34.81,33.9,34.2,34.8,-0.6,-1.72,12507.68,42766.283
600519.SH,2001-10-18,34.2,34.66,33.91,34.04,34.2,-0.16,-0.47,4983.46,16999.063
600519.SH,2001-10-19,34.0,34.15,33.01,33.5,34.04,-0.54,-1.59,15687.54,52422.843
600519.SH,2001-10-22,33.3,33.7,32.7,32.79,33.5,-0.71,-2.12,9760.65,32268.911
600519.SH,2001-10-23,36.0,36.07,35.01,36.07,32.79,3.28,10.0,40598.24,145710.538
600519.SH,2001-10-24,36.78,36.8,35.11,35.86,36.07,-0.21,-0.58,40682.39,147001.102
600519.SH,2001-10-25,35.7,35.8,34.86,34.88,35.86,-0.98,-2.73,16036.86,56527.283
600519.SH,2001-10-26,34.7,35.1,34.42,35.0,34.88,0.12,0.34,9002.2,31280.145
600519.SH,2001-10-29,34.88,35.63,34.88,35.3,35.0,0.3,0.86,4587.86,16205.054
600519.SH,2001-10-30,35.25,35.49,34.92,35.0,35.3,-0.3,-0.85,3484.17,12214.728
600519.SH,2001-10-31,35.0,35.09,34.8,35.05,35.0,0.05,0.14,4762.47,16633.345
600519.SH,2001-11-01,35.05,35.64,34.95,35.57,35.05,0.52,1.48,6643.03,23511.58
600519.SH,2001-11-02,35.28,35.72,35.16,35.36,35.57,-0.21,-0.59,3435.2,12189.356
600519.SH,2001-11-05,35.0,35.26,34.7,34.9,35.36,-0.46,-1.3,3690.76,12879.737
600519.SH,2001-11-06,34.8,35.3,34.72,35.15,34.9,0.25,0.72,2609.31,9138.666
600519.SH,2001-11-07,35.0,35.0,33.8,33.85,35.15,-1.3,-3.7,9325.38,31791.131
600519.SH,2001-11-08,33.35,33.89,32.98,33.7,33.85,-0.15,-0.44,7402.16,24682.905
600519.SH,2001-11-09,33.7,34.48,33.34,34.15,33.7,0.45,1.34,3760.76,12737.203
600519.SH,2001-11-12,34.4,34.4,33.52,33.6,34.15,-0.55,-1.61,2683.33,9088.858
600519.SH,2001-11-13,33.28,33.7,33.21,33.64,33.6,0.04,0.12,2673.81,8965.279
600519.SH,2001-11-14,33.64,34.0,33.64,33.65,33.64,0.01,0.03,769.0,2599.26
600519.SH,2001-11-15,33.65,33.8,33.5,33.68,33.65,0.03,0.09,2193.45,7378.238
600519.SH,2001-11-16,36.2,36.2,33.99,34.09,33.68,0.41,1.22,9954.7,34600.364
600519.SH,2001-11-19,34.15,35.08,34.1,35.05,34.09,0.96,2.82,3734.61,12950.484
600519.SH,2001-11-20,35.2,35.53,34.9,35.38,35.05,0.33,0.94,8069.08,28559.195
600519.SH,2001-11-21,35.48,35.5,34.9,35.18,35.38,-0.2,-0.57,5114.42,17957.63
600519.SH,2001-11-22,35.22,35.3,34.91,35.12,35.18,-0.06,-0.17,4198.79,14713.84
600519.SH,2001-11-23,35.01,35.25,34.78,34.98,35.12,-0.14,-0.4,3960.9,13866.447
600519.SH,2001-11-26,35.0,35.0,34.5,34.61,34.98,-0.37,-1.06,3100.99,10749.495
600519.SH,2001-11-27,34.58,35.07,34.58,35.0,34.61,0.39,1.13,2569.48,8954.894
600519.SH,2001-11-28,35.05,35.39,34.9,35.05,35.0,0.05,0.14,3773.62,13256.608
600519.SH,2001-11-29,35.01,35.2,34.81,34.83,35.05,-0.22,-0.63,3046.18,10658.762
600519.SH,2001-11-30,34.83,35.45,34.8,35.34,34.83,0.51,1.46,4070.97,14292.95
600519.SH,2001-12-03,35.35,36.27,35.34,36.17,35.34,0.83,2.35,16037.05,57741.7
600519.SH,2001-12-04,36.25,36.27,35.81,36.21,36.17,0.04,0.11,6894.99,24859.86
600519.SH,2001-12-05,37.0,37.0,35.96,36.0,36.21,-0.21,-0.58,15028.35,54737.513
600519.SH,2001-12-06,35.9,36.3,35.8,36.06,36.0,0.06,0.17,6372.22,23004.767
600519.SH,2001-12-07,36.1,36.2,35.8,35.86,36.06,-0.2,-0.55,3908.2,14031.912
600519.SH,2001-12-10,36.0,36.08,35.71,35.99,35.86,0.13,0.36,4161.56,14941.666
600519.SH,2001-12-11,36.0,36.0,35.61,35.64,35.99,-0.35,-0.97,3580.02,12821.499
600519.SH,2001-12-12,35.6,36.1,35.6,35.77,35.64,0.13,0.36,4632.67,16611.472
600519.SH,2001-12-13,35.61,35.97,35.2,35.26,35.77,-0.51,-1.43,3540.45,12580.276
600519.SH,2001-12-14,35.02,35.5,35.02,35.2,35.26,-0.06,-0.17,2841.25,10026.619
600519.SH,2001-12-17,35.11,35.61,35.05,35.36,35.2,0.16,0.45,4413.89,15611.05
600519.SH,2001-12-18,35.48,35.96,35.1,35.9,35.36,0.54,1.53,4821.2,17167.382
600519.SH,2001-12-19,35.9,36.49,35.63,35.96,35.9,0.06,0.17,9620.01,34761.229
600519.SH,2001-12-20,35.9,35.9,34.65,34.76,35.96,-1.2,-3.34,11362.23,39988.83
600519.SH,2001-12-21,34.7,35.97,34.7,35.87,34.76,1.11,3.19,8135.04,28861.442
600519.SH,2001-12-24,35.99,37.25,35.81,36.42,35.87,0.55,1.53,27250.79,99947.172
600519.SH,2001-12-25,36.45,36.72,35.95,36.5,36.42,0.08,0.22,12182.6,44420.025
600519.SH,2001-12-26,36.54,37.25,36.1,37.19,36.5,0.69,1.89,16809.52,62127.143
600519.SH,2001-12-27,37.22,37.84,36.92,37.32,37.19,0.13,0.35,23284.78,87052.679
600519.SH,2001-12-28,37.3,37.6,36.88,37.3,37.32,-0.02,-0.05,12279.32,45692.306
600519.SH,2001-12-31,37.67,39.3,37.46,38.55,37.3,1.25,3.35,52195.41,202281.565
600519.SH,2002-01-04,38.72,38.8,37.45,37.55,38.55,-1.0,-2.59,29109.62,111030.307
600519.SH,2002-01-07,37.15,37.5,36.68,37.35,37.55,-0.2,-0.53,18942.95,70279.717
600519.SH,2002-01-08,37.0,37.59,36.48,36.59,37.35,-0.76,-2.03,13286.64,48947.614
600519.SH,2002-01-09,36.5,37.18,36.35,36.87,36.59,0.28,0.77,10606.82,38912.708
600519.SH,2002-01-10,36.98,37.39,36.35,37.24,36.87,0.37,1.0,18815.55,69093.753
600519.SH,2002-01-11,37.01,37.14,36.0,36.05,37.24,-1.19,-3.2,11834.75,43306.414
600519.SH,2002-01-14,35.7,36.4,35.43,36.1,36.05,0.05,0.14,18718.51,67196.713
600519.SH,2002-01-15,35.98,37.05,35.91,36.54,36.1,0.44,1.22,18247.41,66666.866
600519.SH,2002-01-16,36.48,36.97,35.4,36.35,36.54,-0.19,-0.52,13974.33,50700.232
600519.SH,2002-01-17,36.2,36.49,34.7,35.06,36.35,-1.29,-3.55,24180.31,85418.339
600519.SH,2002-01-18,34.8,36.88,34.7,36.65,35.06,1.59,4.54,32262.08,116437.266
600519.SH,2002-01-21,36.3,36.6,35.58,35.87,36.65,-0.78,-2.13,15755.93,56764.193
600519.SH,2002-01-22,35.8,36.95,35.8,36.44,35.87,0.57,1.59,13485.67,49186.214
600519.SH,2002-01-23,36.65,37.65,36.2,37.62,36.44,1.18,3.24,23336.48,86396.947
600519.SH,2002-01-24,37.36,37.87,36.8,37.29,37.62,-0.33,-0.88,26615.8,99483.236
600519.SH,2002-01-25,37.24,37.57,36.8,37.1,37.29,-0.19,-0.51,13941.12,51685.502
600519.SH,2002-01-28,37.0,37.29,35.3,35.49,37.1,-1.61,-4.34,21667.82,77886.073
600519.SH,2002-01-29,35.2,36.2,34.98,35.66,35.49,0.17,0.48,11872.0,42283.085
600519.SH,2002-01-30,35.6,36.28,35.2,35.58,35.66,-0.08,-0.22,8419.22,30030.708
600519.SH,2002-01-31,36.0,38.0,36.0,37.6,35.58,2.02,5.68,40828.3,152780.902
600519.SH,2002-02-01,37.5,37.98,36.9,37.06,37.6,-0.54,-1.44,17345.03,64926.556
600519.SH,2002-02-04,37.18,38.15,37.0,37.92,37.06,0.86,2.32,16510.19,62395.237
600519.SH,2002-02-05,37.93,38.68,37.63,37.9,37.92,-0.02,-0.05,11195.73,42691.507
600519.SH,2002-02-06,37.86,38.11,37.09,37.18,37.9,-0.72,-1.9,9668.54,36137.656
600519.SH,2002-02-07,37.18,37.92,37.12,37.41,37.18,0.23,0.62,6688.17,25158.901
600519.SH,2002-02-08,37.6,38.2,37.58,37.65,37.41,0.24,0.64,12569.31,47643.92
600519.SH,2002-02-26,37.99,38.5,37.45,37.77,37.65,0.12,0.32,14815.99,56234.511
600519.SH,2002-02-27,37.85,38.1,37.5,37.93,37.77,0.16,0.42,8290.81,31387.541
600519.SH,2002-02-28,38.0,38.46,37.78,38.0,37.93,0.07,0.18,12506.98,47786.791
600519.SH,2002-03-01,37.95,38.15,37.2,37.39,38.0,-0.61,-1.61,7421.45,27907.358
600519.SH,2002-03-04,37.35,38.08,37.12,38.04,37.39,0.65,1.74,5224.85,19593.096
600519.SH,2002-03-05,38.06,39.1,37.86,38.59,38.04,0.55,1.45,22188.87,85787.001
600519.SH,2002-03-06,38.8,39.08,38.02,38.36,38.59,-0.23,-0.6,18620.14,71904.848
600519.SH,2002-03-07,38.2,38.6,38.05,38.5,38.36,0.14,0.37,13616.02,52163.426
600519.SH,2002-03-08,38.55,39.78,38.55,39.63,38.5,1.13,2.94,35326.81,137988.821
600519.SH,2002-03-11,39.69,39.69,39.07,39.45,39.63,-0.18,-0.45,17606.0,69191.402
600519.SH,2002-03-12,39.45,39.45,38.5,38.5,39.45,-0.95,-2.41,17251.85,66875.879
600519.SH,2002-03-13,38.31,38.8,38.19,38.24,38.5,-0.26,-0.68,7793.99,29935.169
600519.SH,2002-03-14,38.11,38.7,38.05,38.62,38.24,0.38,0.99,6387.74,24487.493
600519.SH,2002-03-15,38.02,38.9,37.85,37.92,38.62,-0.7,-1.81,11892.88,45551.718
600519.SH,2002-03-18,38.12,38.8,37.9,38.0,37.92,0.08,0.21,6070.27,23162.182
600519.SH,2002-03-19,38.1,38.88,38.02,38.75,38.0,0.75,1.97,6774.04,26123.11
600519.SH,2002-03-20,38.8,39.5,38.7,38.97,38.75,0.22,0.57,15031.33,58767.953
600519.SH,2002-03-21,39.3,39.56,38.66,38.92,38.97,-0.05,-0.13,15037.21,58789.396
600519.SH,2002-03-22,38.92,39.0,38.42,38.54,38.92,-0.38,-0.98,7972.76,30733.685
600519.SH,2002-03-25,38.49,38.9,38.3,38.78,38.54,0.24,0.62,4315.07,16693.141
600519.SH,2002-03-26,38.7,38.8,38.12,38.2,38.78,-0.58,-1.5,6239.09,23950.585
600519.SH,2002-03-27,38.15,38.46,37.91,38.1,38.2,-0.1,-0.26,4991.01,19022.433
600519.SH,2002-03-28,38.01,38.28,38.0,38.01,38.1,-0.09,-0.24,5291.57,20150.615
600519.SH,2002-03-29,38.0,38.05,37.1,37.26,38.01,-0.75,-1.97,10625.47,39865.325
600519.SH,2002-04-01,37.16,37.79,37.12,37.6,37.26,0.34,0.91,2766.05,10386.559
600519.SH,2002-04-02,37.61,37.76,36.81,37.02,37.6,-0.58,-1.54,7329.33,27163.339
600519.SH,2002-04-03,37.02,37.3,36.82,36.98,37.02,-0.04,-0.11,6019.45,22255.856
600519.SH,2002-04-04,36.97,37.6,36.51,37.58,36.98,0.6,1.62,5161.43,19068.025
600519.SH,2002-04-05,37.78,37.94,37.1,37.28,37.58,-0.3,-0.8,3046.85,11402.145
600519.SH,2002-04-08,37.3,37.4,36.95,37.0,37.28,-0.28,-0.75,2300.46,8539.346
600519.SH,2002-04-09,37.0,37.5,36.88,37.43,37.0,0.43,1.16,3291.57,12257.478
600519.SH,2002-04-10,37.43,37.77,37.2,37.48,37.43,0.05,0.13,3423.83,12828.309
600519.SH,2002-04-11,37.49,37.88,37.41,37.49,37.48,0.01,0.03,6797.99,25576.043
600519.SH,2002-04-12,37.62,38.22,37.52,38.0,37.49,0.51,1.36,4519.28,17168.808
600519.SH,2002-04-15,38.46,38.5,37.6,37.89,38.0,-0.11,-0.29,2925.94,11085.699
600519.SH,2002-04-16,37.88,38.3,37.88,38.26,37.89,0.37,0.98,6036.15,23013.458
600519.SH,2002-04-17,38.5,38.5,36.85,36.98,38.26,-1.28,-3.35,13219.28,48993.045
600519.SH,2002-04-18,37.0,37.19,36.38,36.39,36.98,-0.59,-1.6,8538.15,31299.469
600519.SH,2002-04-19,36.39,36.45,35.89,36.22,36.39,-0.17,-0.47,8854.32,31912.486
600519.SH,2002-04-22,36.0,36.4,35.9,36.19,36.22,-0.03,-0.08,4113.65,14831.735
600519.SH,2002-04-23,36.19,36.19,35.51,35.52,36.19,-0.67,-1.85,4088.22,14622.595
600519.SH,2002-04-24,35.5,35.88,35.16,35.24,35.52,-0.28,-0.79,5050.88,17876.338
600519.SH,2002-04-25,35.1,35.68,35.1,35.51,35.24,0.27,0.77,2596.76,9206.508
600519.SH,2002-04-26,35.5,36.08,35.4,36.02,35.51,0.51,1.44,2381.23,8537.641
600519.SH,2002-04-29,36.2,37.0,36.2,36.35,36.02,0.33,0.92,4665.21,17015.082
600519.SH,2002-04-30,36.48,36.6,35.95,36.2,36.35,-0.15,-0.41,5978.47,21592.851
600519.SH,2002-05-08,36.31,36.5,36.02,36.25,36.2,0.05,0.14,1700.49,6152.534
600519.SH,2002-05-09,36.0,36.45,36.0,36.03,36.25,-0.22,-0.61,1712.21,6186.437
600519.SH,2002-05-10,36.05,36.13,35.65,35.66,36.03,-0.37,-1.03,2688.5,9625.82
600519.SH,2002-05-13,35.57,35.7,35.38,35.4,35.66,-0.26,-0.73,2830.74,10033.864
600519.SH,2002-05-14,35.4,36.48,35.21,35.48,35.4,0.08,0.23,5070.03,18159.637
600519.SH,2002-05-15,35.68,35.69,35.2,35.34,35.48,-0.14,-0.39,2244.3,7948.908
600519.SH,2002-05-16,35.25,35.36,34.91,34.96,35.34,-0.38,-1.08,5549.83,19465.458
600519.SH,2002-05-17,34.89,35.59,34.75,35.04,34.96,0.08,0.23,3859.68,13508.333
600519.SH,2002-05-20,34.99,34.99,34.5,34.51,35.04,-0.53,-1.51,3353.69,11623.861
600519.SH,2002-05-21,35.54,35.54,34.9,35.03,34.51,0.52,1.51,5707.0,20081.8
600519.SH,2002-05-22,35.1,35.48,34.95,35.02,35.03,-0.01,-0.03,2974.06,10442.708
600519.SH,2002-05-23,35.88,35.88,35.1,35.2,35.02,0.18,0.51,1619.9,5705.093
600519.SH,2002-05-24,35.01,35.2,34.68,34.89,35.2,-0.31,-0.88,2407.35,8401.313
600519.SH,2002-05-27,35.0,35.34,34.89,35.11,34.89,0.22,0.63,1653.26,5801.25
600519.SH,2002-05-28,35.2,35.55,35.1,35.16,35.11,0.05,0.14,2614.9,9258.306
600519.SH,2002-05-29,35.21,35.38,34.66,34.77,35.16,-0.39,-1.11,2684.74,9340.641
600519.SH,2002-05-30,34.88,35.06,34.6,34.86,34.77,0.09,0.26,1962.25,6813.508
600519.SH,2002-05-31,35.0,35.16,34.8,34.95,34.86,0.09,0.26,1806.1,6326.36
600519.SH,2002-06-03,34.9,35.01,34.51,34.93,34.95,-0.02,-0.06,2290.22,7966.689
600519.SH,2002-06-04,34.9,35.0,34.0,34.5,34.93,-0.43,-1.23,1976.0,6831.604
600519.SH,2002-06-05,34.5,34.5,34.1,34.35,34.5,-0.15,-0.43,2224.75,7636.262
600519.SH,2002-06-06,34.38,35.47,34.1,34.99,34.35,0.64,1.86,5757.4,19928.86
600519.SH,2002-06-07,34.8,35.16,34.61,34.92,34.99,-0.07,-0.2,3622.16,12686.067
600519.SH,2002-06-10,35.0,35.05,34.51,34.64,34.92,-0.28,-0.8,1832.53,6371.263
600519.SH,2002-06-11,34.75,35.02,34.65,34.82,34.64,0.18,0.52,1539.2,5368.576
600519.SH,2002-06-12,34.8,35.12,34.55,35.11,34.82,0.29,0.83,2082.2,7240.715
600519.SH,2002-06-13,35.1,35.3,34.88,34.9,35.11,-0.21,-0.6,1623.0,5701.623
600519.SH,2002-06-14,34.9,35.2,34.6,34.65,34.9,-0.25,-0.72,947.11,3289.645
600519.SH,2002-06-17,34.55,34.66,34.3,34.65,34.65,0.0,0.0,1358.1,4678.657
600519.SH,2002-06-18,34.7,35.08,34.69,34.97,34.65,0.32,0.92,1636.99,5721.28
600519.SH,2002-06-19,34.9,35.0,34.7,34.73,34.97,-0.24,-0.69,833.5,2900.266
600519.SH,2002-06-20,34.98,35.05,34.76,34.88,34.73,0.15,0.43,1319.2,4609.083
600519.SH,2002-06-21,35.0,35.7,34.88,35.49,34.88,0.61,1.75,4266.51,15107.102
600519.SH,2002-06-24,39.04,39.04,37.0,38.18,35.49,2.69,7.58,61254.41,234474.989
600519.SH,2002-06-26,37.28,37.4,36.56,36.85,38.18,-1.33,-3.48,15423.0,56971.879
600519.SH,2002-06-27,36.9,37.18,36.6,36.78,36.85,-0.07,-0.19,5581.78,20574.559
600519.SH,2002-06-28,36.7,37.38,36.7,37.03,36.78,0.25,0.68,10763.73,39735.942
600519.SH,2002-07-01,37.08,37.49,36.78,36.8,37.03,-0.23,-0.62,4320.0,16032.014
600519.SH,2002-07-02,36.8,36.8,36.58,36.75,36.8,-0.05,-0.14,3935.07,14439.88
600519.SH,2002-07-03,36.75,36.85,36.5,36.66,36.75,-0.09,-0.24,5333.12,19520.104
600519.SH,2002-07-04,36.68,36.7,36.0,36.07,36.66,-0.59,-1.61,6669.87,24199.148
600519.SH,2002-07-05,36.06,36.18,36.0,36.16,36.07,0.09,0.25,6815.67,24596.151
600519.SH,2002-07-08,36.18,36.46,36.1,36.17,36.16,0.01,0.03,3192.72,11563.09
600519.SH,2002-07-09,36.18,36.24,36.03,36.12,36.17,-0.05,-0.14,3523.23,12721.871
600519.SH,2002-07-10,36.12,36.24,35.65,35.72,36.12,-0.4,-1.11,4622.79,16561.215
600519.SH,2002-07-11,35.63,36.25,35.63,35.93,35.72,0.21,0.59,2357.61,8471.292
600519.SH,2002-07-12,35.99,36.18,35.8,36.03,35.93,0.1,0.28,1588.49,5724.883
600519.SH,2002-07-15,36.01,36.16,35.9,35.91,36.03,-0.12,-0.33,1308.58,4708.941
600519.SH,2002-07-16,35.68,36.13,35.68,35.9,35.91,-0.01,-0.03,2316.49,8339.593
600519.SH,2002-07-17,35.95,36.0,35.65,35.9,35.9,0.0,0.0,1342.19,4803.76
600519.SH,2002-07-18,36.05,36.49,36.0,36.24,35.9,0.34,0.95,5893.89,21394.4
600519.SH,2002-07-19,36.37,36.46,36.26,36.39,36.24,0.15,0.41,2516.89,9151.205
600519.SH,2002-07-22,36.68,36.7,36.33,36.4,36.39,0.01,0.03,6103.57,22267.992
600519.SH,2002-07-23,36.45,36.45,36.01,36.25,36.4,-0.15,-0.41,2901.58,10500.988
600519.SH,2002-07-24,36.3,36.49,36.1,36.4,36.25,0.15,0.41,4663.87,16952.456
600519.SH,2002-07-25,32.61,32.81,32.11,32.31,32.55,-0.24,-0.74,1700.42,5497.155
600519.SH,2002-07-26,32.5,32.5,32.07,32.13,32.31,-0.18,-0.56,1558.24,5017.641
600519.SH,2002-07-29,32.2,32.28,31.58,31.69,32.13,-0.44,-1.37,2557.48,8122.111
600519.SH,2002-07-30,31.68,31.75,31.48,31.52,31.69,-0.17,-0.54,3445.96,10878.707
600519.SH,2002-07-31,31.52,31.7,31.25,31.32,31.52,-0.2,-0.63,2579.85,8116.149
600519.SH,2002-08-01,31.28,31.49,31.15,31.24,31.32,-0.08,-0.26,2000.89,6261.72
600519.SH,2002-08-02,31.3,31.78,31.05,31.43,31.24,0.19,0.61,1253.88,3927.364
600519.SH,2002-08-05,31.44,31.5,31.25,31.32,31.43,-0.11,-0.35,1078.12,3381.678
600519.SH,2002-08-06,31.32,31.58,31.22,31.42,31.32,0.1,0.32,2092.37,6575.058
600519.SH,2002-08-07,31.43,31.5,31.35,31.42,31.42,0.0,0.0,1355.79,4259.61
600519.SH,2002-08-08,31.42,31.57,31.2,31.29,31.42,-0.13,-0.41,1264.6,3969.885
600519.SH,2002-08-09,31.21,31.35,30.94,30.98,31.29,-0.31,-0.99,2490.2,7741.685
600519.SH,2002-08-12,30.8,30.88,30.6,30.6,30.98,-0.38,-1.23,2250.5,6900.6
600519.SH,2002-08-13,30.7,30.7,30.4,30.6,30.6,0.0,0.0,1704.13,5204.223
600519.SH,2002-08-14,30.98,30.98,30.6,30.98,30.6,0.38,1.24,2472.46,7621.22
600519.SH,2002-08-15,30.98,30.98,30.75,30.76,30.98,-0.22,-0.71,1259.55,3886.298
600519.SH,2002-08-16,30.5,30.87,30.3,30.8,30.76,0.04,0.13,2240.98,6857.222
600519.SH,2002-08-19,30.79,30.9,30.61,30.66,30.8,-0.14,-0.45,1108.96,3407.937
600519.SH,2002-08-20,30.59,30.99,30.59,30.9,30.66,0.24,0.78,2372.11,7316.845
600519.SH,2002-08-21,31.0,31.0,30.77,30.9,30.9,0.0,0.0,1694.51,5229.829
600519.SH,2002-08-22,31.0,31.37,30.9,31.18,30.9,0.28,0.91,4220.34,13173.485
600519.SH,2002-08-23,31.15,31.35,31.15,31.23,31.18,0.05,0.16,2431.41,7592.485
600519.SH,2002-08-26,31.15,31.15,30.69,30.73,31.23,-0.5,-1.6,2631.49,8109.133
600519.SH,2002-08-27,30.73,30.9,30.6,30.85,30.73,0.12,0.39,2584.41,7938.1
600519.SH,2002-08-28,30.89,31.12,30.5,30.56,30.85,-0.29,-0.94,3765.82,11550.533
600519.SH,2002-08-29,30.55,30.68,30.45,30.49,30.56,-0.07,-0.23,2899.37,8846.652
600519.SH,2002-08-30,30.56,30.56,30.42,30.47,30.49,-0.02,-0.07,1886.68,5751.168
600519.SH,2002-09-02,30.45,30.5,30.35,30.4,30.47,-0.07,-0.23,2341.3,7119.903
600519.SH,2002-09-03,30.4,30.88,30.4,30.63,30.4,0.23,0.76,2277.01,6981.608
600519.SH,2002-09-04,30.63,30.79,30.42,30.59,30.63,-0.04,-0.13,1788.69,5457.397
600519.SH,2002-09-05,30.52,30.52,30.3,30.3,30.59,-0.29,-0.95,2893.69,8795.149
600519.SH,2002-09-06,30.35,30.46,30.2,30.35,30.3,0.05,0.17,1859.62,5634.774
600519.SH,2002-09-09,30.3,30.35,30.02,30.07,30.35,-0.28,-0.92,2613.9,7873.842
600519.SH,2002-09-10,30.0,30.1,29.48,29.6,30.07,-0.47,-1.56,8057.12,23941.53
600519.SH,2002-09-11,29.46,29.6,28.6,29.1,29.6,-0.5,-1.69,9845.29,28552.916
600519.SH,2002-09-12,29.0,29.25,28.77,29.07,29.1,-0.03,-0.1,1716.59,4984.486
600519.SH,2002-09-13,29.01,29.18,28.92,29.16,29.07,0.09,0.31,1071.73,3119.148
600519.SH,2002-09-16,29.11,29.17,28.69,28.7,29.16,-0.46,-1.58,3923.51,11280.816
600519.SH,2002-09-17,28.75,29.08,28.62,28.9,28.7,0.2,0.7,2613.49,7538.521
600519.SH,2002-09-18,28.99,28.99,28.73,28.87,28.9,-0.03,-0.1,1616.06,4660.761
600519.SH,2002-09-19,28.8,29.15,28.57,29.0,28.87,0.13,0.45,3650.15,10478.77
600519.SH,2002-09-20,28.97,28.97,28.67,28.73,29.0,-0.27,-0.93,1372.98,3949.578
600519.SH,2002-09-23,28.68,28.73,28.4,28.43,28.73,-0.3,-1.04,2121.1,6061.634
600519.SH,2002-09-24,28.4,28.43,27.9,27.98,28.43,-0.45,-1.58,7148.54,20063.143
600519.SH,2002-09-25,27.98,28.55,27.98,28.3,27.98,0.32,1.14,3557.09,10075.783
600519.SH,2002-09-26,28.36,28.36,28.01,28.03,28.3,-0.27,-0.95,2168.07,6093.149
600519.SH,2002-09-27,28.12,28.35,27.98,28.18,28.03,0.15,0.54,1505.45,4234.851
600519.SH,2002-10-08,28.15,28.15,27.93,28.08,28.18,-0.1,-0.35,3589.77,10069.826
600519.SH,2002-10-09,28.0,28.05,27.58,27.73,28.08,-0.35,-1.25,2458.71,6822.147
600519.SH,2002-10-10,27.7,28.03,27.65,27.78,27.73,0.05,0.18,1087.67,3018.141
600519.SH,2002-10-11,27.68,27.9,27.5,27.58,27.78,-0.2,-0.72,1217.05,3366.265
600519.SH,2002-10-14,27.9,27.9,27.52,27.62,27.58,0.04,0.15,1095.29,3024.408
600519.SH,2002-10-15,27.6,27.79,27.55,27.78,27.62,0.16,0.58,2065.94,5710.573
600519.SH,2002-10-16,27.78,28.19,27.77,27.91,27.78,0.13,0.47,2261.33,6327.939
600519.SH,2002-10-17,27.91,28.0,27.5,27.59,27.91,-0.32,-1.15,1564.8,4336.014
600519.SH,2002-10-18,27.5,27.68,26.55,26.81,27.59,-0.78,-2.83,4635.33,12464.187
600519.SH,2002-10-21,26.79,27.28,26.55,26.85,26.81,0.04,0.15,1646.05,4391.499
600519.SH,2002-10-22,26.97,27.55,26.9,27.38,26.85,0.53,1.97,2105.71,5735.513
600519.SH,2002-10-23,27.45,27.45,27.03,27.13,27.38,-0.25,-0.91,1080.78,2938.025
600519.SH,2002-10-24,27.1,27.38,27.1,27.11,27.13,-0.02,-0.07,970.6,2637.743
600519.SH,2002-10-25,27.11,27.12,26.6,26.65,27.11,-0.46,-1.7,2368.12,6346.386
600519.SH,2002-10-28,26.6,26.6,25.9,25.96,26.65,-0.69,-2.59,4471.53,11679.872
600519.SH,2002-10-29,26.5,26.5,25.61,26.21,25.96,0.25,0.96,3198.69,8294.858
600519.SH,2002-10-30,26.25,26.3,25.96,26.03,26.21,-0.18,-0.69,2035.57,5323.624
600519.SH,2002-10-31,26.03,26.48,26.0,26.09,26.03,0.06,0.23,2817.3,7375.701
600519.SH,2002-11-01,26.08,26.27,25.96,26.22,26.09,0.13,0.5,1471.19,3830.309
600519.SH,2002-11-04,26.22,26.66,26.22,26.66,26.22,0.44,1.68,1995.03,5271.415
600519.SH,2002-11-05,26.7,27.2,26.51,26.91,26.66,0.25,0.94,3485.38,9402.742
600519.SH,2002-11-06,26.95,26.98,26.7,26.72,26.91,-0.19,-0.71,1622.65,4344.756
600519.SH,2002-11-07,26.75,26.85,26.52,26.63,26.72,-0.09,-0.34,2416.52,6446.131
600519.SH,2002-11-08,27.2,27.2,25.96,26.08,26.63,-0.55,-2.07,2717.56,7151.816
600519.SH,2002-11-11,26.13,26.35,25.81,26.01,26.08,-0.07,-0.27,1882.82,4915.876
600519.SH,2002-11-12,26.05,26.28,25.75,25.8,26.01,-0.21,-0.81,2395.89,6207.445
600519.SH,2002-11-13,25.78,25.99,25.67,25.97,25.8,0.17,0.66,1953.68,5035.473
600519.SH,2002-11-14,25.98,26.13,25.8,25.83,25.97,-0.14,-0.54,1688.32,4380.22
600519.SH,2002-11-15,25.8,26.04,25.65,25.82,25.83,-0.01,-0.04,2349.01,6065.973
600519.SH,2002-11-18,25.8,26.06,25.8,26.0,25.82,0.18,0.7,1947.19,5049.727
600519.SH,2002-11-19,26.0,26.55,25.92,26.43,26.0,0.43,1.65,3218.19,8450.56
600519.SH,2002-11-20,26.48,26.7,25.9,26.34,26.43,-0.09,-0.34,9579.38,25196.773
600519.SH,2002-11-21,26.24,26.4,25.85,25.86,26.34,-0.48,-1.82,4019.53,10494.85
600519.SH,2002-11-22,26.0,26.26,25.58,25.91,25.86,0.05,0.19,2429.25,6292.793
600519.SH,2002-11-25,25.92,26.28,25.6,26.18,25.91,0.27,1.04,3987.96,10418.495
600519.SH,2002-11-26,26.3,26.4,25.7,25.71,26.18,-0.47,-1.8,2054.54,5354.392
600519.SH,2002-11-27,25.6,25.98,25.42,25.63,25.71,-0.08,-0.31,3320.91,8506.108
600519.SH,2002-11-28,25.69,26.4,25.62,26.28,25.63,0.65,2.54,2492.03,6508.407
600519.SH,2002-12-02,26.5,26.7,25.92,25.99,26.28,-0.29,-1.1,5850.87,15455.37
600519.SH,2002-12-03,25.92,26.42,25.7,26.39,25.99,0.4,1.54,3103.85,8113.029
600519.SH,2002-12-04,26.07,26.8,26.07,26.45,26.39,0.06,0.23,4151.0,11045.716
600519.SH,2002-12-05,26.38,27.38,26.3,27.1,26.45,0.65,2.46,13020.18,35246.694
600519.SH,2002-12-06,27.0,27.2,26.82,27.01,27.1,-0.09,-0.33,3741.54,10116.516
600519.SH,2002-12-09,27.0,27.1,26.7,26.77,27.01,-0.24,-0.89,2902.58,7793.264
600519.SH,2002-12-10,26.82,26.9,26.4,26.46,26.77,-0.31,-1.16,2611.98,6946.196
600519.SH,2002-12-11,26.35,26.45,26.1,26.32,26.46,-0.14,-0.53,2546.8,6682.742
600519.SH,2002-12-12,26.32,26.6,26.13,26.57,26.32,0.25,0.95,3989.33,10541.432
600519.SH,2002-12-13,25.8,26.73,25.8,26.49,26.57,-0.08,-0.3,2223.1,5860.451
600519.SH,2002-12-16,26.49,26.98,26.37,26.91,26.49,0.42,1.59,7976.94,21310.704
600519.SH,2002-12-17,26.91,27.1,26.72,26.92,26.91,0.01,0.04,2926.15,7886.188
600519.SH,2002-12-18,26.88,26.98,26.72,26.76,26.92,-0.16,-0.59,2028.53,5434.639
600519.SH,2002-12-19,26.76,26.79,26.51,26.62,26.76,-0.14,-0.52,2310.04,6160.134
600519.SH,2002-12-20,26.62,26.96,26.62,26.83,26.62,0.21,0.79,1624.74,4353.432
600519.SH,2002-12-23,27.08,27.1,26.7,26.8,26.83,-0.03,-0.11,1984.55,5333.977
600519.SH,2002-12-24,26.81,26.96,26.48,26.76,26.8,-0.04,-0.15,848.16,2257.524
600519.SH,2002-12-25,26.79,26.8,26.46,26.47,26.76,-0.29,-1.08,1481.38,3939.76
600519.SH,2002-12-26,26.45,26.5,25.61,25.7,26.47,-0.77,-2.91,5145.61,13383.935
600519.SH,2002-12-27,25.69,25.97,25.51,25.84,25.7,0.14,0.54,3390.21,8693.114
600519.SH,2002-12-30,25.82,25.82,25.45,25.55,25.84,-0.29,-1.12,3002.2,7672.458
600519.SH,2002-12-31,25.6,25.78,25.45,25.46,25.55,-0.09,-0.35,1644.78,4200.254
600519.SH,2003-01-02,25.5,25.5,24.7,24.72,25.46,-0.74,-2.91,3565.3,8921.541
600519.SH,2003-01-03,24.68,24.94,24.5,24.68,24.72,-0.04,-0.16,1743.68,4300.516
600519.SH,2003-01-06,24.58,24.9,24.51,24.86,24.68,0.18,0.73,986.36,2438.329
600519.SH,2003-01-07,24.85,24.96,24.61,24.63,24.86,-0.23,-0.93,1450.5,3595.101
600519.SH,2003-01-08,25.01,25.3,24.68,25.3,24.63,0.67,2.72,1768.02,4438.021
600519.SH,2003-01-09,25.27,25.68,25.02,25.52,25.3,0.22,0.87,2602.57,6616.31
600519.SH,2003-01-10,25.5,25.9,25.28,25.41,25.52,-0.11,-0.43,2346.38,6010.671
600519.SH,2003-01-13,25.2,25.5,25.2,25.37,25.41,-0.04,-0.16,1403.8,3560.912
600519.SH,2003-01-14,25.35,26.72,25.18,26.39,25.37,1.02,4.02,9588.25,25012.085
600519.SH,2003-01-15,26.49,27.18,26.39,26.7,26.39,0.31,1.17,11451.68,30551.168
600519.SH,2003-01-16,26.81,27.15,26.66,27.11,26.7,0.41,1.54,7359.08,19870.062
600519.SH,2003-01-17,27.18,27.18,26.67,26.68,27.11,-0.43,-1.59,3795.18,10187.34
600519.SH,2003-01-20,26.6,26.6,26.26,26.54,26.68,-0.14,-0.52,2070.9,5466.246
600519.SH,2003-01-21,26.55,27.0,26.5,26.55,26.54,0.01,0.04,4787.44,12816.356
600519.SH,2003-01-22,26.5,26.5,26.3,26.34,26.55,-0.21,-0.79,1633.1,4309.306
600519.SH,2003-01-23,26.3,26.5,26.3,26.35,26.34,0.01,0.04,2167.49,5719.869
600519.SH,2003-01-24,26.3,26.48,26.3,26.4,26.35,0.05,0.19,2441.19,6438.339
600519.SH,2003-01-27,26.31,26.9,26.31,26.81,26.4,0.41,1.55,3955.68,10571.327
600519.SH,2003-01-28,26.8,27.0,26.68,26.84,26.81,0.03,0.11,3494.96,9383.544
600519.SH,2003-01-29,26.84,27.0,26.75,26.88,26.84,0.04,0.15,3302.19,8889.672
600519.SH,2003-02-10,26.86,26.86,26.5,26.6,26.88,-0.28,-1.04,1693.78,4508.037
600519.SH,2003-02-11,26.38,26.68,26.38,26.66,26.6,0.06,0.23,821.5,2174.401
600519.SH,2003-02-12,26.7,26.95,26.5,26.88,26.66,0.22,0.83,1477.3,3959.442
600519.SH,2003-02-13,26.86,26.97,26.65,26.65,26.88,-0.23,-0.86,2718.32,7302.546
600519.SH,2003-02-14,26.6,26.99,26.6,26.88,26.65,0.23,0.86,1904.75,5111.392
600519.SH,2003-02-17,26.7,26.92,26.52,26.55,26.88,-0.33,-1.23,1567.76,4181.515
600519.SH,2003-02-18,26.52,26.6,26.4,26.5,26.55,-0.05,-0.19,1048.19,2772.836
600519.SH,2003-02-19,26.5,26.61,26.45,26.58,26.5,0.08,0.3,1029.7,2732.606
600519.SH,2003-02-20,26.61,26.8,26.55,26.69,26.58,0.11,0.41,851.2,2269.016
600519.SH,2003-02-21,26.53,26.6,26.2,26.38,26.69,-0.31,-1.16,2268.93,5978.463
600519.SH,2003-02-24,26.49,26.49,26.21,26.31,26.38,-0.07,-0.27,615.66,1625.901
600519.SH,2003-02-25,26.3,26.9,26.28,26.89,26.31,0.58,2.2,1878.59,4998.648
600519.SH,2003-02-26,26.95,27.05,26.68,26.7,26.89,-0.19,-0.71,1082.15,2904.654
600519.SH,2003-02-27,26.75,26.98,26.57,26.74,26.7,0.04,0.15,1697.61,4531.823
600519.SH,2003-02-28,26.88,26.88,26.6,26.8,26.74,0.06,0.22,1360.45,3636.053
600519.SH,2003-03-03,26.88,27.47,26.88,27.4,26.8,0.6,2.24,6000.93,16398.104
600519.SH,2003-03-04,27.4,27.44,27.06,27.27,27.4,-0.13,-0.47,1909.5,5200.922
600519.SH,2003-03-05,27.27,27.98,27.11,27.83,27.27,0.56,2.05,9405.01,26031.534
600519.SH,2003-03-06,27.9,27.9,27.33,27.5,27.83,-0.33,-1.19,4507.69,12426.005
600519.SH,2003-03-07,27.52,27.59,27.2,27.31,27.5,-0.19,-0.69,2475.45,6781.984
600519.SH,2003-03-10,27.35,27.41,26.88,26.9,27.31,-0.41,-1.5,3103.4,8423.721
600519.SH,2003-03-11,26.85,26.9,26.55,26.8,26.9,-0.1,-0.37,1964.49,5253.243
600519.SH,2003-03-12,26.79,26.9,26.6,26.86,26.8,0.06,0.22,1177.17,3146.322
600519.SH,2003-03-13,26.88,27.26,26.85,26.94,26.86,0.08,0.3,1997.58,5398.37
600519.SH,2003-03-14,26.88,26.94,26.72,26.82,26.94,-0.12,-0.45,2756.42,7388.968
600519.SH,2003-03-17,26.78,26.78,26.49,26.62,26.82,-0.2,-0.75,4692.92,12465.705
600519.SH,2003-03-18,26.6,26.7,26.13,26.29,26.62,-0.33,-1.24,3147.9,8320.204
600519.SH,2003-03-19,26.01,26.3,25.86,25.91,26.29,-0.38,-1.45,3397.92,8841.844
600519.SH,2003-03-20,26.0,26.43,25.9,25.99,25.91,0.08,0.31,1968.4,5120.173
600519.SH,2003-03-21,26.0,26.46,26.0,26.43,25.99,0.44,1.69,2021.07,5285.37
600519.SH,2003-03-24,26.42,26.5,26.2,26.31,26.43,-0.12,-0.45,1718.7,4522.748
600519.SH,2003-03-25,26.23,26.31,25.9,26.0,26.31,-0.31,-1.18,2062.38,5372.767
600519.SH,2003-03-26,26.0,26.45,25.5,25.7,26.0,-0.3,-1.15,3589.51,9202.596
600519.SH,2003-03-27,25.68,26.27,25.41,26.13,25.7,0.43,1.67,2105.65,5430.724
600519.SH,2003-03-28,26.2,26.25,26.01,26.04,26.13,-0.09,-0.34,3810.7,9946.659
600519.SH,2003-03-31,25.99,26.15,25.98,26.05,26.04,0.01,0.04,3047.3,7935.303
600519.SH,2003-04-01,26.06,26.25,25.98,26.22,26.05,0.17,0.65,3729.84,9730.81
600519.SH,2003-04-02,26.2,26.46,26.13,26.35,26.22,0.13,0.5,3713.2,9769.605
600519.SH,2003-04-03,26.4,26.5,26.23,26.3,26.35,-0.05,-0.19,5193.67,13726.384
600519.SH,2003-04-04,26.29,26.3,25.95,26.03,26.3,-0.27,-1.03,4984.73,12980.379
600519.SH,2003-04-07,26.0,26.03,25.6,25.69,26.03,-0.34,-1.31,4462.11,11509.954
600519.SH,2003-04-08,25.69,25.7,25.35,25.6,25.69,-0.09,-0.35,6112.87,15568.085
600519.SH,2003-04-09,25.59,26.05,25.35,26.0,25.6,0.4,1.56,10123.77,26059.689
600519.SH,2003-04-10,26.0,26.1,25.62,25.92,26.0,-0.08,-0.31,10789.13,27753.599
600519.SH,2003-04-11,25.88,26.5,25.85,26.46,25.92,0.54,2.08,29966.84,78671.196
600519.SH,2003-04-14,26.61,27.18,26.6,27.07,26.46,0.61,2.31,12612.41,33863.674
600519.SH,2003-04-15,27.1,27.18,26.61,26.96,27.07,-0.11,-0.41,7797.83,20927.73
600519.SH,2003-04-16,26.96,27.4,26.42,26.49,26.96,-0.47,-1.74,17017.15,45879.208
600519.SH,2003-04-17,26.55,26.69,26.25,26.28,26.49,-0.21,-0.79,7598.87,20049.212
600519.SH,2003-04-18,26.35,26.78,26.35,26.38,26.28,0.1,0.38,5339.32,14169.319
600519.SH,2003-04-21,26.34,26.4,25.5,25.57,26.38,-0.81,-3.07,11301.53,29053.506
600519.SH,2003-04-22,25.55,25.8,25.45,25.47,25.57,-0.1,-0.39,5131.14,13111.434
600519.SH,2003-04-23,25.48,25.54,25.01,25.04,25.47,-0.43,-1.69,5816.64,14679.641
600519.SH,2003-04-24,25.04,25.15,24.7,24.71,25.04,-0.33,-1.32,9749.38,24258.559
600519.SH,2003-04-25,24.88,25.35,24.8,24.95,24.71,0.24,0.97,7008.41,17541.876
600519.SH,2003-04-28,24.95,25.18,24.5,25.14,24.95,0.19,0.76,7845.32,19413.811
600519.SH,2003-04-29,25.35,25.37,24.5,24.78,25.14,-0.36,-1.43,9840.93,24464.578
600519.SH,2003-04-30,24.8,25.46,24.72,25.19,24.78,0.41,1.65,13499.3,33816.176
600519.SH,2003-05-12,25.2,25.38,24.95,24.97,25.19,-0.22,-0.87,7351.2,18413.86
600519.SH,2003-05-13,25.0,25.01,23.65,23.66,24.97,-1.31,-5.25,15235.4,36698.786
600519.SH,2003-05-14,23.75,24.0,23.6,23.8,23.66,0.14,0.59,9342.22,22223.327
600519.SH,2003-05-15,23.9,24.6,23.8,24.55,23.8,0.75,3.15,10417.06,25192.95
600519.SH,2003-05-16,24.6,24.67,24.1,24.39,24.55,-0.16,-0.65,9658.05,23550.103
600519.SH,2003-05-19,24.5,25.3,24.5,25.05,24.39,0.66,2.71,12899.08,32321.424
600519.SH,2003-05-20,25.02,25.05,24.65,24.75,25.05,-0.3,-1.2,5148.16,12771.62
600519.SH,2003-05-21,24.75,25.08,24.7,24.7,24.75,-0.05,-0.2,3163.58,7874.689
600519.SH,2003-05-22,24.61,24.99,24.6,24.9,24.7,0.2,0.81,3099.46,7672.879
600519.SH,2003-05-23,24.9,24.91,24.5,24.73,24.9,-0.17,-0.68,6889.96,17042.735
600519.SH,2003-05-26,24.7,25.08,24.68,24.83,24.73,0.1,0.4,9985.01,24833.946
600519.SH,2003-05-27,24.85,24.98,24.65,24.88,24.83,0.05,0.2,3622.68,8973.935
600519.SH,2003-05-28,25.0,25.77,24.9,25.15,24.88,0.27,1.09,9617.97,24413.346
600519.SH,2003-05-29,25.1,25.6,25.02,25.39,25.15,0.24,0.95,5156.02,13025.241
600519.SH,2003-05-30,25.73,26.27,25.44,26.14,25.39,0.75,2.95,18180.94,47295.54
600519.SH,2003-06-02,26.22,26.25,25.81,26.04,26.14,-0.1,-0.38,6258.51,16282.794
600519.SH,2003-06-03,26.04,26.15,25.66,25.69,26.04,-0.35,-1.34,5536.65,14325.999
600519.SH,2003-06-04,25.65,25.77,25.31,25.54,25.69,-0.15,-0.58,3995.9,10206.523
600519.SH,2003-06-05,25.53,25.98,25.45,25.56,25.54,0.02,0.08,6798.98,17422.312
600519.SH,2003-06-06,25.56,25.58,25.2,25.37,25.56,-0.19,-0.74,3596.33,9123.796
600519.SH,2003-06-09,25.35,25.45,25.21,25.32,25.37,-0.05,-0.2,2436.18,6174.17
600519.SH,2003-06-10,25.35,25.65,25.34,25.46,25.32,0.14,0.55,1628.42,4142.275
600519.SH,2003-06-11,25.46,25.65,25.46,25.61,25.46,0.15,0.59,3018.25,7712.445
600519.SH,2003-06-13,25.6,25.88,25.55,25.65,25.61,0.04,0.16,3200.27,8241.151
600519.SH,2003-06-16,25.65,25.65,25.29,25.34,25.65,-0.31,-1.21,2012.65,5108.268
600519.SH,2003-06-17,25.36,25.4,25.01,25.15,25.34,-0.19,-0.75,2994.3,7523.686
600519.SH,2003-06-18,25.15,25.45,24.95,25.02,25.15,-0.13,-0.52,3184.83,8004.964
600519.SH,2003-06-19,25.04,25.25,24.75,24.9,25.02,-0.12,-0.48,3260.09,8113.184
600519.SH,2003-06-20,24.95,25.2,24.85,25.0,24.9,0.1,0.4,1670.9,4175.134
600519.SH,2003-06-23,25.0,25.75,24.95,25.42,25.0,0.42,1.68,7811.2,19907.731
600519.SH,2003-06-24,25.42,25.58,25.3,25.48,25.42,0.06,0.24,1694.36,4313.862
600519.SH,2003-06-25,25.48,25.9,25.36,25.45,25.48,-0.03,-0.12,4204.7,10783.228
600519.SH,2003-06-26,25.45,25.65,24.83,25.19,25.45,-0.26,-1.02,4477.05,11265.141
600519.SH,2003-06-27,25.2,25.4,24.9,24.97,25.19,-0.22,-0.87,2719.7,6835.321
600519.SH,2003-06-30,25.0,25.1,24.95,24.96,24.97,-0.01,-0.04,3520.14,8803.181
600519.SH,2003-07-01,24.9,25.3,24.9,25.24,24.96,0.28,1.12,4885.77,12302.828
600519.SH,2003-07-02,25.2,25.2,25.0,25.1,25.24,-0.14,-0.55,1336.89,3354.437
600519.SH,2003-07-03,25.12,25.25,24.89,25.04,25.1,-0.06,-0.24,2878.67,7192.931
600519.SH,2003-07-04,25.0,25.13,24.95,24.99,25.04,-0.05,-0.2,2197.2,5492.526
600519.SH,2003-07-07,25.01,25.09,24.8,24.87,24.99,-0.12,-0.48,1669.92,4154.239
600519.SH,2003-07-08,24.95,25.18,24.91,25.17,24.87,0.3,1.21,2272.32,5693.893
600519.SH,2003-07-09,25.16,25.19,24.98,25.05,25.17,-0.12,-0.48,1483.99,3722.71
600519.SH,2003-07-10,25.19,25.74,25.03,25.63,25.05,0.58,2.32,6288.1,16057.693
600519.SH,2003-07-11,25.68,25.88,25.59,25.7,25.63,0.07,0.27,5763.71,14825.594
600519.SH,2003-07-14,23.45,24.0,23.2,23.78,23.18,0.6,2.59,8674.3,20533.771
600519.SH,2003-07-15,23.7,24.19,23.58,23.89,23.78,0.11,0.46,6660.82,15884.705
600519.SH,2003-07-16,23.9,24.2,23.86,24.03,23.89,0.14,0.59,7796.19,18717.481
600519.SH,2003-07-17,24.05,24.5,24.0,24.2,24.03,0.17,0.71,9978.25,24185.34
600519.SH,2003-07-18,24.2,24.3,23.51,23.61,24.2,-0.59,-2.44,9629.67,23126.678
600519.SH,2003-07-21,23.5,23.78,23.36,23.7,23.61,0.09,0.38,7112.48,16722.758
600519.SH,2003-07-22,23.61,23.95,23.61,23.82,23.7,0.12,0.51,3109.43,7381.958
600519.SH,2003-07-23,23.82,23.95,23.6,23.83,23.82,0.01,0.04,5592.27,13316.655
600519.SH,2003-07-24,23.83,23.83,23.6,23.65,23.83,-0.18,-0.76,1450.51,3437.577
600519.SH,2003-07-25,23.65,23.7,23.12,23.3,23.65,-0.35,-1.48,2875.94,6717.751
600519.SH,2003-07-28,23.35,23.4,23.2,23.23,23.3,-0.07,-0.3,1885.48,4383.607
600519.SH,2003-07-29,23.35,23.49,23.2,23.4,23.23,0.17,0.73,1303.78,3043.368
600519.SH,2003-07-30,23.58,23.58,23.18,23.35,23.4,-0.05,-0.21,2730.9,6375.509
600519.SH,2003-07-31,23.35,23.35,22.92,23.15,23.35,-0.2,-0.86,2249.38,5205.478
600519.SH,2003-08-01,23.0,23.13,22.75,22.89,23.15,-0.26,-1.12,3255.83,7459.787
600519.SH,2003-08-04,22.8,22.9,22.6,22.89,22.89,0.0,0.0,2709.68,6168.033
600519.SH,2003-08-05,22.89,23.09,22.75,23.08,22.89,0.19,0.83,1930.39,4411.194
600519.SH,2003-08-06,23.08,23.22,22.91,23.2,23.08,0.12,0.52,2284.44,5272.928
600519.SH,2003-08-07,23.0,23.1,22.93,23.02,23.2,-0.18,-0.78,750.57,1725.955
600519.SH,2003-08-08,22.91,23.05,22.71,22.78,23.02,-0.24,-1.04,1865.07,4268.481
600519.SH,2003-08-11,22.61,22.78,22.61,22.73,22.78,-0.05,-0.22,996.32,2260.732
600519.SH,2003-08-12,22.75,23.1,22.75,22.99,22.73,0.26,1.14,752.07,1725.279
600519.SH,2003-08-13,22.9,23.01,22.9,22.97,22.99,-0.02,-0.09,1802.7,4138.095
600519.SH,2003-08-14,22.81,22.99,22.77,22.8,22.97,-0.17,-0.74,1906.5,4369.482
600519.SH,2003-08-15,22.78,22.89,22.76,22.81,22.8,0.01,0.04,928.4,2117.303
600519.SH,2003-08-18,22.81,22.86,22.73,22.75,22.81,-0.06,-0.26,890.3,2029.145
600519.SH,2003-08-19,22.74,22.88,22.68,22.78,22.75,0.03,0.13,1140.97,2595.147
600519.SH,2003-08-20,22.8,22.8,22.6,22.67,22.78,-0.11,-0.48,868.75,1967.31
600519.SH,2003-08-21,22.65,22.8,21.0,22.2,22.67,-0.47,-2.07,4551.28,9879.703
600519.SH,2003-08-22,22.2,22.44,21.71,21.78,22.2,-0.42,-1.89,3864.67,8446.625
600519.SH,2003-08-25,21.6,21.65,21.3,21.35,21.78,-0.43,-1.97,2345.32,5036.822
600519.SH,2003-08-26,21.35,21.5,21.3,21.36,21.35,0.01,0.05,1001.0,2141.565
600519.SH,2003-08-27,21.36,22.97,21.36,21.87,21.36,0.51,2.39,4246.21,9547.143
600519.SH,2003-08-28,21.61,21.96,21.53,21.7,21.87,-0.17,-0.78,1446.78,3148.383
600519.SH,2003-08-29,21.75,21.8,21.3,21.51,21.7,-0.19,-0.88,2752.0,5896.174
600519.SH,2003-09-01,21.69,21.88,21.36,21.86,21.51,0.35,1.63,4951.74,10737.291
600519.SH,2003-09-02,21.82,22.5,21.82,22.09,21.86,0.23,1.05,7206.37,15963.063
600519.SH,2003-09-03,22.1,22.27,21.88,22.07,22.09,-0.02,-0.09,1161.4,2555.237
600519.SH,2003-09-04,22.08,22.25,21.86,21.89,22.07,-0.18,-0.82,1244.51,2733.564
600519.SH,2003-09-05,21.89,21.89,21.0,21.5,21.89,-0.39,-1.78,5812.04,12436.931
600519.SH,2003-09-08,21.32,21.5,21.18,21.4,21.5,-0.1,-0.47,1813.64,3877.014
600519.SH,2003-09-09,21.4,21.48,21.0,21.37,21.4,-0.03,-0.14,3562.54,7588.439
600519.SH,2003-09-10,21.37,21.86,21.11,21.4,21.37,0.03,0.14,2041.5,4387.546
600519.SH,2003-09-11,21.41,21.49,21.3,21.32,21.4,-0.08,-0.37,1009.95,2160.179
600519.SH,2003-09-12,21.32,21.32,21.14,21.22,21.32,-0.1,-0.47,2803.19,5941.702
600519.SH,2003-09-15,21.21,21.36,21.0,21.1,21.22,-0.12,-0.57,2648.87,5601.667
600519.SH,2003-09-16,21.1,21.3,20.82,21.12,21.1,0.02,0.09,1811.72,3803.937
600519.SH,2003-09-17,21.28,21.35,21.0,21.0,21.12,-0.12,-0.57,6788.65,14360.717
600519.SH,2003-09-18,20.9,21.08,20.9,21.0,21.0,0.0,0.0,1195.68,2508.659
600519.SH,2003-09-19,20.95,21.1,20.91,20.99,21.0,-0.01,-0.05,3830.15,8044.199
600519.SH,2003-09-22,21.1,21.1,20.81,20.88,20.99,-0.11,-0.52,1186.86,2488.64
600519.SH,2003-09-23,20.9,21.0,20.71,20.88,20.88,0.0,0.0,955.52,1991.592
600519.SH,2003-09-24,21.16,21.22,20.9,21.2,20.88,0.32,1.53,2285.21,4821.609
600519.SH,2003-09-25,21.2,21.2,20.95,21.2,21.2,0.0,0.0,2138.3,4498.042
600519.SH,2003-09-26,21.17,21.4,21.01,21.22,21.2,0.02,0.09,2654.5,5638.16
600519.SH,2003-09-29,21.1,21.19,21.07,21.11,21.22,-0.11,-0.52,1888.06,3986.232
600519.SH,2003-09-30,21.12,21.39,21.12,21.24,21.11,0.13,0.62,1443.27,3068.648
600519.SH,2003-10-08,21.12,21.29,21.0,21.25,21.24,0.01,0.05,852.01,1802.81
600519.SH,2003-10-09,21.2,21.3,21.11,21.2,21.25,-0.05,-0.24,1135.2,2406.369
600519.SH,2003-10-10,21.13,21.65,21.09,21.6,21.2,0.4,1.89,1337.1,2869.291
600519.SH,2003-10-13,21.6,21.7,21.4,21.65,21.6,0.05,0.23,1619.82,3500.004
600519.SH,2003-10-14,21.58,21.72,21.43,21.68,21.65,0.03,0.14,1792.18,3875.773
600519.SH,2003-10-15,21.75,21.85,21.62,21.66,21.68,-0.02,-0.09,1161.27,2523.298
600519.SH,2003-10-16,21.66,21.75,21.38,21.47,21.66,-0.19,-0.88,1490.39,3206.207
600519.SH,2003-10-17,21.46,21.47,21.3,21.36,21.47,-0.11,-0.51,822.88,1759.531
600519.SH,2003-10-20,21.38,21.5,21.31,21.36,21.36,0.0,0.0,928.42,1986.082
600519.SH,2003-10-21,21.39,21.55,21.36,21.4,21.36,0.04,0.19,663.91,1421.413
600519.SH,2003-10-22,21.45,21.88,21.45,21.81,21.4,0.41,1.92,2163.21,4701.448
600519.SH,2003-10-23,21.81,21.9,21.66,21.66,21.81,-0.15,-0.69,2251.61,4898.91
600519.SH,2003-10-24,21.6,21.65,21.5,21.5,21.66,-0.16,-0.74,971.0,2091.74
600519.SH,2003-10-27,21.48,21.5,21.12,21.21,21.5,-0.29,-1.35,3655.66,7761.245
600519.SH,2003-10-28,21.2,21.65,21.2,21.33,21.21,0.12,0.57,2983.28,6367.834
600519.SH,2003-10-29,21.33,22.02,21.33,21.99,21.33,0.66,3.09,7084.96,15341.314
600519.SH,2003-10-30,22.1,22.3,21.81,22.08,21.99,0.09,0.41,9309.82,20522.203
600519.SH,2003-10-31,22.5,22.5,22.03,22.39,22.08,0.31,1.4,5784.62,12895.253
600519.SH,2003-11-03,22.68,22.82,22.33,22.75,22.39,0.36,1.61,4878.26,11043.553
600519.SH,2003-11-04,22.76,23.6,22.75,23.32,22.75,0.57,2.51,15387.86,35781.199
600519.SH,2003-11-05,23.24,23.85,23.15,23.58,23.32,0.26,1.11,17312.26,40944.023
600519.SH,2003-11-06,23.67,23.7,23.3,23.43,23.58,-0.15,-0.64,6273.7,14718.968
600519.SH,2003-11-07,23.3,23.4,22.7,22.91,23.43,-0.52,-2.22,7497.01,17267.141
600519.SH,2003-11-10,23.0,23.19,22.78,23.05,22.91,0.14,0.61,2760.93,6335.394
600519.SH,2003-11-11,23.05,23.35,22.95,23.25,23.05,0.2,0.87,2601.67,6018.093
600519.SH,2003-11-12,23.0,23.3,23.0,23.0,23.25,-0.25,-1.08,2960.58,6839.594
600519.SH,2003-11-13,22.99,23.12,22.7,22.84,23.0,-0.16,-0.7,2103.93,4796.537
600519.SH,2003-11-14,22.8,23.08,22.65,23.0,22.84,0.16,0.7,2273.57,5200.996
600519.SH,2003-11-17,23.08,23.12,22.88,22.97,23.0,-0.03,-0.13,1800.28,4141.789
600519.SH,2003-11-18,23.0,23.0,22.7,22.75,22.97,-0.22,-0.96,2449.93,5590.828
600519.SH,2003-11-19,22.75,22.99,22.61,22.95,22.75,0.2,0.88,3146.82,7192.949
600519.SH,2003-11-20,22.85,23.17,22.8,23.05,22.95,0.1,0.44,4987.85,11467.71
600519.SH,2003-11-21,23.38,23.4,22.91,22.98,23.05,-0.07,-0.3,1825.92,4207.14
600519.SH,2003-11-24,23.08,23.3,22.8,23.26,22.98,0.28,1.22,2497.84,5751.645
600519.SH,2003-11-25,23.3,23.3,22.95,23.19,23.26,-0.07,-0.3,3349.01,7752.298
600519.SH,2003-11-26,23.0,23.25,22.9,23.2,23.19,0.01,0.04,3401.95,7832.142
600519.SH,2003-11-27,23.09,23.49,22.93,23.05,23.2,-0.15,-0.65,5847.05,13553.445
600519.SH,2003-11-28,23.09,23.09,22.85,22.98,23.05,-0.07,-0.3,3104.8,7138.329
600519.SH,2003-12-01,23.3,23.3,22.85,23.01,22.98,0.03,0.13,8764.73,20159.528
600519.SH,2003-12-02,23.19,23.26,23.0,23.18,23.01,0.17,0.74,6943.87,16075.321
600519.SH,2003-12-03,23.25,23.8,23.18,23.52,23.18,0.34,1.47,13572.29,31788.191
600519.SH,2003-12-04,23.56,23.68,23.31,23.42,23.52,-0.1,-0.43,8160.32,19152.457
600519.SH,2003-12-05,23.4,23.9,23.31,23.87,23.42,0.45,1.92,20335.61,48018.185
600519.SH,2003-12-08,23.9,23.91,23.58,23.69,23.87,-0.18,-0.75,3532.92,8392.0
600519.SH,2003-12-09,23.68,23.76,23.45,23.55,23.69,-0.14,-0.59,3796.46,8935.849
600519.SH,2003-12-10,23.78,23.78,23.52,23.72,23.55,0.17,0.72,5360.01,12660.246
600519.SH,2003-12-11,23.75,23.84,23.51,23.53,23.72,-0.19,-0.8,4640.16,10986.759
600519.SH,2003-12-12,23.53,23.59,23.46,23.52,23.53,-0.01,-0.04,1932.25,4539.656
600519.SH,2003-12-15,23.52,23.69,23.42,23.6,23.52,0.08,0.34,1862.42,4392.702
600519.SH,2003-12-16,23.59,23.7,23.2,23.54,23.6,-0.06,-0.25,3332.16,7816.685
600519.SH,2003-12-17,23.58,24.3,23.58,24.02,23.54,0.48,2.04,8282.65,19926.94
600519.SH,2003-12-18,24.0,24.27,23.8,24.22,24.02,0.2,0.83,5708.03,13788.18
600519.SH,2003-12-19,24.27,24.27,23.81,24.0,24.22,-0.22,-0.91,5827.24,14005.567
600519.SH,2003-12-22,24.0,24.48,23.7,24.45,24.0,0.45,1.88,6253.96,15017.997
600519.SH,2003-12-23,24.45,24.86,24.26,24.63,24.45,0.18,0.74,10333.64,25513.368
600519.SH,2003-12-24,24.68,25.27,24.52,25.22,24.63,0.59,2.4,7043.15,17578.282
600519.SH,2003-12-25,25.22,25.3,25.01,25.05,25.22,-0.17,-0.67,7431.41,18686.453
600519.SH,2003-12-26,25.0,25.45,24.9,25.28,25.05,0.23,0.92,5153.11,12938.394
600519.SH,2003-12-30,25.18,25.68,24.81,25.5,25.28,0.22,0.87,4138.23,10461.733
600519.SH,2003-12-31,25.5,25.5,25.23,25.4,25.5,-0.1,-0.39,5510.77,13951.355
600519.SH,2004-01-02,25.01,25.48,25.0,25.19,25.4,-0.21,-0.83,6513.76,16401.867
600519.SH,2004-01-05,25.1,26.45,25.1,26.4,25.19,1.21,4.8,8539.75,22096.848
600519.SH,2004-01-06,26.5,27.18,26.5,26.96,26.4,0.56,2.12,9467.36,25293.426
600519.SH,2004-01-07,26.87,27.18,26.33,26.95,26.96,-0.01,-0.04,11336.19,30614.269
600519.SH,2004-01-08,27.0,27.48,26.88,27.42,26.95,0.47,1.74,8607.42,23401.787
600519.SH,2004-01-09,27.5,27.5,26.05,26.21,27.42,-1.21,-4.41,8821.59,23829.502
600519.SH,2004-01-12,26.0,26.6,25.83,26.53,26.21,0.32,1.22,6490.72,16933.81
600519.SH,2004-01-13,26.8,27.68,26.8,27.6,26.53,1.07,4.03,13421.21,36807.002
600519.SH,2004-01-14,27.6,29.15,27.37,28.87,27.6,1.27,4.6,25095.74,71681.04
600519.SH,2004-01-15,28.5,28.91,28.01,28.28,28.87,-0.59,-2.04,10170.93,29112.473
600519.SH,2004-01-16,28.12,28.85,28.0,28.49,28.28,0.21,0.74,7407.55,21179.706
600519.SH,2004-01-29,28.0,29.02,28.0,28.96,28.49,0.47,1.65,5353.72,15425.466
600519.SH,2004-01-30,28.94,29.05,28.1,28.12,28.96,-0.84,-2.9,7785.23,22429.306
600519.SH,2004-02-02,28.5,29.35,28.3,28.92,28.12,0.8,2.85,31304.94,90694.934
600519.SH,2004-02-03,29.0,29.16,28.72,29.0,28.92,0.08,0.28,8127.68,23508.437
600519.SH,2004-02-04,29.0,29.15,28.8,28.99,29.0,-0.01,-0.03,8646.39,25042.786
600519.SH,2004-02-05,28.88,28.99,28.1,28.19,28.99,-0.8,-2.76,9256.63,26274.156
600519.SH,2004-02-06,28.0,28.6,27.66,27.83,28.19,-0.36,-1.28,12925.87,36392.591
600519.SH,2004-02-09,27.88,28.39,27.68,28.14,27.83,0.31,1.11,5778.36,16136.748
600519.SH,2004-02-10,28.18,28.29,27.72,27.77,28.14,-0.37,-1.31,2891.39,8054.689
600519.SH,2004-02-11,28.0,28.0,27.4,27.62,27.77,-0.15,-0.54,4488.03,12391.205
600519.SH,2004-02-12,27.69,28.2,27.5,27.64,27.62,0.02,0.07,2231.03,6196.653
600519.SH,2004-02-13,27.7,28.1,27.56,27.89,27.64,0.25,0.9,2531.39,7068.284
600519.SH,2004-02-16,27.89,28.7,27.89,28.65,27.89,0.76,2.73,4081.51,11599.148
600519.SH,2004-02-17,28.75,28.75,28.51,28.54,28.65,-0.11,-0.38,7236.31,20708.523
600519.SH,2004-02-18,28.54,29.45,28.24,29.09,28.54,0.55,1.93,9703.85,28085.541
600519.SH,2004-02-19,29.1,29.15,28.68,28.8,29.09,-0.29,-1.0,6155.35,17792.327
600519.SH,2004-02-20,28.61,28.88,28.42,28.73,28.8,-0.07,-0.24,3256.02,9294.561
600519.SH,2004-02-23,28.95,28.98,27.92,28.0,28.73,-0.73,-2.54,4234.26,11943.403
600519.SH,2004-02-24,27.88,28.39,27.56,28.23,28.0,0.23,0.82,8245.4,22993.324
600519.SH,2004-02-25,28.25,28.75,27.3,27.32,28.23,-0.91,-3.22,5595.68,15651.947
600519.SH,2004-02-26,27.4,28.28,27.2,28.25,27.32,0.93,3.4,10313.48,28613.246
600519.SH,2004-02-27,28.28,28.42,27.75,28.4,28.25,0.15,0.53,4431.37,12479.813
600519.SH,2004-03-01,28.35,28.58,28.01,28.53,28.4,0.13,0.46,2938.33,8324.629
600519.SH,2004-03-02,28.2,31.38,28.2,31.13,28.53,2.6,9.11,25187.62,75299.463
600519.SH,2004-03-03,31.18,31.6,30.39,30.69,31.13,-0.44,-1.41,24661.23,76280.342
600519.SH,2004-03-04,30.58,30.8,30.26,30.52,30.69,-0.17,-0.55,5718.29,17429.571
600519.SH,2004-03-05,30.6,31.2,30.3,30.62,30.52,0.1,0.33,4117.31,12628.392
600519.SH,2004-03-08,30.6,31.0,29.7,30.09,30.62,-0.53,-1.73,6327.55,19124.563
600519.SH,2004-03-09,30.1,30.3,29.75,29.9,30.09,-0.19,-0.63,4492.14,13474.582
600519.SH,2004-03-10,29.72,30.4,29.72,30.34,29.9,0.44,1.47,3116.77,9368.573
600519.SH,2004-03-11,30.0,30.9,30.0,30.89,30.34,0.55,1.81,6966.95,21204.913
600519.SH,2004-03-12,31.99,33.3,31.55,32.7,30.89,1.81,5.86,37852.09,123629.708
600519.SH,2004-03-15,32.65,33.5,32.4,33.42,32.7,0.72,2.2,18985.72,62741.21
600519.SH,2004-03-16,33.42,35.44,33.11,34.91,33.42,1.49,4.46,30957.61,106413.222
600519.SH,2004-03-17,34.8,35.25,34.31,34.91,34.91,0.0,0.0,13411.2,46683.001
600519.SH,2004-03-18,34.91,35.3,34.7,34.97,34.91,0.06,0.17,15703.8,55053.859
600519.SH,2004-03-19,34.91,35.32,34.6,34.87,34.97,-0.1,-0.29,14743.95,51625.581
600519.SH,2004-03-22,35.0,35.18,34.5,34.52,34.87,-0.35,-1.0,10206.25,35526.463
600519.SH,2004-03-23,34.33,34.5,33.54,33.81,34.52,-0.71,-2.06,13909.74,47091.718
600519.SH,2004-03-24,33.7,35.2,33.58,35.05,33.81,1.24,3.67,13295.74,46222.27
600519.SH,2004-03-25,34.85,35.2,33.9,34.06,35.05,-0.99,-2.82,14931.38,51190.803
600519.SH,2004-03-26,34.5,34.87,33.15,34.73,34.06,0.67,1.97,17415.46,59748.602
600519.SH,2004-03-29,34.73,35.55,34.2,34.28,34.73,-0.45,-1.3,11281.75,39480.878
600519.SH,2004-03-30,34.2,34.8,34.05,34.73,34.28,0.45,1.31,5876.54,20288.601
600519.SH,2004-03-31,34.7,35.2,34.58,35.04,34.73,0.31,0.89,7310.13,25543.352
600519.SH,2004-04-01,34.79,35.5,34.79,35.39,35.04,0.35,1.0,8504.21,29966.66
600519.SH,2004-04-02,35.35,36.5,35.35,36.29,35.39,0.9,2.54,18818.21,67825.517
600519.SH,2004-04-05,36.3,37.4,36.3,37.25,36.29,0.96,2.65,18631.34,68785.082
600519.SH,2004-04-06,37.4,37.4,36.9,37.23,37.25,-0.02,-0.05,7135.67,26461.49
600519.SH,2004-04-07,37.26,39.05,37.26,38.87,37.23,1.64,4.41,18692.2,72038.041
600519.SH,2004-04-08,38.9,40.52,38.72,40.48,38.87,1.61,4.14,15913.24,63361.314
600519.SH,2004-04-09,40.45,40.45,39.18,39.2,40.48,-1.28,-3.16,34322.8,135738.045
600519.SH,2004-04-12,38.9,39.5,38.3,38.76,39.2,-0.44,-1.12,10272.24,39974.344
600519.SH,2004-04-13,38.9,39.4,38.6,39.15,38.76,0.39,1.01,15524.41,60506.087
600519.SH,2004-04-14,38.85,38.99,37.6,38.15,39.15,-1.0,-2.55,15543.83,59198.319
600519.SH,2004-04-15,38.0,38.6,37.8,37.96,38.15,-0.19,-0.5,5958.63,22690.028
600519.SH,2004-04-16,37.82,38.48,37.4,37.99,37.96,0.03,0.08,4497.78,17042.489
600519.SH,2004-04-19,38.0,38.0,36.8,36.85,37.99,-1.14,-3.0,5897.01,22127.813
600519.SH,2004-04-20,36.8,37.48,36.31,37.2,36.85,0.35,0.95,7705.92,28305.52
600519.SH,2004-04-21,37.39,37.5,36.2,36.63,37.2,-0.57,-1.53,3994.19,14703.155
600519.SH,2004-04-22,36.5,36.8,36.2,36.6,36.63,-0.03,-0.08,8252.44,30019.962
600519.SH,2004-04-23,36.4,36.78,36.2,36.77,36.6,0.17,0.46,8065.07,29417.711
600519.SH,2004-04-26,36.54,37.37,36.4,37.22,36.77,0.45,1.22,6603.39,24414.409
600519.SH,2004-04-27,37.25,39.0,37.25,37.91,37.22,0.69,1.85,20597.48,78913.119
600519.SH,2004-04-28,37.9,37.9,37.1,37.55,37.91,-0.36,-0.95,5596.78,21005.617
600519.SH,2004-04-29,38.48,38.8,35.5,36.66,37.55,-0.89,-2.37,17383.26,62795.124
600519.SH,2004-04-30,36.29,37.5,36.01,37.43,36.66,0.77,2.1,12961.66,47858.161
600519.SH,2004-05-10,37.3,37.4,35.58,36.23,37.43,-1.2,-3.21,8003.64,28883.861
600519.SH,2004-05-11,35.75,36.8,35.75,36.04,36.23,-0.19,-0.52,6734.23,24441.916
600519.SH,2004-05-12,36.02,36.85,36.01,36.81,36.04,0.77,2.14,8684.46,31635.698
600519.SH,2004-05-13,36.5,37.8,36.5,37.79,36.81,0.98,2.66,14720.22,55043.074
600519.SH,2004-05-14,37.88,37.99,36.8,37.45,37.79,-0.34,-0.9,6028.82,22432.732
600519.SH,2004-05-17,37.27,37.27,36.32,36.72,37.45,-0.73,-1.95,3389.03,12486.993
600519.SH,2004-05-18,36.75,37.2,35.0,36.21,36.72,-0.51,-1.39,19383.38,70073.744
600519.SH,2004-05-19,36.5,37.1,36.05,36.59,36.21,0.38,1.05,4800.1,17709.875
600519.SH,2004-05-20,36.4,36.66,36.16,36.48,36.59,-0.11,-0.3,2495.3,9068.633
600519.SH,2004-05-21,36.48,36.7,35.81,36.4,36.48,-0.08,-0.22,1291.0,4704.499
600519.SH,2004-05-24,36.36,36.5,35.95,36.0,36.4,-0.4,-1.1,1563.03,5641.346
600519.SH,2004-05-25,35.93,36.5,35.8,35.85,36.0,-0.15,-0.42,5146.61,18589.609
600519.SH,2004-05-26,35.86,36.14,35.62,36.04,35.85,0.19,0.53,2776.41,10011.88
600519.SH,2004-05-27,36.6,36.98,36.0,36.5,36.04,0.46,1.28,3758.69,13778.597
600519.SH,2004-05-28,36.4,36.97,36.3,36.88,36.5,0.38,1.04,1951.59,7168.549
600519.SH,2004-06-01,36.88,37.45,36.87,37.4,36.88,0.52,1.41,3637.71,13507.855
600519.SH,2004-06-02,37.4,37.4,36.8,36.84,37.4,-0.56,-1.5,2381.3,8832.775
600519.SH,2004-06-03,36.9,37.27,36.5,36.8,36.84,-0.04,-0.11,782.44,2869.881
600519.SH,2004-06-04,36.21,36.88,36.09,36.28,36.8,-0.52,-1.41,2070.44,7529.168
600519.SH,2004-06-07,36.03,36.48,35.95,36.36,36.28,0.08,0.22,2453.52,8856.253
600519.SH,2004-06-08,36.01,36.47,35.9,36.31,36.36,-0.05,-0.14,3357.16,12115.216
600519.SH,2004-06-09,36.01,36.38,35.8,35.99,36.31,-0.32,-0.88,4724.71,17036.585
600519.SH,2004-06-10,36.0,36.3,34.05,34.3,35.99,-1.69,-4.7,24414.16,84607.735
600519.SH,2004-06-11,34.06,35.1,34.06,34.51,34.3,0.21,0.61,9236.77,31913.342
600519.SH,2004-06-14,34.3,34.36,33.2,33.4,34.51,-1.11,-3.22,11932.22,40393.296
600519.SH,2004-06-15,33.33,33.68,32.4,33.56,33.4,0.16,0.48,21484.47,70392.158
600519.SH,2004-06-16,33.5,34.64,33.3,34.44,33.56,0.88,2.62,6623.43,22482.333
600519.SH,2004-06-17,34.44,34.44,32.82,33.13,34.44,-1.31,-3.8,14816.15,49602.583
600519.SH,2004-06-18,33.0,33.4,32.2,33.31,33.13,0.18,0.54,11670.68,38053.133
600519.SH,2004-06-21,32.81,33.58,32.71,33.5,33.31,0.19,0.57,1034.22,3441.885
600519.SH,2004-06-22,33.6,34.0,33.5,34.0,33.5,0.5,1.49,1254.47,4238.393
600519.SH,2004-06-23,33.95,33.95,33.0,33.22,34.0,-0.78,-2.29,595.93,1987.467
600519.SH,2004-06-24,33.22,33.79,33.18,33.23,33.22,0.01,0.03,1241.64,4133.36
600519.SH,2004-06-25,33.43,34.7,33.08,33.8,33.23,0.57,1.72,3696.81,12619.117
600519.SH,2004-06-28,33.5,34.4,33.5,34.12,33.8,0.32,0.95,3080.2,10476.223
600519.SH,2004-06-29,34.12,34.25,33.8,34.09,34.12,-0.03,-0.09,6890.8,23479.163
600519.SH,2004-06-30,34.09,34.19,33.0,33.85,34.09,-0.24,-0.7,4102.81,13952.503
600519.SH,2004-07-01,25.02,26.8,25.01,26.73,25.81,0.92,3.56,2781.62,7361.258
600519.SH,2004-07-02,26.8,27.3,26.38,27.26,26.73,0.53,1.98,2873.37,7731.847
600519.SH,2004-07-05,27.0,28.38,27.0,28.33,27.26,1.07,3.93,5202.29,14545.862
600519.SH,2004-07-06,28.48,29.38,28.2,28.22,28.33,-0.11,-0.39,16359.4,47067.614
600519.SH,2004-07-07,28.18,29.02,27.7,28.83,28.22,0.61,2.16,13244.98,38002.932
600519.SH,2004-07-08,28.95,29.0,28.51,28.59,28.83,-0.24,-0.83,2357.99,6779.704
600519.SH,2004-07-09,28.43,28.88,28.43,28.5,28.59,-0.09,-0.31,1635.63,4678.105
600519.SH,2004-07-12,28.5,28.86,28.1,28.66,28.5,0.16,0.56,4328.08,12351.574
600519.SH,2004-07-13,28.5,29.5,28.5,29.43,28.66,0.77,2.69,6419.32,18772.253
600519.SH,2004-07-14,29.38,29.58,29.0,29.56,29.43,0.13,0.44,4478.65,13176.396
600519.SH,2004-07-15,29.56,30.66,29.56,30.61,29.56,1.05,3.55,28186.18,85455.066
600519.SH,2004-07-16,30.62,30.85,30.0,30.58,30.61,-0.03,-0.1,5876.64,17947.709
600519.SH,2004-07-19,30.59,30.79,29.93,30.55,30.58,-0.03,-0.1,8508.01,25718.864
600519.SH,2004-07-20,30.45,30.55,30.02,30.5,30.55,-0.05,-0.16,7868.77,23908.753
600519.SH,2004-07-21,30.5,30.9,30.18,30.85,30.5,0.35,1.15,7533.75,23041.353
600519.SH,2004-07-22,30.8,31.86,30.6,30.77,30.85,-0.08,-0.26,27936.23,87061.727
600519.SH,2004-07-23,30.5,31.5,30.4,31.46,30.77,0.69,2.24,10551.81,32608.304
600519.SH,2004-07-26,31.6,31.6,30.28,30.82,31.46,-0.64,-2.03,6616.89,20362.836
600519.SH,2004-07-27,30.9,30.9,29.77,29.82,30.82,-1.0,-3.24,11112.74,33370.357
600519.SH,2004-07-28,30.66,30.66,28.82,29.48,29.82,-0.34,-1.14,8846.6,25861.812
600519.SH,2004-07-29,29.3,29.68,29.03,29.63,29.48,0.15,0.51,3413.64,10010.293
600519.SH,2004-07-30,29.5,30.36,29.5,30.07,29.63,0.44,1.49,2490.72,7475.971
600519.SH,2004-08-02,30.05,30.3,29.5,29.75,30.07,-0.32,-1.06,7327.58,21734.52
600519.SH,2004-08-03,29.5,29.95,29.31,29.39,29.75,-0.36,-1.21,7760.1,22860.312
600519.SH,2004-08-04,29.18,30.0,29.12,29.89,29.39,0.5,1.7,4741.49,13978.388
600519.SH,2004-08-05,29.8,29.8,29.3,29.55,29.89,-0.34,-1.14,2169.03,6399.271
600519.SH,2004-08-06,29.4,29.9,29.11,29.79,29.55,0.24,0.81,2657.17,7857.159
600519.SH,2004-08-09,29.51,29.96,29.51,29.95,29.79,0.16,0.54,2457.38,7317.44
600519.SH,2004-08-10,29.71,30.2,29.65,30.16,29.95,0.21,0.7,2609.96,7820.329
600519.SH,2004-08-11,30.0,30.1,29.8,29.95,30.16,-0.21,-0.7,1042.78,3119.88
600519.SH,2004-08-12,29.52,30.1,29.52,30.09,29.95,0.14,0.47,2818.38,8383.159
600519.SH,2004-08-13,29.89,30.18,29.7,30.11,30.09,0.02,0.07,3719.48,11134.747
600519.SH,2004-08-16,29.88,30.11,29.85,29.86,30.11,-0.25,-0.83,1783.29,5336.45
600519.SH,2004-08-17,29.81,30.1,29.57,30.0,29.86,0.14,0.47,1970.53,5905.094
600519.SH,2004-08-18,30.2,30.31,29.9,30.12,30.0,0.12,0.4,5510.93,16624.721
600519.SH,2004-08-19,30.0,30.2,29.81,29.92,30.12,-0.2,-0.66,5889.62,17653.366
600519.SH,2004-08-20,29.92,30.2,29.8,29.95,29.92,0.03,0.1,5630.68,16868.762
600519.SH,2004-08-23,29.8,29.8,29.15,29.21,29.95,-0.74,-2.47,5733.09,16839.797
600519.SH,2004-08-24,29.0,29.4,29.0,29.35,29.21,0.14,0.48,2859.89,8339.871
600519.SH,2004-08-25,29.5,29.51,29.1,29.46,29.35,0.11,0.37,1630.89,4768.554
600519.SH,2004-08-26,29.2,29.6,29.2,29.53,29.46,0.07,0.24,2161.1,6353.347
600519.SH,2004-08-27,29.49,29.65,29.3,29.46,29.53,-0.07,-0.24,1324.9,3898.855
600519.SH,2004-08-30,29.2,29.39,28.8,28.97,29.46,-0.49,-1.66,3491.73,10126.801
600519.SH,2004-08-31,29.29,29.9,28.9,29.17,28.97,0.2,0.69,2413.83,7032.456
600519.SH,2004-09-01,29.05,29.05,28.6,28.62,29.17,-0.55,-1.89,3798.03,10907.461
600519.SH,2004-09-02,28.47,28.7,27.91,28.69,28.62,0.07,0.24,4399.83,12428.743
600519.SH,2004-09-03,28.5,28.71,28.1,28.67,28.69,-0.02,-0.07,2729.64,7734.124
600519.SH,2004-09-06,28.33,28.8,28.33,28.71,28.67,0.04,0.14,2327.13,6677.838
600519.SH,2004-09-07,28.97,29.12,28.8,29.0,28.71,0.29,1.01,2635.4,7621.058
600519.SH,2004-09-08,29.07,29.6,29.02,29.54,29.0,0.54,1.86,4696.34,13766.558
600519.SH,2004-09-09,29.55,30.0,29.35,29.66,29.54,0.12,0.41,10208.81,30324.405
600519.SH,2004-09-10,29.6,29.8,29.3,29.68,29.66,0.02,0.07,2206.35,6519.369
600519.SH,2004-09-13,29.68,29.68,29.0,29.4,29.68,-0.28,-0.94,3242.88,9459.18
600519.SH,2004-09-14,29.4,30.0,29.0,29.84,29.4,0.44,1.5,6125.94,18071.359
600519.SH,2004-09-15,29.78,31.19,29.62,31.15,29.84,1.31,4.39,11409.58,35117.697
600519.SH,2004-09-16,31.1,32.0,31.0,31.63,31.15,0.48,1.54,11471.61,36213.781
600519.SH,2004-09-17,31.77,32.41,31.11,32.3,31.63,0.67,2.12,13196.89,42076.514
600519.SH,2004-09-20,32.55,33.0,32.21,32.69,32.3,0.39,1.21,12021.66,39168.091
600519.SH,2004-09-21,32.09,32.98,32.09,32.3,32.69,-0.39,-1.19,8374.13,27222.818
600519.SH,2004-09-22,32.03,32.49,32.03,32.16,32.3,-0.14,-0.43,4348.12,13965.168
600519.SH,2004-09-23,32.11,33.52,32.11,33.42,32.16,1.26,3.92,17667.48,58219.692
600519.SH,2004-09-24,33.6,35.89,33.6,34.49,33.42,1.07,3.2,30981.37,108295.826
600519.SH,2004-09-27,34.95,35.98,34.5,34.93,34.49,0.44,1.28,6066.63,21339.456
600519.SH,2004-09-28,34.89,35.97,34.8,35.8,34.93,0.87,2.49,6740.55,23948.625
600519.SH,2004-09-29,35.8,36.18,35.4,35.54,35.8,-0.26,-0.73,13628.42,48864.987
600519.SH,2004-09-30,35.5,36.08,34.55,35.97,35.54,0.43,1.21,7366.47,26230.672
600519.SH,2004-10-08,35.49,36.55,35.01,36.51,35.97,0.54,1.5,9667.84,34809.243
600519.SH,2004-10-11,36.55,38.12,36.55,37.17,36.51,0.66,1.81,10197.76,38270.567
600519.SH,2004-10-12,36.9,36.9,35.6,36.03,37.17,-1.14,-3.07,7452.22,26810.8
600519.SH,2004-10-13,35.73,35.95,35.11,35.69,36.03,-0.34,-0.94,6645.17,23571.291
600519.SH,2004-10-14,35.7,36.88,35.18,35.37,35.69,-0.32,-0.9,6479.14,23199.283
600519.SH,2004-10-15,35.0,36.0,34.66,35.35,35.37,-0.02,-0.06,5121.54,18189.199
600519.SH,2004-10-18,35.29,35.32,34.65,34.86,35.35,-0.49,-1.39,2336.87,8190.572
600519.SH,2004-10-19,34.8,36.2,34.7,35.98,34.86,1.12,3.21,10583.64,37755.969
600519.SH,2004-10-20,36.0,37.51,35.81,36.68,35.98,0.7,1.95,15933.84,58326.643
600519.SH,2004-10-21,36.55,37.5,35.8,37.07,36.68,0.39,1.06,5996.03,22003.54
600519.SH,2004-10-22,37.03,39.41,37.0,39.15,37.07,2.08,5.61,18161.45,70151.234
600519.SH,2004-10-25,39.5,40.3,39.12,39.46,39.15,0.31,0.79,15601.78,61900.269
600519.SH,2004-10-26,39.18,39.88,38.7,39.8,39.46,0.34,0.86,4973.47,19618.432
600519.SH,2004-10-27,39.84,40.6,39.32,39.4,39.8,-0.4,-1.01,11878.04,47630.068
600519.SH,2004-10-28,39.1,39.66,38.62,39.0,39.4,-0.4,-1.02,9338.2,36495.905
600519.SH,2004-10-29,38.01,39.3,38.01,38.96,39.0,-0.04,-0.1,14363.14,55678.746
600519.SH,2004-11-01,38.58,39.57,38.52,39.38,38.96,0.42,1.08,3673.18,14302.88
600519.SH,2004-11-02,39.0,39.1,38.1,39.09,39.38,-0.29,-0.74,3356.02,12926.156
600519.SH,2004-11-03,39.0,39.2,38.4,38.93,39.09,-0.16,-0.41,7615.86,29484.721
600519.SH,2004-11-04,38.6,39.0,38.16,38.31,38.93,-0.62,-1.59,6785.67,26198.028
600519.SH,2004-11-05,38.05,38.05,35.99,36.52,38.31,-1.79,-4.67,25994.09,95080.945
600519.SH,2004-11-08,36.5,37.0,36.02,36.97,36.52,0.45,1.23,3585.53,13062.547
600519.SH,2004-11-09,37.3,38.3,36.95,38.29,36.97,1.32,3.57,7314.79,27801.916
600519.SH,2004-11-10,38.0,39.83,38.0,39.45,38.29,1.16,3.03,11288.62,44436.007
600519.SH,2004-11-11,39.4,39.8,38.8,38.8,39.45,-0.65,-1.65,8330.13,32780.357
600519.SH,2004-11-12,38.68,39.1,38.27,38.5,38.8,-0.3,-0.77,5667.94,21837.428
600519.SH,2004-11-15,38.51,38.8,37.6,38.76,38.5,0.26,0.68,8947.76,34292.416
600519.SH,2004-11-16,38.5,38.76,38.0,38.0,38.76,-0.76,-1.96,3298.47,12563.653
600519.SH,2004-11-17,38.0,38.21,37.7,38.0,38.0,0.0,0.0,8032.72,30415.917
600519.SH,2004-11-18,37.98,38.25,37.55,37.98,38.0,-0.02,-0.05,2624.16,9967.008
600519.SH,2004-11-19,38.01,38.01,37.7,37.91,37.98,-0.07,-0.18,3196.34,12098.84
600519.SH,2004-11-22,37.81,37.9,37.1,37.4,37.91,-0.51,-1.35,6429.08,24094.05
600519.SH,2004-11-23,37.25,37.59,36.8,36.87,37.4,-0.53,-1.42,6155.9,22797.433
600519.SH,2004-11-24,36.79,37.2,36.5,36.55,36.87,-0.32,-0.87,4292.06,15819.097
600519.SH,2004-11-25,36.41,38.08,36.41,37.63,36.55,1.08,2.95,5924.14,22286.271
600519.SH,2004-11-26,37.62,37.96,37.3,37.61,37.63,-0.02,-0.05,1974.01,7411.584
600519.SH,2004-11-29,37.65,38.56,37.6,38.09,37.61,0.48,1.28,5442.53,20728.652
600519.SH,2004-11-30,37.33,38.0,37.0,37.05,38.09,-1.04,-2.73,1618.3,6026.605
600519.SH,2004-12-01,37.51,37.51,36.8,36.99,37.05,-0.06,-0.16,784.9,2900.938
600519.SH,2004-12-02,37.2,37.2,36.5,37.0,36.99,0.01,0.03,3985.28,14671.547
600519.SH,2004-12-03,36.8,37.09,36.6,36.74,37.0,-0.26,-0.7,626.24,2303.971
600519.SH,2004-12-06,37.0,37.0,36.51,36.69,36.74,-0.05,-0.14,1111.17,4068.796
600519.SH,2004-12-07,36.52,37.1,36.51,36.78,36.69,0.09,0.25,1899.08,6998.528
600519.SH,2004-12-08,37.0,37.17,36.5,36.81,36.78,0.03,0.08,10290.83,37575.758
600519.SH,2004-12-09,36.81,37.5,36.58,36.59,36.81,-0.22,-0.6,11349.04,41890.865
600519.SH,2004-12-10,36.66,37.01,36.63,37.0,36.59,0.41,1.12,897.03,3311.205
600519.SH,2004-12-13,36.6,37.2,36.6,37.1,37.0,0.1,0.27,2208.32,8189.873
600519.SH,2004-12-14,37.0,37.1,36.78,36.78,37.1,-0.32,-0.86,1245.44,4601.617
600519.SH,2004-12-15,36.58,37.08,36.5,36.51,36.78,-0.27,-0.73,10969.73,40055.481
600519.SH,2004-12-16,36.5,36.88,36.3,36.76,36.51,0.25,0.68,11500.03,42361.519
600519.SH,2004-12-17,36.5,36.55,36.07,36.2,36.76,-0.56,-1.52,1049.03,3805.636
600519.SH,2004-12-20,36.0,36.5,34.82,34.9,36.2,-1.3,-3.59,2459.3,8749.161
600519.SH,2004-12-21,35.0,35.4,34.66,34.73,34.9,-0.17,-0.49,2198.68,7700.17
600519.SH,2004-12-22,34.67,35.35,34.18,35.3,34.73,0.57,1.64,3168.54,11055.083
600519.SH,2004-12-23,35.3,35.77,35.2,35.2,35.3,-0.1,-0.28,6883.48,24351.861
600519.SH,2004-12-24,35.0,35.85,35.0,35.5,35.2,0.3,0.85,4469.59,15920.008
600519.SH,2004-12-27,35.5,36.07,35.5,36.0,35.5,0.5,1.41,1570.84,5614.076
600519.SH,2004-12-28,35.5,36.93,35.5,36.67,36.0,0.67,1.86,2924.12,10655.265
600519.SH,2004-12-29,36.99,37.48,36.67,37.28,36.67,0.61,1.66,5654.78,21025.179
600519.SH,2004-12-30,36.9,37.25,36.33,36.81,37.28,-0.47,-1.26,3345.0,12358.921
600519.SH,2004-12-31,36.7,37.7,36.08,36.64,36.81,-0.17,-0.46,5869.9,21514.898
600519.SH,2005-01-04,36.4,36.8,36.0,36.45,36.64,-0.19,-0.52,2348.81,8566.179
600519.SH,2005-01-05,36.4,37.28,36.23,37.24,36.45,0.79,2.17,6139.33,22582.4
600519.SH,2005-01-06,37.0,37.1,36.5,36.6,37.24,-0.64,-1.72,5523.72,20282.548
600519.SH,2005-01-07,36.5,37.2,36.5,36.9,36.6,0.3,0.82,3002.74,11115.44
600519.SH,2005-01-10,36.9,38.3,36.9,38.25,36.9,1.35,3.66,10718.11,40597.723
600519.SH,2005-01-11,38.26,38.6,38.2,38.3,38.25,0.05,0.13,5003.56,19240.403
600519.SH,2005-01-12,38.28,38.45,37.88,38.4,38.3,0.1,0.26,3389.03,12949.338
600519.SH,2005-01-13,38.1,38.85,38.1,38.62,38.4,0.22,0.57,2883.83,11159.242
600519.SH,2005-01-14,38.45,38.7,37.7,37.92,38.62,-0.7,-1.81,3338.47,12691.131
600519.SH,2005-01-17,37.45,38.18,37.11,37.9,37.92,-0.02,-0.05,1812.39,6845.213
600519.SH,2005-01-18,37.9,38.5,37.7,38.5,37.9,0.6,1.58,2638.2,10016.326
600519.SH,2005-01-19,38.0,38.88,37.9,37.92,38.5,-0.58,-1.51,2652.0,10180.585
600519.SH,2005-01-20,37.84,37.99,37.5,37.91,37.92,-0.01,-0.03,974.05,3670.093
600519.SH,2005-01-21,37.6,38.0,36.5,37.9,37.91,-0.01,-0.03,3177.36,11879.307
600519.SH,2005-01-24,37.95,38.59,37.68,38.26,37.9,0.36,0.95,4173.4,15943.177
600519.SH,2005-01-25,38.5,39.5,38.15,39.39,38.26,1.13,2.95,5816.65,22704.867
600519.SH,2005-01-26,39.45,39.8,38.98,39.39,39.39,0.0,0.0,3734.98,14767.52
600519.SH,2005-01-27,39.09,39.45,39.09,39.22,39.39,-0.17,-0.43,1021.62,4007.784
600519.SH,2005-01-28,39.22,39.22,38.61,39.09,39.22,-0.13,-0.33,1341.23,5226.481
600519.SH,2005-01-31,38.6,39.4,38.6,39.36,39.09,0.27,0.69,1165.07,4552.532
600519.SH,2005-02-01,39.0,39.3,38.67,39.0,39.36,-0.36,-0.91,4002.6,15598.247
600519.SH,2005-02-02,38.91,39.98,38.91,39.85,39.0,0.85,2.18,5378.17,21280.023
600519.SH,2005-02-03,39.85,39.85,39.0,39.35,39.85,-0.5,-1.25,4442.64,17455.936
600519.SH,2005-02-04,39.39,39.85,39.0,39.66,39.35,0.31,0.79,4008.38,15785.371
600519.SH,2005-02-16,39.98,40.0,39.6,39.82,39.66,0.16,0.4,4440.63,17660.778
600519.SH,2005-02-17,39.95,39.95,38.8,39.02,39.82,-0.8,-2.01,11591.68,45296.879
600519.SH,2005-02-18,38.86,39.3,38.86,39.26,39.02,0.24,0.62,9595.49,37550.338
600519.SH,2005-02-21,39.28,40.5,39.27,40.3,39.26,1.04,2.65,10629.98,42401.501
600519.SH,2005-02-22,40.3,40.5,40.0,40.39,40.3,0.09,0.22,5629.02,22687.067
600519.SH,2005-02-23,40.48,41.5,40.16,41.42,40.39,1.03,2.55,5647.06,23056.177
600519.SH,2005-02-24,41.3,43.15,41.01,43.0,41.42,1.58,3.81,9447.26,40046.102
600519.SH,2005-02-25,43.25,43.25,42.53,42.98,43.0,-0.02,-0.05,5990.53,25777.149
600519.SH,2005-02-28,42.98,44.26,42.68,43.5,42.98,0.52,1.21,4483.44,19453.353
600519.SH,2005-03-01,43.9,43.9,42.8,43.47,43.5,-0.03,-0.07,5506.09,23670.511
600519.SH,2005-03-02,42.88,43.39,42.5,42.51,43.47,-0.96,-2.21,11396.74,48820.913
600519.SH,2005-03-03,42.28,42.98,42.2,42.78,42.51,0.27,0.64,3429.85,14586.728
600519.SH,2005-03-04,42.43,43.4,42.43,43.2,42.78,0.42,0.98,4364.96,18804.824
600519.SH,2005-03-07,43.25,45.0,43.25,44.65,43.2,1.45,3.36,10222.84,45290.496
600519.SH,2005-03-08,45.0,45.38,44.31,45.26,44.65,0.61,1.37,6585.54,29575.338
600519.SH,2005-03-09,45.6,46.78,45.3,46.08,45.26,0.82,1.81,4713.03,21694.338
600519.SH,2005-03-10,47.0,47.0,44.3,45.62,46.08,-0.46,-1.0,4726.21,21498.741
600519.SH,2005-03-11,45.6,46.78,44.7,46.38,45.62,0.76,1.67,9362.31,42521.284
600519.SH,2005-03-14,45.8,48.9,45.6,47.32,46.38,0.94,2.03,10378.97,48987.452
600519.SH,2005-03-15,47.3,47.55,46.6,46.88,47.32,-0.44,-0.93,5783.03,27220.784
600519.SH,2005-03-16,46.5,47.0,45.95,46.88,46.88,0.0,0.0,6829.64,31720.439
600519.SH,2005-03-17,46.7,48.29,46.2,47.49,46.88,0.61,1.3,5015.69,23726.912
600519.SH,2005-03-18,47.49,47.6,46.5,47.14,47.49,-0.35,-0.74,2405.49,11319.532
600519.SH,2005-03-21,47.0,47.45,46.0,47.0,47.14,-0.14,-0.3,2701.26,12692.125
600519.SH,2005-03-22,47.0,49.38,46.8,48.78,47.0,1.78,3.79,12259.2,59468.831
600519.SH,2005-03-23,48.9,50.2,48.74,49.03,48.78,0.25,0.51,12551.23,62550.272
600519.SH,2005-03-24,49.0,49.15,46.5,47.02,49.03,-2.01,-4.1,9162.67,43515.225
600519.SH,2005-03-25,47.0,47.9,46.22,47.28,47.02,0.26,0.55,2329.46,10960.985
600519.SH,2005-03-28,47.3,49.38,47.0,49.09,47.28,1.81,3.83,2428.51,11802.982
600519.SH,2005-03-29,49.09,49.9,48.0,48.11,49.09,-0.98,-2.0,2448.56,11989.719
600519.SH,2005-03-30,48.0,48.0,47.1,47.37,48.11,-0.74,-1.54,2480.4,11744.62
600519.SH,2005-03-31,47.02,48.2,46.8,48.11,47.37,0.74,1.56,1507.18,7129.716
600519.SH,2005-04-01,48.08,50.1,48.0,48.97,48.11,0.86,1.79,3410.85,16774.374
600519.SH,2005-04-04,48.97,50.09,48.45,49.94,48.97,0.97,1.98,5427.51,26985.512
600519.SH,2005-04-05,50.2,50.99,49.7,49.95,49.94,0.01,0.02,4902.33,24660.016
600519.SH,2005-04-06,50.17,51.29,49.59,51.16,49.95,1.21,2.42,5674.88,28795.816
600519.SH,2005-04-07,51.2,52.49,50.0,50.08,51.16,-1.08,-2.11,12437.52,64340.829
600519.SH,2005-04-08,50.08,50.08,48.31,49.9,50.08,-0.18,-0.36,4505.13,22165.004
600519.SH,2005-04-11,49.8,49.8,47.7,48.2,49.9,-1.7,-3.41,9126.19,44306.742
600519.SH,2005-04-12,48.22,48.3,47.35,47.57,48.2,-0.63,-1.31,1994.91,9516.181
600519.SH,2005-04-13,48.3,49.39,48.0,48.89,47.57,1.32,2.77,8689.12,42332.154
600519.SH,2005-04-14,48.9,49.18,48.1,48.99,48.89,0.1,0.2,1914.6,9295.179
600519.SH,2005-04-15,49.5,49.5,48.5,48.8,48.99,-0.19,-0.39,1635.59,7963.442
600519.SH,2005-04-18,48.68,48.7,47.52,47.56,48.8,-1.24,-2.54,2957.45,14168.64
600519.SH,2005-04-19,47.5,47.78,46.4,46.5,47.56,-1.06,-2.23,7807.95,36608.85
600519.SH,2005-04-20,46.48,46.99,46.32,46.84,46.5,0.34,0.73,5357.62,24960.623
600519.SH,2005-04-21,46.6,48.5,46.5,48.27,46.84,1.43,3.05,2808.96,13403.617
600519.SH,2005-04-22,48.33,48.74,47.9,48.12,48.27,-0.15,-0.31,3520.43,16950.065
600519.SH,2005-04-25,49.1,52.5,48.61,52.0,48.12,3.88,8.06,12704.37,65092.003
600519.SH,2005-04-26,51.99,53.53,51.8,52.27,52.0,0.27,0.52,13609.23,71600.714
600519.SH,2005-04-27,51.88,53.12,51.81,52.82,52.27,0.55,1.05,7472.7,39437.614
600519.SH,2005-04-28,52.82,53.5,52.23,53.0,52.82,0.18,0.34,8521.21,45118.705
600519.SH,2005-04-29,52.3,53.15,52.01,53.0,53.0,0.0,0.0,6825.03,35950.86
600519.SH,2005-05-09,52.5,52.95,51.31,51.52,53.0,-1.48,-2.79,7655.75,39655.697
600519.SH,2005-05-10,51.0,51.3,49.8,50.66,51.52,-0.86,-1.67,6446.94,32384.041
600519.SH,2005-05-11,50.7,50.7,49.2,49.35,50.66,-1.31,-2.59,6784.91,33782.884
600519.SH,2005-05-12,48.5,50.47,48.05,48.9,49.35,-0.45,-0.91,14250.51,69749.251
600519.SH,2005-05-13,48.51,49.89,47.99,48.72,48.9,-0.18,-0.37,15076.69,73784.829
600519.SH,2005-05-16,48.48,49.3,48.18,48.9,48.72,0.18,0.37,2596.41,12703.148
600519.SH,2005-05-17,49.0,50.1,48.9,49.65,48.9,0.75,1.53,7724.52,38326.325
600519.SH,2005-05-18,49.89,49.9,46.52,48.0,49.65,-1.65,-3.32,9678.09,46208.05
600519.SH,2005-05-19,48.0,49.65,47.05,49.17,48.0,1.17,2.44,5123.32,25028.891
600519.SH,2005-05-20,49.01,50.14,49.01,49.15,49.17,-0.02,-0.04,5845.02,29146.429
600519.SH,2005-05-23,49.01,49.89,48.0,48.39,49.15,-0.76,-1.55,2614.57,12730.239
600519.SH,2005-05-24,48.39,48.65,48.06,48.16,48.39,-0.23,-0.48,1379.17,6674.005
600519.SH,2005-05-25,48.06,48.1,47.6,47.8,48.16,-0.36,-0.75,3208.33,15348.058
600519.SH,2005-05-26,47.9,48.01,45.8,46.05,47.8,-1.75,-3.66,10634.27,49432.691
600519.SH,2005-05-27,45.5,45.9,44.15,44.8,46.05,-1.25,-2.71,15949.79,71377.627
600519.SH,2005-05-30,44.0,45.2,43.31,44.7,44.8,-0.1,-0.22,9034.73,40352.669
600519.SH,2005-05-31,44.65,45.2,44.28,44.57,44.7,-0.13,-0.29,11879.76,53080.356
600519.SH,2005-06-01,44.6,45.0,43.55,44.7,44.57,0.13,0.29,8658.43,38201.051
600519.SH,2005-06-02,44.5,44.5,40.5,41.1,44.7,-3.6,-8.05,25297.74,105700.729
600519.SH,2005-06-03,40.5,42.5,39.62,42.19,41.1,1.09,2.65,7146.69,29143.703
600519.SH,2005-06-06,41.83,44.8,41.33,44.64,42.19,2.45,5.81,4213.56,18349.446
600519.SH,2005-06-07,44.95,46.2,44.66,45.24,44.64,0.6,1.34,5989.46,27080.944
600519.SH,2005-06-08,44.8,49.74,44.8,49.41,45.24,4.17,9.22,11039.1,52789.496
600519.SH,2005-06-09,49.3,50.18,48.0,48.33,49.41,-1.08,-2.19,7770.0,38204.045
600519.SH,2005-06-10,48.12,48.87,46.6,47.02,48.33,-1.31,-2.71,4165.09,19681.14
600519.SH,2005-06-13,47.15,48.0,46.55,47.23,47.02,0.21,0.45,7069.73,33389.071
600519.SH,2005-06-14,47.0,48.47,47.0,47.67,47.23,0.44,0.93,7271.49,34530.651
600519.SH,2005-06-15,47.11,48.0,47.1,47.63,47.67,-0.04,-0.08,1596.77,7599.37
600519.SH,2005-06-16,47.7,48.51,47.5,48.49,47.63,0.86,1.81,5931.53,28452.404
600519.SH,2005-06-17,48.5,49.0,47.62,48.5,48.49,0.01,0.02,3262.99,15703.945
600519.SH,2005-06-20,49.0,53.1,48.5,51.8,48.5,3.3,6.8,12368.89,62906.075
600519.SH,2005-06-21,51.49,51.99,50.56,50.82,51.8,-0.98,-1.89,2597.92,13347.957
600519.SH,2005-06-22,50.8,52.5,50.79,52.31,50.82,1.49,2.93,6121.74,31728.393
600519.SH,2005-06-23,52.28,52.57,51.69,52.09,52.31,-0.22,-0.42,5276.45,27503.937
600519.SH,2005-06-24,51.66,52.6,49.1,52.51,52.09,0.42,0.81,6150.49,31786.457
600519.SH,2005-06-27,52.8,54.94,52.4,54.85,52.51,2.34,4.46,10824.23,58344.425
600519.SH,2005-06-28,54.0,54.49,53.02,53.4,54.85,-1.45,-2.64,3766.36,20129.464
600519.SH,2005-06-30,53.0,54.35,53.0,53.65,53.4,0.25,0.47,12778.17,68740.725
600519.SH,2005-07-01,54.99,54.99,51.21,52.36,53.65,-1.29,-2.4,6104.31,32182.036
600519.SH,2005-07-04,52.0,52.8,51.52,52.29,52.36,-0.07,-0.13,3018.51,15730.157
600519.SH,2005-07-05,52.0,52.0,51.56,51.97,52.29,-0.32,-0.61,2248.38,11662.288
600519.SH,2005-07-06,51.75,52.0,50.0,50.31,51.97,-1.66,-3.19,6316.76,32226.601
600519.SH,2005-07-07,50.0,50.96,49.66,50.51,50.31,0.2,0.4,5785.32,29052.55
600519.SH,2005-07-08,50.16,52.2,50.16,51.9,50.51,1.39,2.75,6930.76,35940.472
600519.SH,2005-07-11,52.0,53.1,51.76,51.96,51.9,0.06,0.12,6562.77,34538.17
600519.SH,2005-07-12,51.87,53.7,51.24,53.5,51.96,1.54,2.96,5712.43,30210.107
600519.SH,2005-07-13,53.39,53.48,50.5,52.5,53.5,-1.0,-1.87,3857.96,19981.575
600519.SH,2005-07-14,52.0,52.98,51.97,52.9,52.5,0.4,0.76,2012.66,10624.551
600519.SH,2005-07-15,52.51,53.28,52.51,52.99,52.9,0.09,0.17,1002.9,5300.561
600519.SH,2005-07-18,52.95,53.2,52.56,52.7,52.99,-0.29,-0.55,1564.07,8258.01
600519.SH,2005-07-19,52.68,53.37,52.6,52.95,52.7,0.25,0.47,1325.4,7015.76
600519.SH,2005-07-20,52.94,52.97,51.92,52.11,52.95,-0.84,-1.59,3012.29,15767.931
600519.SH,2005-07-21,52.11,52.56,51.3,51.98,52.11,-0.13,-0.25,2536.82,13127.981
600519.SH,2005-07-22,52.0,52.87,51.58,52.07,51.98,0.09,0.17,6095.96,31708.848
600519.SH,2005-07-25,52.01,52.28,51.08,51.36,52.07,-0.71,-1.36,6961.89,35971.529
600519.SH,2005-07-26,51.0,52.08,51.0,51.79,51.36,0.43,0.84,8008.24,41433.496
600519.SH,2005-07-27,52.28,53.2,52.0,52.87,51.79,1.08,2.09,5369.82,28350.004
600519.SH,2005-07-28,52.88,53.48,52.53,53.3,52.87,0.43,0.81,8592.52,45732.284
600519.SH,2005-07-29,53.02,53.5,53.0,53.16,53.3,-0.14,-0.26,2425.18,12951.117
600519.SH,2005-08-01,53.24,53.8,53.0,53.58,53.16,0.42,0.79,3840.3,20465.514
600519.SH,2005-08-02,53.53,53.7,52.75,53.38,53.58,-0.2,-0.37,4262.87,22676.468
600519.SH,2005-08-03,53.2,53.7,53.0,53.59,53.38,0.21,0.39,8184.21,43619.808
600519.SH,2005-08-04,53.69,55.8,53.69,55.51,53.59,1.92,3.58,10560.44,58044.426
600519.SH,2005-08-05,46.66,47.46,46.0,46.65,45.84,0.81,1.77,6365.16,29678.263
600519.SH,2005-08-08,46.7,46.98,44.8,46.11,46.65,-0.54,-1.16,8545.55,39434.837
600519.SH,2005-08-09,46.0,46.0,45.11,45.44,46.11,-0.67,-1.45,5841.98,26540.331
600519.SH,2005-08-10,45.12,46.5,45.12,46.17,45.44,0.73,1.61,5800.27,26665.195
600519.SH,2005-08-11,46.01,47.4,46.01,47.37,46.17,1.2,2.6,13593.6,63589.532
600519.SH,2005-08-12,47.37,47.4,46.37,47.02,47.37,-0.35,-0.74,4715.45,22081.209
600519.SH,2005-08-15,46.89,48.59,46.0,47.99,47.02,0.97,2.06,7020.4,32711.316
600519.SH,2005-08-16,47.99,47.99,46.94,47.48,47.99,-0.51,-1.06,5751.51,27203.993
600519.SH,2005-08-17,49.69,52.23,46.5,48.82,47.48,1.34,2.82,12506.74,60400.828
600519.SH,2005-08-18,49.5,49.8,47.0,47.09,48.82,-1.73,-3.54,10989.09,52638.476
600519.SH,2005-08-19,46.88,47.44,46.68,47.09,47.09,0.0,0.0,4972.71,23314.587
600519.SH,2005-08-22,46.98,47.81,46.5,47.5,47.09,0.41,0.87,6929.87,32877.617
600519.SH,2005-08-23,47.2,48.06,47.2,48.01,47.5,0.51,1.07,4786.0,22825.313
600519.SH,2005-08-24,48.0,48.2,47.56,47.95,48.01,-0.06,-0.13,3214.12,15394.347
600519.SH,2005-08-25,47.96,48.08,47.6,47.95,47.95,0.0,0.0,3540.08,16937.359
600519.SH,2005-08-26,47.71,48.75,47.71,48.42,47.95,0.47,0.98,4582.41,22162.003
600519.SH,2005-08-29,48.5,48.88,48.4,48.69,48.42,0.27,0.56,5128.3,24984.384
600519.SH,2005-08-30,48.6,48.85,48.1,48.38,48.69,-0.31,-0.64,2453.26,11883.761
600519.SH,2005-08-31,48.1,48.98,48.01,48.86,48.38,0.48,0.99,2394.34,11660.189
600519.SH,2005-09-01,48.76,50.32,48.76,50.0,48.86,1.14,2.33,5487.26,27342.423
600519.SH,2005-09-02,49.8,51.15,49.8,50.56,50.0,0.56,1.12,4998.16,25226.079
600519.SH,2005-09-05,50.5,51.58,50.5,50.95,50.56,0.39,0.77,3910.58,19986.278
600519.SH,2005-09-06,50.96,51.29,50.0,50.1,50.95,-0.85,-1.67,3194.83,16132.458
600519.SH,2005-09-07,50.09,50.66,50.01,50.54,50.1,0.44,0.88,5186.27,26062.481
600519.SH,2005-09-08,50.54,50.54,49.71,50.03,50.54,-0.51,-1.01,6307.52,31589.421
600519.SH,2005-09-09,50.03,50.05,49.0,49.8,50.03,-0.23,-0.46,4254.47,21034.934
600519.SH,2005-09-12,49.8,49.8,48.83,49.61,49.8,-0.19,-0.38,1595.47,7856.513
600519.SH,2005-09-13,49.3,50.8,49.3,50.79,49.61,1.18,2.38,4901.15,24688.592
600519.SH,2005-09-14,50.7,51.2,50.1,50.86,50.79,0.07,0.14,3299.47,16772.02
600519.SH,2005-09-15,50.76,51.34,50.36,50.74,50.86,-0.12,-0.24,1740.66,8846.89
600519.SH,2005-09-16,50.63,51.18,50.63,50.97,50.74,0.23,0.45,3217.33,16398.35
600519.SH,2005-09-19,50.6,51.38,50.38,50.48,50.97,-0.49,-0.96,2040.25,10355.074
600519.SH,2005-09-20,50.55,50.55,50.2,50.46,50.48,-0.02,-0.04,1795.22,9041.752
600519.SH,2005-09-21,50.08,50.6,49.49,49.69,50.46,-0.77,-1.53,2949.27,14686.809
600519.SH,2005-09-22,49.38,49.98,48.18,49.05,49.69,-0.64,-1.29,3358.26,16372.929
600519.SH,2005-09-23,48.89,49.49,48.35,48.92,49.05,-0.13,-0.27,3064.46,15048.364
600519.SH,2005-09-26,48.95,49.35,48.5,48.58,48.92,-0.34,-0.7,1766.6,8657.47
600519.SH,2005-09-27,48.55,48.75,48.15,48.25,48.58,-0.33,-0.68,1709.21,8278.85
600519.SH,2005-09-28,48.02,48.99,48.02,48.77,48.25,0.52,1.08,2336.95,11331.85
600519.SH,2005-09-29,48.95,49.8,48.81,49.7,48.77,0.93,1.91,2084.96,10308.512
600519.SH,2005-09-30,49.7,49.7,48.5,49.46,49.7,-0.24,-0.48,3324.15,16352.331
600519.SH,2005-10-10,49.08,49.7,48.6,48.64,49.46,-0.82,-1.66,2647.95,12946.8
600519.SH,2005-10-11,48.5,48.96,48.22,48.84,48.64,0.2,0.41,1359.09,6622.928
600519.SH,2005-10-12,49.0,49.0,47.42,47.51,48.84,-1.33,-2.72,8327.95,39835.259
600519.SH,2005-10-13,47.55,47.91,46.72,47.09,47.51,-0.42,-0.88,10907.53,51553.349
600519.SH,2005-10-14,46.98,47.45,45.3,45.54,47.09,-1.55,-3.29,4942.58,22786.107
600519.SH,2005-10-17,45.15,46.5,44.89,45.71,45.54,0.17,0.37,9468.38,43391.916
600519.SH,2005-10-18,45.7,46.9,45.7,46.9,45.71,1.19,2.6,9642.18,44960.711
600519.SH,2005-10-19,47.09,47.45,46.47,46.9,46.9,0.0,0.0,7924.51,37063.755
600519.SH,2005-10-20,46.72,47.1,46.05,46.23,46.9,-0.67,-1.43,5721.62,26662.088
600519.SH,2005-10-21,46.1,46.45,46.0,46.3,46.23,0.07,0.15,3395.38,15694.623
600519.SH,2005-10-24,46.2,47.15,46.2,47.05,46.3,0.75,1.62,4444.67,20771.238
600519.SH,2005-10-25,47.33,47.8,47.3,47.64,47.05,0.59,1.25,11594.86,55177.336
600519.SH,2005-10-26,47.62,47.74,47.3,47.58,47.64,-0.06,-0.13,9635.79,45847.901
600519.SH,2005-10-27,47.54,47.54,46.55,46.97,47.58,-0.61,-1.28,9748.15,45785.21
600519.SH,2005-10-28,46.98,48.1,46.98,47.56,46.97,0.59,1.26,6982.31,33237.651
600519.SH,2005-10-31,47.49,48.8,47.11,48.19,47.56,0.63,1.32,6685.72,32099.219
600519.SH,2005-11-01,48.39,48.55,47.82,48.3,48.19,0.11,0.23,8542.88,41028.115
600519.SH,2005-11-02,48.0,48.55,47.58,48.16,48.3,-0.14,-0.29,2766.09,13366.082
600519.SH,2005-11-03,48.39,48.45,47.2,47.21,48.16,-0.95,-1.97,2539.7,12120.721
600519.SH,2005-11-04,47.22,47.6,46.39,47.25,47.21,0.04,0.08,4895.62,22899.009
600519.SH,2005-11-07,46.51,47.0,46.4,46.93,47.25,-0.32,-0.68,2475.17,11545.343
600519.SH,2005-11-08,46.92,47.03,46.86,46.93,46.93,0.0,0.0,6077.3,28543.068
600519.SH,2005-11-09,47.18,47.5,46.51,46.72,46.93,-0.21,-0.45,6020.73,28203.162
600519.SH,2005-11-10,46.9,46.9,46.16,46.63,46.72,-0.09,-0.19,3950.13,18352.311
600519.SH,2005-11-11,46.22,46.64,45.99,46.38,46.63,-0.25,-0.54,2926.91,13501.333
600519.SH,2005-11-14,46.06,46.3,45.55,45.6,46.38,-0.78,-1.68,2162.89,9877.96
600519.SH,2005-11-15,45.75,45.88,45.4,45.4,45.6,-0.2,-0.44,7767.6,35512.394
600519.SH,2005-11-16,45.38,45.96,45.0,45.89,45.4,0.49,1.08,7248.56,33007.959
600519.SH,2005-11-17,45.8,45.86,43.19,44.96,45.89,-0.93,-2.03,11008.02,49497.15
600519.SH,2005-11-18,45.0,45.8,44.01,45.3,44.96,0.34,0.76,6941.23,31397.165
600519.SH,2005-11-21,45.0,45.75,44.8,45.65,45.3,0.35,0.77,4575.17,20639.36
600519.SH,2005-11-22,45.45,46.58,44.5,46.14,45.65,0.49,1.07,3538.81,16131.067
600519.SH,2005-11-23,45.72,46.4,45.6,46.26,46.14,0.12,0.26,1371.41,6306.488
600519.SH,2005-11-24,46.0,46.0,45.0,45.37,46.26,-0.89,-1.92,10882.95,49193.081
600519.SH,2005-11-25,45.1,45.6,44.88,45.53,45.37,0.16,0.35,3913.87,17618.489
600519.SH,2005-11-28,45.47,45.68,44.5,45.46,45.53,-0.07,-0.15,1523.78,6903.246
600519.SH,2005-11-29,45.45,45.68,43.0,44.39,45.46,-1.07,-2.35,2488.8,11117.104
600519.SH,2005-11-30,44.0,44.16,42.9,43.74,44.39,-0.65,-1.46,6508.2,28172.021
600519.SH,2005-12-01,43.49,43.85,43.21,43.3,43.74,-0.44,-1.01,5354.24,23266.367
600519.SH,2005-12-02,43.3,44.8,43.3,44.52,43.3,1.22,2.82,9633.83,42441.653
600519.SH,2005-12-05,44.52,44.65,43.64,44.17,44.52,-0.35,-0.79,2757.43,12151.492
600519.SH,2005-12-06,43.7,44.13,43.5,43.76,44.17,-0.41,-0.93,14916.67,65529.318
600519.SH,2005-12-07,43.5,44.13,43.5,43.74,43.76,-0.02,-0.05,4309.98,18878.496
600519.SH,2005-12-08,43.54,44.0,43.53,43.6,43.74,-0.14,-0.32,3657.78,16002.582
600519.SH,2005-12-09,43.7,43.7,42.8,42.88,43.6,-0.72,-1.65,15462.06,66478.204
600519.SH,2005-12-12,42.8,42.8,41.65,41.66,42.88,-1.22,-2.85,15102.2,63383.458
600519.SH,2005-12-13,41.7,41.95,40.5,41.37,41.66,-0.29,-0.7,20414.41,83729.902
600519.SH,2005-12-14,41.05,42.8,41.03,42.48,41.37,1.11,2.68,17975.93,75326.82
600519.SH,2005-12-15,42.53,42.9,42.01,42.86,42.48,0.38,0.89,5934.65,25306.079
600519.SH,2005-12-16,42.8,43.66,42.5,43.47,42.86,0.61,1.42,6670.61,28659.038
600519.SH,2005-12-19,43.5,44.08,43.25,43.85,43.47,0.38,0.87,4702.67,20587.488
600519.SH,2005-12-20,44.04,44.05,43.0,43.38,43.85,-0.47,-1.07,4540.42,19679.338
600519.SH,2005-12-21,43.1,43.6,42.72,42.96,43.38,-0.42,-0.97,4959.17,21349.222
600519.SH,2005-12-22,42.66,43.6,42.51,43.23,42.96,0.27,0.63,3340.67,14361.625
600519.SH,2005-12-23,42.91,44.2,42.9,44.08,43.23,0.85,1.97,6291.83,27434.932
600519.SH,2005-12-26,44.2,44.5,43.8,44.21,44.08,0.13,0.29,6992.35,30863.111
600519.SH,2005-12-27,44.3,44.99,44.13,44.92,44.21,0.71,1.61,7290.17,32574.56
600519.SH,2005-12-28,44.99,45.5,44.76,45.47,44.92,0.55,1.22,6250.35,28274.416
600519.SH,2005-12-29,45.5,46.8,45.5,46.77,45.47,1.3,2.86,15674.35,72783.428
600519.SH,2005-12-30,46.5,46.52,44.9,45.62,46.77,-1.15,-2.46,36647.56,167469.295
600519.SH,2006-01-04,45.4,45.4,44.11,44.28,45.62,-1.34,-2.94,35507.13,157456.208
600519.SH,2006-01-05,44.2,45.3,44.12,44.76,44.28,0.48,1.08,16992.3,75918.198
600519.SH,2006-01-06,44.8,45.45,44.35,45.23,44.76,0.47,1.05,17162.3,77233.333
600519.SH,2006-01-09,45.35,47.3,45.3,46.79,45.23,1.56,3.45,20770.8,96726.018
600519.SH,2006-01-10,47.0,47.58,46.53,46.97,46.79,0.18,0.38,17456.82,82153.545
600519.SH,2006-01-11,46.95,47.6,46.51,46.56,46.97,-0.41,-0.87,8315.15,39227.536
600519.SH,2006-01-12,46.4,47.06,46.1,47.0,46.56,0.44,0.95,9989.72,46568.064
600519.SH,2006-01-13,47.0,48.3,46.5,47.48,47.0,0.48,1.02,9936.88,47330.433
600519.SH,2006-01-16,47.78,47.9,46.51,46.55,47.48,-0.93,-1.96,7730.84,36255.138
600519.SH,2006-01-17,46.0,46.62,45.8,46.05,46.55,-0.5,-1.07,13824.7,63618.353
600519.SH,2006-01-18,46.0,46.96,46.0,46.16,46.05,0.11,0.24,9706.85,45114.697
600519.SH,2006-01-19,46.78,46.8,45.77,46.08,46.16,-0.08,-0.17,7283.03,33651.491
600519.SH,2006-01-20,46.1,46.35,45.36,45.98,46.08,-0.1,-0.22,14216.37,65092.507
600519.SH,2006-01-23,46.0,46.0,44.9,45.0,45.98,-0.98,-2.13,13286.42,59899.023
600519.SH,2006-01-24,45.01,46.28,45.0,45.51,45.0,0.51,1.13,11452.89,52535.743
600519.SH,2006-01-25,45.62,47.5,45.32,47.24,45.51,1.73,3.8,15730.73,73251.753
600519.SH,2006-02-06,47.55,47.7,46.5,47.4,47.24,0.16,0.34,15691.41,74143.388
600519.SH,2006-02-07,47.4,50.01,47.15,50.0,47.4,2.6,5.49,28665.81,140985.315
600519.SH,2006-02-08,49.67,50.09,48.88,49.84,50.0,-0.16,-0.32,22264.37,110727.36
600519.SH,2006-02-09,49.75,50.0,48.3,48.48,49.84,-1.36,-2.73,7770.3,38004.186
600519.SH,2006-02-10,48.4,53.0,48.08,52.53,48.48,4.05,8.35,31873.95,160573.342
600519.SH,2006-02-13,57.78,57.78,57.78,57.78,52.53,5.25,9.99,16966.0,98029.548
600519.SH,2006-02-15,59.5,59.5,56.8,58.09,57.78,0.31,0.54,28996.55,168845.65
600519.SH,2006-02-16,57.65,59.99,57.3,58.67,58.09,0.58,1.0,18977.5,110783.125
600519.SH,2006-02-17,58.66,58.88,58.12,58.26,58.67,-0.41,-0.7,8907.82,51929.488
600519.SH,2006-02-20,57.78,58.1,56.18,57.39,58.26,-0.87,-1.49,10843.98,62004.351
600519.SH,2006-02-21,56.88,58.55,56.88,58.54,57.39,1.15,2.0,10239.0,59431.946
600519.SH,2006-02-22,58.35,59.0,58.0,58.7,58.54,0.16,0.27,10335.1,60384.853
600519.SH,2006-02-23,58.71,62.5,58.29,62.27,58.7,3.57,6.08,11730.27,69601.18
600519.SH,2006-04-17,68.5,68.5,68.5,68.5,62.27,6.23,10.0,238.1,1630.985
600519.SH,2006-04-18,75.35,75.35,75.35,75.35,68.5,6.85,10.0,324.44,2444.655
600519.SH,2006-04-19,82.89,82.89,82.08,82.89,75.35,7.54,10.01,43967.51,364421.942
600519.SH,2006-04-20,89.98,89.98,80.05,84.03,82.89,1.14,1.38,55615.01,475176.332
600519.SH,2006-04-21,83.77,90.5,83.01,88.93,84.03,4.9,5.83,31886.09,278281.209
600519.SH,2006-04-24,89.5,91.79,87.3,89.13,88.93,0.2,0.22,36248.98,322955.394
600519.SH,2006-04-25,89.0,93.2,87.61,91.41,89.13,2.28,2.56,39704.65,357994.221
600519.SH,2006-05-25,45.0,47.0,38.1,39.59,44.97,-5.38,-11.96,198116.97,811908.674
600519.SH,2006-05-26,39.49,40.02,37.68,39.99,39.59,0.4,1.01,91801.96,360661.885
600519.SH,2006-05-29,40.0,43.99,40.0,43.99,39.99,4.0,10.0,80683.62,345986.865
600519.SH,2006-05-30,47.1,48.39,45.61,48.39,43.99,4.4,10.0,138758.54,664776.55
600519.SH,2006-05-31,48.45,51.9,46.88,48.02,48.39,-0.37,-0.76,151731.03,747411.522
600519.SH,2006-06-01,48.02,50.1,46.98,49.5,48.02,1.48,3.08,90331.67,438913.211
600519.SH,2006-06-02,49.5,49.5,46.6,47.11,49.5,-2.39,-4.83,73104.73,348052.311
600519.SH,2006-06-05,46.6,46.6,43.8,44.87,47.11,-2.24,-4.75,68747.56,308294.272
600519.SH,2006-06-06,44.23,44.23,43.0,43.05,44.87,-1.82,-4.06,56641.97,246688.992
600519.SH,2006-06-07,42.57,43.99,41.7,42.03,43.05,-1.02,-2.37,71001.13,302769.993
600519.SH,2006-06-08,41.83,43.09,41.01,42.72,42.03,0.69,1.64,58454.35,247094.039
600519.SH,2006-06-09,42.72,43.2,41.5,42.6,42.72,-0.12,-0.28,58410.82,247306.955
600519.SH,2006-06-12,42.0,45.19,41.5,45.08,42.6,2.48,5.82,71344.49,311536.764
600519.SH,2006-06-13,45.08,47.17,45.08,45.94,45.08,0.86,1.91,74829.48,347247.357
600519.SH,2006-06-14,45.5,47.2,43.5,46.8,45.94,0.86,1.87,62233.84,287725.376
600519.SH,2006-06-15,46.79,48.2,45.9,46.4,46.8,-0.4,-0.85,51311.47,242480.009
600519.SH,2006-06-16,46.39,47.3,46.2,46.74,46.4,0.34,0.73,40080.29,188160.36
600519.SH,2006-06-19,46.5,49.58,45.7,48.53,46.74,1.79,3.83,76305.89,368697.291
600519.SH,2006-06-20,48.15,48.86,47.71,48.35,48.53,-0.18,-0.37,37608.92,181973.717
600519.SH,2006-06-21,48.35,48.5,46.75,47.33,48.35,-1.02,-2.11,36323.94,172805.456
600519.SH,2006-06-22,47.0,47.48,46.7,46.77,47.33,-0.56,-1.18,23653.79,111205.968
600519.SH,2006-06-23,46.5,47.3,46.3,46.68,46.77,-0.09,-0.19,27924.08,130091.791
600519.SH,2006-06-26,46.7,48.35,46.7,47.72,46.68,1.04,2.23,47869.59,227823.194
600519.SH,2006-06-27,47.87,49.6,47.82,48.96,47.72,1.24,2.6,51466.17,252140.738
600519.SH,2006-06-28,48.86,48.86,47.6,47.85,48.96,-1.11,-2.27,26800.57,128599.786
600519.SH,2006-06-29,47.9,48.49,47.6,48.1,47.85,0.25,0.52,37191.05,178456.804
600519.SH,2006-06-30,48.25,48.75,46.8,47.44,48.1,-0.66,-1.37,39032.78,185164.398
600519.SH,2006-07-03,47.42,47.42,46.38,46.8,47.44,-0.64,-1.35,48287.74,225238.88
600519.SH,2006-07-04,46.5,47.05,45.65,47.0,46.8,0.2,0.43,52506.66,242839.931
600519.SH,2006-07-05,47.2,47.2,46.2,46.55,47.0,-0.45,-0.96,15572.63,72575.812
600519.SH,2006-07-06,46.5,47.1,46.1,46.68,46.55,0.13,0.28,22055.6,103048.532
600519.SH,2006-07-07,46.72,46.99,45.91,45.99,46.68,-0.69,-1.48,28023.63,129587.181
600519.SH,2006-07-10,45.88,45.88,44.85,45.03,45.99,-0.96,-2.09,27697.75,125019.271
600519.SH,2006-07-11,45.0,45.46,44.6,44.75,45.03,-0.28,-0.62,27214.09,122211.032
600519.SH,2006-07-12,44.7,44.75,43.55,43.99,44.75,-0.76,-1.7,33125.13,145831.734
600519.SH,2006-07-13,43.75,45.4,43.28,44.67,43.99,0.68,1.55,39424.2,175231.413
600519.SH,2006-07-14,44.2,44.75,43.62,44.57,44.67,-0.1,-0.22,18343.74,80947.648
600519.SH,2006-07-17,44.3,45.55,43.85,44.86,44.57,0.29,0.65,25684.18,115482.082
600519.SH,2006-07-18,44.82,44.86,44.03,44.32,44.86,-0.54,-1.2,15392.32,68227.611
600519.SH,2006-07-19,44.2,44.4,42.9,43.47,44.32,-0.85,-1.92,31326.98,136738.969
600519.SH,2006-07-20,43.43,44.39,42.88,44.29,43.47,0.82,1.89,19372.01,85005.958
600519.SH,2006-07-21,44.25,44.5,44.01,44.43,44.29,0.14,0.32,10759.71,47693.738
600519.SH,2006-07-24,44.1,46.87,43.8,46.21,44.43,1.78,4.01,40525.41,185467.434
600519.SH,2006-07-25,46.21,47.0,45.7,46.82,46.21,0.61,1.32,32542.13,151329.073
600519.SH,2006-07-26,46.82,47.0,45.85,46.5,46.82,-0.32,-0.68,17404.3,80947.127
600519.SH,2006-07-27,46.4,46.79,45.8,46.18,46.5,-0.32,-0.69,24515.14,113653.352
600519.SH,2006-07-28,46.0,46.09,45.25,45.5,46.18,-0.68,-1.47,22886.46,104187.953
600519.SH,2006-07-31,45.38,45.4,44.0,44.0,45.5,-1.5,-3.3,15948.07,70945.071
600519.SH,2006-08-01,44.0,45.0,43.9,44.74,44.0,0.74,1.68,13168.38,58663.703
600519.SH,2006-08-02,44.7,45.0,43.88,44.08,44.74,-0.66,-1.48,8860.22,39215.95
600519.SH,2006-08-03,44.1,44.55,42.7,42.98,44.08,-1.1,-2.5,16655.48,71947.181
600519.SH,2006-08-04,43.0,43.38,42.0,42.69,42.98,-0.29,-0.67,14793.41,63433.581
600519.SH,2006-08-07,42.25,43.39,41.08,42.36,42.69,-0.33,-0.77,14142.35,59874.589
600519.SH,2006-08-08,42.0,43.24,42.0,43.21,42.36,0.85,2.01,7771.76,33435.494
600519.SH,2006-08-09,43.25,44.3,43.0,43.85,43.21,0.64,1.48,10288.41,44982.771
600519.SH,2006-08-10,43.85,44.38,43.85,44.01,43.85,0.16,0.36,13105.61,57720.598
600519.SH,2006-08-11,44.08,44.5,44.05,44.08,44.01,0.07,0.16,7247.13,32036.673
600519.SH,2006-08-14,44.08,44.28,43.2,43.81,44.08,-0.27,-0.61,11173.66,49033.692
600519.SH,2006-08-15,43.55,44.18,43.5,44.12,43.81,0.31,0.71,6398.25,28008.387
600519.SH,2006-08-16,44.1,45.09,44.0,44.99,44.12,0.87,1.97,8998.88,40252.021
600519.SH,2006-08-17,45.09,45.09,43.39,44.25,44.99,-0.74,-1.64,10929.65,48410.678
600519.SH,2006-08-18,43.9,44.46,43.56,44.13,44.25,-0.12,-0.27,3381.23,14888.941
600519.SH,2006-08-21,42.98,44.2,42.85,44.17,44.13,0.04,0.09,7293.21,32062.134
600519.SH,2006-08-22,44.0,45.35,44.0,45.19,44.17,1.02,2.31,11108.75,49977.253
600519.SH,2006-08-23,43.8,44.69,43.8,44.42,45.19,-0.77,-1.7,21056.23,93035.269
600519.SH,2006-08-24,44.0,44.4,43.88,44.11,44.42,-0.31,-0.7,12574.07,55366.636
600519.SH,2006-08-25,44.11,44.59,43.8,44.04,44.11,-0.07,-0.16,7474.87,32852.244
600519.SH,2006-08-28,43.91,44.19,43.4,43.85,44.04,-0.19,-0.43,25572.59,112066.807
600519.SH,2006-08-29,43.97,46.21,43.96,45.66,43.85,1.81,4.13,37854.4,171776.439
600519.SH,2006-08-30,45.25,45.8,44.8,44.98,45.66,-0.68,-1.49,9692.92,43806.887
600519.SH,2006-08-31,45.0,45.47,44.8,45.23,44.98,0.25,0.56,12358.48,55827.539
600519.SH,2006-09-01,45.35,45.37,44.88,45.07,45.23,-0.16,-0.35,10873.94,48927.412
600519.SH,2006-09-04,44.78,45.27,44.78,45.13,45.07,0.06,0.13,5903.76,26589.669
600519.SH,2006-09-05,45.01,45.23,44.82,44.94,45.13,-0.19,-0.42,12354.76,55522.598
600519.SH,2006-09-06,44.9,45.45,44.8,45.12,44.94,0.18,0.4,11380.69,51403.21
600519.SH,2006-09-07,44.98,45.15,44.39,44.99,45.12,-0.13,-0.29,10518.62,46987.03
600519.SH,2006-09-08,44.5,44.9,44.16,44.46,44.99,-0.53,-1.18,5890.62,26157.744
600519.SH,2006-09-11,44.2,44.41,43.89,44.13,44.46,-0.33,-0.74,8302.99,36625.467
600519.SH,2006-09-12,44.13,44.13,43.7,43.8,44.13,-0.33,-0.75,19393.05,85026.963
600519.SH,2006-09-13,43.82,44.26,43.82,43.88,43.8,0.08,0.18,18421.46,81014.932
600519.SH,2006-09-14,44.0,46.14,43.2,46.1,43.88,2.22,5.06,63366.87,284212.834
600519.SH,2006-09-15,46.1,46.78,45.1,45.84,46.1,-0.26,-0.56,29243.97,134841.289
600519.SH,2006-09-18,45.88,46.1,45.28,45.83,45.84,-0.01,-0.02,34084.76,155113.047
600519.SH,2006-09-19,45.66,46.74,45.45,46.41,45.83,0.58,1.27,29992.52,138992.138
600519.SH,2006-09-20,46.29,47.32,46.08,46.99,46.41,0.58,1.25,22442.46,105158.852
600519.SH,2006-09-21,47.0,47.15,46.8,46.8,46.99,-0.19,-0.4,16312.83,76643.185
600519.SH,2006-09-22,46.76,47.0,46.1,46.81,46.8,0.01,0.02,12425.97,57912.198
600519.SH,2006-09-25,46.35,47.15,46.35,46.72,46.81,-0.09,-0.19,10475.25,49168.157
600519.SH,2006-09-26,46.67,46.68,45.96,45.98,46.72,-0.74,-1.58,11789.72,54462.375
600519.SH,2006-09-27,45.89,46.35,45.66,46.12,45.98,0.14,0.3,8052.18,36977.026
600519.SH,2006-09-28,46.0,46.95,45.72,46.81,46.12,0.69,1.5,16779.2,77577.351
600519.SH,2006-09-29,46.8,47.88,46.5,47.43,46.81,0.62,1.32,22756.22,107764.446
600519.SH,2006-10-09,48.01,51.3,48.01,50.87,47.43,3.44,7.25,37970.12,191569.287
600519.SH,2006-10-10,51.5,52.5,50.5,50.73,50.87,-0.14,-0.28,24124.48,124074.029
600519.SH,2006-10-11,50.67,51.0,49.5,49.74,50.73,-0.99,-1.95,12117.97,60357.112
600519.SH,2006-10-12,49.74,50.26,49.08,49.63,49.74,-0.11,-0.22,14286.89,70986.726
600519.SH,2006-10-13,49.63,49.8,48.71,49.01,49.63,-0.62,-1.25,14898.03,73257.749
600519.SH,2006-10-16,49.0,49.0,46.8,47.4,49.01,-1.61,-3.29,38076.75,180476.685
600519.SH,2006-10-17,47.4,48.4,46.85,48.14,47.4,0.74,1.56,15370.44,73212.48
600519.SH,2006-10-18,48.0,50.21,47.5,49.81,48.14,1.67,3.47,23878.83,118175.55
600519.SH,2006-10-19,49.65,50.5,49.02,50.0,49.81,0.19,0.38,16611.15,83199.478
600519.SH,2006-10-20,49.96,50.15,49.57,49.6,50.0,-0.4,-0.8,12095.4,60370.256
600519.SH,2006-10-23,49.2,51.35,49.2,51.0,49.6,1.4,2.82,38998.75,198293.833
600519.SH,2006-10-24,51.05,52.58,50.8,52.16,51.0,1.16,2.27,26709.12,138579.123
600519.SH,2006-10-25,52.7,55.88,52.2,55.18,52.16,3.02,5.79,47476.08,261743.388
600519.SH,2006-10-26,55.0,55.36,54.0,55.0,55.18,-0.18,-0.33,20428.5,112072.591
600519.SH,2006-10-27,54.99,54.99,53.9,54.02,55.0,-0.98,-1.78,14791.45,80382.72
600519.SH,2006-10-30,54.0,54.35,53.3,54.04,54.02,0.02,0.04,12369.43,66246.109
600519.SH,2006-10-31,54.04,55.3,53.41,53.99,54.04,-0.05,-0.09,11266.83,61092.387
600519.SH,2006-11-01,53.6,54.0,52.98,53.2,53.99,-0.79,-1.46,12762.04,67866.974
600519.SH,2006-11-02,53.11,54.79,52.36,54.77,53.2,1.57,2.95,23319.0,123978.621
600519.SH,2006-11-03,54.99,55.49,53.7,54.77,54.77,0.0,0.0,13876.4,75858.369
600519.SH,2006-11-06,54.05,57.2,54.0,56.09,54.77,1.32,2.41,26740.04,147856.261
600519.SH,2006-11-07,56.1,56.9,55.5,55.8,56.09,-0.29,-0.52,21326.45,119649.818
600519.SH,2006-11-08,55.5,57.5,55.0,56.81,55.8,1.01,1.81,25348.3,143238.979
600519.SH,2006-11-09,56.55,57.2,56.12,57.17,56.81,0.36,0.63,15962.43,90494.365
600519.SH,2006-11-10,56.95,58.9,56.6,57.6,57.17,0.43,0.75,33153.29,191717.604
600519.SH,2006-11-13,57.5,57.5,55.9,56.91,57.6,-0.69,-1.2,28315.49,161068.513
600519.SH,2006-11-14,56.65,60.15,56.65,59.9,56.91,2.99,5.25,31306.77,183957.465
600519.SH,2006-11-15,60.48,63.0,59.6,61.84,59.9,1.94,3.24,34033.76,211445.126
600519.SH,2006-11-16,61.87,66.98,61.85,64.68,61.84,2.84,4.59,48628.57,313184.874
600519.SH,2006-11-17,64.98,65.5,63.0,64.56,64.68,-0.12,-0.19,38341.46,244957.666
600519.SH,2006-11-20,63.53,65.8,63.53,64.6,64.56,0.04,0.06,27060.49,174396.384
600519.SH,2006-11-21,64.66,64.72,62.0,63.13,64.6,-1.47,-2.28,30241.21,190983.784
600519.SH,2006-11-22,63.1,64.19,61.86,63.44,63.13,0.31,0.49,28900.47,182237.646
600519.SH,2006-11-23,63.01,64.5,63.01,63.46,63.44,0.02,0.03,12547.85,79824.997
600519.SH,2006-11-24,63.41,64.29,62.4,63.9,63.46,0.44,0.69,23495.89,148702.618
600519.SH,2006-11-27,63.9,65.66,63.79,64.3,63.9,0.4,0.63,16498.49,106393.463
600519.SH,2006-11-28,64.19,64.99,62.8,62.81,64.3,-1.49,-2.32,28322.41,180775.984
600519.SH,2006-11-29,62.0,66.15,60.93,64.41,62.81,1.6,2.55,26754.01,172337.879
600519.SH,2006-11-30,64.73,69.18,64.73,67.75,64.41,3.34,5.19,21012.03,141522.146
600519.SH,2006-12-01,67.75,71.7,67.75,69.0,67.75,1.25,1.85,40414.69,282813.533
600519.SH,2006-12-04,69.26,70.93,67.8,69.1,69.0,0.1,0.14,26886.58,185669.864
600519.SH,2006-12-05,68.9,71.28,68.8,70.08,69.1,0.98,1.42,38117.83,266976.425
600519.SH,2006-12-06,70.0,70.0,66.9,69.03,70.08,-1.05,-1.5,37493.0,256408.498
600519.SH,2006-12-07,68.51,70.1,68.51,69.54,69.03,0.51,0.74,21855.38,151160.168
600519.SH,2006-12-08,69.0,69.9,68.0,69.05,69.54,-0.49,-0.7,22068.89,152466.866
600519.SH,2006-12-11,68.1,72.5,68.1,72.3,69.05,3.25,4.71,26754.3,188889.525
600519.SH,2006-12-12,72.88,73.48,71.4,71.82,72.3,-0.48,-0.66,11767.03,84919.97
600519.SH,2006-12-13,72.28,72.44,70.66,71.3,71.82,-0.52,-0.72,33416.53,239515.64
600519.SH,2006-12-14,71.8,77.38,71.3,77.04,71.3,5.74,8.05,37628.24,279885.276
600519.SH,2006-12-15,77.0,79.96,76.03,79.13,77.04,2.09,2.71,23697.3,185540.482
600519.SH,2006-12-18,78.98,86.66,78.98,86.4,79.13,7.27,9.19,35238.29,295726.593
600519.SH,2006-12-19,86.4,88.8,83.88,84.49,86.4,-1.91,-2.21,38038.16,326181.88
600519.SH,2006-12-20,83.98,85.9,83.51,84.3,84.49,-0.19,-0.22,25195.9,212351.401
600519.SH,2006-12-21,84.3,85.5,82.5,82.98,84.3,-1.32,-1.57,30301.46,256088.471
600519.SH,2006-12-22,82.5,83.7,79.98,80.83,82.98,-2.15,-2.59,30439.46,249249.212
600519.SH,2006-12-25,81.06,84.18,81.06,83.21,80.83,2.38,2.94,24954.41,207941.105
600519.SH,2006-12-27,84.21,86.4,84.2,85.48,83.21,2.27,2.73,19853.02,169858.959
600519.SH,2006-12-28,85.8,86.0,83.5,85.48,85.48,0.0,0.0,29281.05,248296.941
600519.SH,2006-12-29,85.49,92.1,84.56,87.83,85.48,2.35,2.75,82975.49,728497.75
600519.SH,2007-01-04,90.01,90.18,85.5,85.84,87.83,-1.99,-2.27,44664.67,394957.199
600519.SH,2007-01-05,84.79,86.69,83.3,86.27,85.84,0.43,0.5,27805.01,236787.475
600519.SH,2007-01-08,86.3,86.6,83.88,84.86,86.27,-1.41,-1.63,48923.59,417405.505
600519.SH,2007-01-09,84.89,89.99,84.6,88.79,84.86,3.93,4.63,28300.01,248096.035
600519.SH,2007-01-10,89.0,90.49,87.6,88.97,88.79,0.18,0.2,28239.4,249921.322
600519.SH,2007-01-11,89.0,93.18,88.5,91.99,88.97,3.02,3.39,37482.8,341540.304
600519.SH,2007-01-12,91.9,97.2,90.0,96.96,91.99,4.97,5.4,36402.08,347136.997
600519.SH,2007-01-15,97.05,102.0,97.05,99.61,96.96,2.65,2.73,30670.52,305993.934
600519.SH,2007-01-16,99.36,100.78,96.28,97.73,99.61,-1.88,-1.89,35039.7,344077.71
600519.SH,2007-01-17,97.59,103.0,96.02,98.12,97.73,0.39,0.4,25916.04,257353.976
600519.SH,2007-01-18,98.0,105.49,97.0,105.22,98.12,7.1,7.24,30645.35,315103.13
600519.SH,2007-01-19,105.22,111.89,105.22,109.35,105.22,4.13,3.93,22255.51,243504.208
600519.SH,2007-01-22,110.1,116.0,110.0,113.2,109.35,3.85,3.52,25521.22,290839.225
600519.SH,2007-01-23,113.8,114.8,104.1,105.28,113.2,-7.92,-7.0,41782.8,450098.219
600519.SH,2007-01-24,105.5,113.0,105.5,109.78,105.28,4.5,4.27,19404.22,212553.649
600519.SH,2007-01-25,107.5,110.95,106.3,108.37,109.78,-1.41,-1.28,44848.15,490557.153
600519.SH,2007-01-26,107.0,109.95,98.0,108.89,108.37,0.52,0.48,35845.7,380378.208
600519.SH,2007-01-29,107.8,113.0,106.1,107.49,108.89,-1.4,-1.29,18560.36,201345.338
600519.SH,2007-01-30,106.73,111.1,106.48,109.75,107.49,2.26,2.1,26561.09,287395.106
600519.SH,2007-01-31,107.8,110.0,102.0,103.23,109.75,-6.52,-5.94,33267.84,352147.545
600519.SH,2007-02-01,99.99,105.97,99.5,105.0,103.23,1.77,1.71,25909.75,265744.453
600519.SH,2007-02-02,103.97,104.8,100.0,101.0,105.0,-4.0,-3.81,14988.8,151508.799
600519.SH,2007-02-05,100.99,101.0,96.72,97.0,101.0,-4.0,-3.96,19837.99,194534.21
600519.SH,2007-02-06,95.01,96.9,89.5,95.75,97.0,-1.25,-1.29,39522.56,365914.405
600519.SH,2007-02-07,95.18,99.98,95.01,97.47,95.75,1.72,1.8,17976.22,175261.713
600519.SH,2007-02-08,96.9,98.98,93.5,95.96,97.47,-1.51,-1.55,18373.14,176642.962
600519.SH,2007-02-09,95.18,96.58,93.0,94.17,95.96,-1.79,-1.87,12262.17,116298.291
600519.SH,2007-02-12,93.8,98.75,93.2,97.0,94.17,2.83,3.01,12511.33,120701.377
600519.SH,2007-02-13,97.88,99.84,97.0,99.8,97.0,2.8,2.89,18767.1,184420.201
600519.SH,2007-02-14,100.58,101.99,98.0,99.56,99.8,-0.24,-0.24,15614.47,154853.057
600519.SH,2007-02-15,100.65,104.98,100.01,103.21,99.56,3.65,3.67,16805.18,173731.362
600519.SH,2007-02-16,104.77,105.0,99.56,100.17,103.21,-3.04,-2.95,25071.62,256784.061
600519.SH,2007-02-26,99.8,99.8,96.01,97.02,100.17,-3.15,-3.14,15321.46,150045.013
600519.SH,2007-02-27,96.5,96.5,87.32,87.64,97.02,-9.38,-9.67,31866.95,292514.587
600519.SH,2007-03-01,96.4,96.4,92.88,96.4,87.64,8.76,10.0,44582.45,429485.218
600519.SH,2007-03-02,97.0,100.99,95.96,97.79,96.4,1.39,1.44,34770.66,341362.336
600519.SH,2007-03-05,97.91,97.91,94.8,94.9,97.79,-2.89,-2.96,21805.01,208807.884
600519.SH,2007-03-06,94.0,101.15,93.0,100.1,94.9,5.2,5.48,24350.58,241040.734
600519.SH,2007-03-07,101.3,103.45,100.01,101.46,100.1,1.36,1.36,26425.34,271589.373
600519.SH,2007-03-08,100.9,102.0,99.1,101.45,101.46,-0.01,-0.01,13807.63,138217.148
600519.SH,2007-03-09,100.1,102.48,99.1,100.01,101.45,-1.44,-1.42,16185.95,162560.22
600519.SH,2007-03-12,99.8,100.01,98.63,99.8,100.01,-0.21,-0.21,19443.99,193188.602
600519.SH,2007-03-13,98.96,99.8,96.02,98.41,99.8,-1.39,-1.39,19080.52,186420.809
600519.SH,2007-03-14,97.0,98.0,95.3,96.02,98.41,-2.39,-2.43,21600.27,207586.165
600519.SH,2007-03-15,95.0,98.0,95.0,97.42,96.02,1.4,1.46,20973.19,201776.897
600519.SH,2007-03-16,97.8,98.0,95.1,97.61,97.42,0.19,0.2,14634.93,140836.291
600519.SH,2007-03-19,95.01,98.22,94.8,97.38,97.61,-0.23,-0.24,25951.61,253220.579
600519.SH,2007-03-20,97.34,97.5,94.45,94.61,97.38,-2.77,-2.84,21187.52,201378.936
600519.SH,2007-03-21,94.65,96.3,91.62,94.0,94.61,-0.61,-0.64,28289.56,266389.529
600519.SH,2007-03-22,94.21,94.88,92.0,94.49,94.0,0.49,0.52,31397.02,291678.124
600519.SH,2007-03-23,93.51,95.1,92.2,94.99,94.49,0.5,0.53,30279.38,283551.75
600519.SH,2007-03-26,94.8,94.9,93.7,94.02,94.99,-0.97,-1.02,22656.2,212983.96
600519.SH,2007-03-27,93.77,94.0,91.85,92.79,94.02,-1.23,-1.31,37197.64,345056.807
600519.SH,2007-03-28,92.87,93.85,91.0,93.09,92.79,0.3,0.32,34926.36,323233.779
600519.SH,2007-03-29,93.18,96.49,92.28,96.37,93.09,3.28,3.52,49415.37,465028.032
600519.SH,2007-03-30,96.58,96.65,93.2,94.5,96.37,-1.87,-1.94,30985.07,293158.039
600519.SH,2007-04-02,95.0,95.01,91.9,93.89,94.5,-0.61,-0.65,28257.19,261934.932
600519.SH,2007-04-03,93.89,95.6,92.11,94.88,93.89,0.99,1.05,42800.91,402378.753
600519.SH,2007-04-04,94.99,97.99,94.99,97.34,94.88,2.46,2.59,40807.26,395605.83
600519.SH,2007-04-05,96.88,96.88,94.72,95.34,97.34,-2.0,-2.05,37460.14,358362.495
600519.SH,2007-04-06,94.6,95.01,93.5,94.0,95.34,-1.34,-1.41,27615.36,259568.009
600519.SH,2007-04-09,94.55,96.6,92.9,95.0,94.0,1.0,1.06,62834.18,591101.165
600519.SH,2007-04-10,95.22,95.79,94.1,94.39,95.0,-0.61,-0.64,63046.82,597770.87
600519.SH,2007-04-11,94.95,94.95,92.9,93.88,94.39,-0.51,-0.54,53828.25,504663.488
600519.SH,2007-04-12,93.7,100.1,92.98,98.84,93.88,4.96,5.28,76458.57,739231.914
600519.SH,2007-04-13,99.0,105.38,97.0,102.95,98.84,4.11,4.16,84783.18,867089.257
600519.SH,2007-04-16,101.9,103.95,100.5,101.73,102.95,-1.22,-1.19,37812.42,383878.218
600519.SH,2007-04-17,102.0,103.44,97.0,98.69,101.73,-3.04,-2.99,44618.85,442356.324
600519.SH,2007-04-18,98.69,98.69,95.5,96.59,98.69,-2.1,-2.13,48780.84,470273.102
600519.SH,2007-04-19,95.7,96.0,91.4,92.8,96.59,-3.79,-3.92,39881.71,372975.317
600519.SH,2007-04-20,93.0,95.5,92.9,94.57,92.8,1.77,1.91,41516.94,392180.31
600519.SH,2007-04-23,94.58,95.81,93.0,95.58,94.57,1.01,1.07,47486.75,447869.454
600519.SH,2007-04-24,95.92,95.98,93.51,94.48,95.58,-1.1,-1.15,39478.57,372593.709
600519.SH,2007-04-25,94.49,96.8,93.6,95.99,94.48,1.51,1.6,37822.34,362266.657
600519.SH,2007-04-26,96.08,98.48,95.0,97.34,95.99,1.35,1.41,33698.28,325641.558
600519.SH,2007-04-27,97.28,97.31,93.62,93.78,97.34,-3.56,-3.66,26474.91,250199.461
600519.SH,2007-04-30,93.0,97.37,92.55,95.42,93.78,1.64,1.75,43557.29,414391.808
600519.SH,2007-05-08,96.6,97.9,95.53,96.5,95.42,1.08,1.13,46026.97,444700.567
600519.SH,2007-05-09,96.5,96.51,89.9,92.0,96.5,-4.5,-4.66,151776.6,1394029.058
600519.SH,2007-05-14,93.6,100.78,92.18,94.39,92.0,2.39,2.6,131870.45,1263779.092
600519.SH,2007-05-15,94.48,94.48,90.86,90.93,94.39,-3.46,-3.67,71037.92,655524.409
600519.SH,2007-05-16,90.9,94.6,90.7,93.58,90.93,2.65,2.91,50432.88,468228.612
600519.SH,2007-05-17,93.35,100.05,93.33,99.02,93.58,5.44,5.81,95181.6,930266.093
600519.SH,2007-05-18,98.3,101.1,97.0,98.43,99.02,-0.59,-0.6,51836.91,517580.169
600519.SH,2007-05-21,95.31,99.18,94.13,96.63,98.43,-1.8,-1.83,41508.22,402560.491
600519.SH,2007-05-22,96.11,96.5,94.19,94.84,96.63,-1.79,-1.85,59901.95,567699.268
600519.SH,2007-05-23,94.65,99.0,94.64,96.97,94.84,2.13,2.25,40338.9,391972.671
600519.SH,2007-05-24,97.47,99.61,96.64,99.37,96.97,2.4,2.48,55798.95,548678.429
600519.SH,2007-05-25,100.03,109.31,100.03,106.39,99.37,7.02,7.06,83105.33,883158.731
600519.SH,2007-05-28,106.5,111.25,106.48,110.31,106.39,3.92,3.68,55511.05,607604.935
600519.SH,2007-05-29,110.5,115.4,108.3,109.22,110.31,-1.09,-0.99,42945.11,480225.991
600519.SH,2007-05-30,104.0,108.99,99.8,101.97,109.22,-7.25,-6.64,72906.54,756701.836
600519.SH,2007-06-01,109.01,112.17,108.2,110.44,101.97,8.47,8.31,69666.5,775108.764
600519.SH,2007-06-04,110.68,115.2,103.5,105.63,110.44,-4.81,-4.36,56949.06,627231.638
600519.SH,2007-06-05,103.0,106.99,95.07,106.07,105.63,0.44,0.42,52948.78,544757.934
600519.SH,2007-06-06,105.0,109.0,102.03,105.51,106.07,-0.56,-0.53,31384.34,329128.886
600519.SH,2007-06-07,105.52,107.5,104.18,105.66,105.51,0.15,0.14,53370.84,562638.223
600519.SH,2007-06-08,106.79,107.49,105.0,106.91,105.66,1.25,1.18,35819.08,381067.005
600519.SH,2007-06-11,107.6,117.6,106.96,117.6,106.91,10.69,10.0,54095.46,620110.688
600519.SH,2007-06-12,119.99,122.5,115.06,120.43,117.6,2.83,2.41,44190.28,529299.495
600519.SH,2007-06-13,119.49,123.45,118.0,119.87,120.43,-0.56,-0.47,38683.78,465951.672
600519.SH,2007-06-14,118.8,130.0,118.29,125.16,119.87,5.29,4.41,34881.1,435609.721
600519.SH,2007-06-15,123.97,126.2,123.8,125.88,125.16,0.72,0.58,14897.86,185772.69
600519.SH,2007-06-18,126.48,131.44,125.11,126.96,125.88,1.08,0.86,21722.21,277680.174
600519.SH,2007-06-19,125.58,127.0,122.0,123.4,126.96,-3.56,-2.8,27946.84,348478.544
600519.SH,2007-06-20,122.52,126.98,121.2,123.43,123.4,0.03,0.02,19170.26,236303.439
600519.SH,2007-06-21,121.6,124.78,121.0,123.83,123.43,0.4,0.32,19401.41,238688.175
600519.SH,2007-06-22,123.87,125.4,119.0,120.83,123.83,-3.0,-2.42,17853.37,218079.514
600519.SH,2007-06-25,120.1,124.51,118.5,119.09,120.83,-1.74,-1.44,32756.57,398355.115
600519.SH,2007-06-26,118.89,121.0,115.57,120.22,119.09,1.13,0.95,12271.69,145796.096
600519.SH,2007-06-27,121.21,124.62,119.2,124.49,120.22,4.27,3.55,23766.47,293372.111
600519.SH,2007-06-28,124.9,125.5,121.53,121.88,124.49,-2.61,-2.1,26212.17,326430.499
600519.SH,2007-06-29,119.5,123.45,118.15,119.68,121.88,-2.2,-1.81,15499.39,186255.139
600519.SH,2007-07-02,119.0,120.0,115.0,119.07,119.68,-0.61,-0.51,19600.22,229624.506
600519.SH,2007-07-03,119.2,119.5,116.0,118.22,119.07,-0.85,-0.71,11009.03,129623.748
600519.SH,2007-07-04,118.22,119.4,116.21,117.12,118.22,-1.1,-0.93,11556.94,135460.424
600519.SH,2007-07-05,116.0,118.0,113.11,114.03,117.12,-3.09,-2.64,17043.63,194675.509
600519.SH,2007-07-06,113.6,118.05,113.6,117.88,114.03,3.85,3.38,15596.04,180456.456
600519.SH,2007-07-09,118.2,120.7,117.5,120.15,117.88,2.27,1.93,11643.44,138656.746
600519.SH,2007-07-10,120.0,120.0,117.0,118.0,120.15,-2.15,-1.79,9793.7,115825.748
600519.SH,2007-07-11,117.0,117.0,114.8,115.84,118.0,-2.16,-1.83,12129.96,140017.458
600519.SH,2007-07-12,116.0,116.47,113.89,114.37,115.84,-1.47,-1.27,14739.14,168661.711
600519.SH,2007-07-13,114.03,115.48,113.92,114.49,113.67,0.82,0.72,9166.86,104813.064
600519.SH,2007-07-16,114.98,114.98,111.23,111.28,114.49,-3.21,-2.8,10747.33,121378.863
600519.SH,2007-07-17,111.2,115.2,109.3,115.13,111.28,3.85,3.46,15065.88,168233.76
600519.SH,2007-07-18,113.83,117.01,112.0,116.08,115.13,0.95,0.83,11356.86,130799.471
600519.SH,2007-07-19,115.09,119.08,115.0,118.75,116.08,2.67,2.3,14746.77,173893.104
600519.SH,2007-07-20,117.9,120.5,117.0,119.94,118.75,1.19,1.0,14294.46,171502.982
600519.SH,2007-07-23,120.8,126.66,119.06,125.45,119.94,5.51,4.59,19092.84,237054.485
600519.SH,2007-07-24,125.6,126.0,122.9,123.46,125.45,-1.99,-1.59,13103.79,162555.321
600519.SH,2007-07-25,122.5,124.0,121.5,121.99,123.46,-1.47,-1.19,15241.67,186522.568
600519.SH,2007-07-26,122.88,125.0,122.2,123.04,121.99,1.05,0.86,13053.04,161489.704
600519.SH,2007-07-27,120.55,122.49,119.01,119.5,123.04,-3.54,-2.88,16312.15,196650.321
600519.SH,2007-07-30,119.5,125.6,119.21,124.39,119.5,4.89,4.09,27876.99,339526.695
600519.SH,2007-07-31,123.88,130.0,123.22,129.07,124.39,4.68,3.76,27165.92,344790.131
600519.SH,2007-08-01,129.0,130.0,125.01,126.03,129.07,-3.04,-2.36,19966.05,253670.74
600519.SH,2007-08-02,126.5,131.5,126.5,129.91,126.03,3.88,3.08,20521.29,264786.522
600519.SH,2007-08-03,129.88,139.09,129.66,138.09,129.91,8.18,6.3,34106.98,458343.376
600519.SH,2007-08-06,138.13,139.99,136.02,138.07,138.09,-0.02,-0.01,17469.92,239532.86
600519.SH,2007-08-07,138.05,138.98,136.46,138.52,138.07,0.45,0.33,23874.26,327024.703
600519.SH,2007-08-08,138.52,145.98,135.75,138.85,138.52,0.33,0.24,12945.06,183151.083
600519.SH,2007-08-09,142.6,146.36,140.0,144.59,138.85,5.74,4.13,15475.05,224211.231
600519.SH,2007-08-10,144.16,145.5,139.0,139.96,144.59,-4.63,-3.2,23841.76,338962.358
600519.SH,2007-08-13,139.98,139.98,133.36,137.73,139.96,-2.23,-1.59,19140.59,259481.908
600519.SH,2007-08-14,136.0,138.0,134.22,136.93,137.73,-0.8,-0.58,16144.46,218395.05
600519.SH,2007-08-15,136.91,140.5,134.5,136.0,136.93,-0.93,-0.68,23519.53,323360.822
600519.SH,2007-08-16,134.51,138.0,131.5,135.01,136.0,-0.99,-0.73,21306.3,286757.937
600519.SH,2007-08-17,136.18,141.18,134.51,135.16,135.01,0.15,0.11,24164.37,330979.043
600519.SH,2007-08-20,137.1,144.8,137.1,143.49,135.16,8.33,6.16,18751.35,265241.753
600519.SH,2007-08-21,143.52,150.0,143.52,148.04,143.49,4.55,3.17,18810.98,278103.261
600519.SH,2007-08-22,146.0,156.8,145.5,155.23,148.04,7.19,4.86,26195.15,401151.824
600519.SH,2007-08-23,155.22,161.2,154.0,159.95,155.23,4.72,3.04,19263.67,304024.687
600519.SH,2007-08-24,159.89,161.99,156.0,157.15,159.95,-2.8,-1.75,20630.17,326076.166
600519.SH,2007-08-27,157.0,159.98,155.0,155.06,157.15,-2.09,-1.33,20822.82,327422.195
600519.SH,2007-08-28,154.01,156.0,153.1,153.79,155.06,-1.27,-0.82,17205.5,265824.52
600519.SH,2007-08-29,152.78,157.46,152.0,153.6,153.79,-0.19,-0.12,11997.01,186047.475
600519.SH,2007-08-30,153.9,155.79,153.45,154.99,153.6,1.39,0.9,9194.87,142153.246
600519.SH,2007-08-31,155.0,160.1,154.0,159.93,154.99,4.94,3.19,10007.4,158100.458
600519.SH,2007-09-03,160.9,163.4,159.5,159.82,159.93,-0.11,-0.07,18749.14,303353.295
600519.SH,2007-09-04,159.6,159.6,151.0,152.8,159.82,-7.02,-4.39,47220.08,723864.066
600519.SH,2007-09-05,152.92,154.95,148.58,151.81,152.8,-0.99,-0.65,22879.69,343653.908
600519.SH,2007-09-06,152.0,152.0,148.9,149.99,151.81,-1.82,-1.2,27525.58,412746.126
600519.SH,2007-09-07,149.99,149.99,143.9,144.46,149.99,-5.53,-3.69,33011.69,480091.647
600519.SH,2007-09-10,140.25,144.31,140.25,142.11,144.46,-2.35,-1.63,40802.08,577753.207
600519.SH,2007-09-11,142.0,146.48,142.0,143.8,142.11,1.69,1.19,25866.08,374651.914
600519.SH,2007-09-12,143.0,146.0,140.33,143.72,143.8,-0.08,-0.06,12191.84,173598.048
600519.SH,2007-09-13,144.0,144.5,141.0,143.84,143.72,0.12,0.08,21165.7,302740.276
600519.SH,2007-09-14,144.0,150.0,141.73,148.39,143.84,4.55,3.16,36625.8,533527.808
600519.SH,2007-09-17,148.0,152.98,145.76,151.97,148.39,3.58,2.41,38819.24,581454.298
600519.SH,2007-09-18,152.2,152.2,144.88,146.47,151.97,-5.5,-3.62,14836.66,218334.186
600519.SH,2007-09-19,145.1,145.5,139.77,141.5,146.47,-4.97,-3.39,29013.21,410862.934
600519.SH,2007-09-20,141.72,145.85,141.72,145.03,141.5,3.53,2.49,12903.05,185888.065
600519.SH,2007-09-21,145.06,145.49,141.8,144.85,145.03,-0.18,-0.12,12787.93,183153.72
600519.SH,2007-09-24,144.0,145.8,140.51,141.5,144.85,-3.35,-2.31,31704.62,450160.399
600519.SH,2007-09-25,141.46,143.3,138.58,140.91,141.5,-0.59,-0.42,30249.82,424466.923
600519.SH,2007-09-26,139.01,147.5,139.01,145.68,140.91,4.77,3.39,30959.59,450482.553
600519.SH,2007-09-27,145.67,147.5,142.55,146.09,145.68,0.41,0.28,12714.7,185721.03
600519.SH,2007-09-28,145.98,152.6,145.52,150.47,146.09,4.38,3.0,26937.13,406110.739
600519.SH,2007-10-08,151.53,154.81,147.0,147.15,150.47,-3.32,-2.21,23392.8,349755.743
600519.SH,2007-10-09,146.5,161.0,146.5,158.76,147.15,11.61,7.89,37710.99,587350.51
600519.SH,2007-10-10,160.71,168.4,157.0,164.47,158.76,5.71,3.6,22651.11,370471.299
600519.SH,2007-10-11,164.84,177.0,164.5,173.27,164.47,8.8,5.35,30558.29,530601.955
600519.SH,2007-10-12,175.1,180.41,168.0,178.81,173.27,5.54,3.2,26009.08,456041.256
600519.SH,2007-10-15,176.1,194.0,176.1,188.58,178.81,9.77,5.46,20908.12,388728.699
600519.SH,2007-10-16,188.99,188.99,181.12,185.03,188.58,-3.55,-1.88,21093.53,389861.626
600519.SH,2007-10-17,184.0,184.0,181.0,182.0,185.03,-3.03,-1.64,14707.72,267399.495
600519.SH,2007-10-18,178.68,182.0,174.0,176.79,182.0,-5.21,-2.86,19954.08,355237.068
600519.SH,2007-10-19,176.5,186.0,176.5,180.16,176.79,3.37,1.91,17728.68,320347.389
600519.SH,2007-10-22,178.0,182.0,175.5,178.91,180.16,-1.25,-0.69,7797.37,139362.375
600519.SH,2007-10-23,183.5,193.0,183.3,188.0,178.91,9.09,5.08,22290.93,420266.818
600519.SH,2007-10-24,188.05,199.0,169.2,191.99,188.0,3.99,2.12,25469.44,485816.458
600519.SH,2007-10-25,189.0,198.0,186.0,193.75,191.99,1.76,0.92,20353.28,394422.086
600519.SH,2007-10-26,190.74,196.0,185.12,195.04,193.75,1.29,0.67,20010.33,379656.727
600519.SH,2007-10-29,193.01,197.5,188.88,190.74,195.04,-4.3,-2.2,11073.61,212842.981
600519.SH,2007-10-30,192.02,193.98,183.33,187.4,190.74,-3.34,-1.75,12564.86,233823.943
600519.SH,2007-10-31,187.81,192.4,187.81,191.01,187.4,3.61,1.93,10814.22,206054.37
600519.SH,2007-11-01,192.5,192.5,183.9,184.82,191.01,-6.19,-3.24,9620.49,178327.384
600519.SH,2007-11-02,183.0,184.79,178.0,184.07,184.82,-0.75,-0.41,13835.8,250008.018
600519.SH,2007-11-05,184.0,186.0,180.0,182.01,184.07,-2.06,-1.12,5279.3,96705.832
600519.SH,2007-11-06,180.08,185.62,180.08,181.93,182.01,-0.08,-0.04,2459.19,44828.815
600519.SH,2007-11-07,182.5,185.0,177.4,178.68,181.93,-3.25,-1.79,9085.71,162628.67
600519.SH,2007-11-08,178.72,179.99,172.01,174.02,178.68,-4.66,-2.61,5723.11,99837.136
600519.SH,2007-11-09,172.02,177.3,170.5,171.52,174.02,-2.5,-1.44,5126.65,88657.729
600519.SH,2007-11-12,171.61,172.6,167.5,170.32,171.52,-1.2,-0.7,15224.22,256445.671
600519.SH,2007-11-13,172.0,182.95,172.0,177.78,170.32,7.46,4.38,23911.44,425423.638
600519.SH,2007-11-14,177.78,187.35,177.78,186.97,177.78,9.19,5.17,11164.03,203847.742
600519.SH,2007-11-15,187.07,187.07,183.2,184.0,186.97,-2.97,-1.59,10557.82,195317.064
600519.SH,2007-11-16,183.5,183.5,179.32,179.99,184.0,-4.01,-2.18,3715.66,67016.964
600519.SH,2007-11-19,180.0,186.0,177.6,182.5,179.99,2.51,1.39,5397.34,98848.664
600519.SH,2007-11-20,182.5,186.0,182.0,185.52,182.5,3.02,1.65,9472.92,174670.137
600519.SH,2007-11-21,186.0,187.3,182.48,184.57,185.52,-0.95,-0.51,12411.0,229047.999
600519.SH,2007-11-22,182.0,184.0,177.77,178.26,184.57,-6.31,-3.42,7726.89,140489.848
600519.SH,2007-11-23,178.0,181.0,172.5,174.0,178.26,-4.26,-2.39,7692.24,134898.312
600519.SH,2007-11-26,177.5,179.98,175.0,179.32,174.0,5.32,3.06,8656.49,154008.451
600519.SH,2007-11-27,178.9,184.0,176.5,182.12,179.32,2.8,1.56,11036.38,199433.858
600519.SH,2007-11-28,180.2,182.2,172.0,176.63,182.12,-5.49,-3.01,11406.0,201326.44
600519.SH,2007-11-29,175.02,178.99,172.48,175.49,176.63,-1.14,-0.65,18463.21,323298.143
600519.SH,2007-11-30,177.8,177.8,173.0,173.49,175.49,-2.0,-1.14,14272.92,248057.71
600519.SH,2007-12-03,172.53,175.0,172.5,174.12,173.49,0.63,0.36,8515.64,147689.836
600519.SH,2007-12-04,174.5,178.5,174.5,176.5,174.12,2.38,1.37,9009.89,158913.696
600519.SH,2007-12-05,176.6,185.0,176.6,183.01,176.5,6.51,3.69,9929.85,180611.804
600519.SH,2007-12-06,184.97,184.97,181.5,184.38,183.01,1.37,0.75,5273.99,96863.844
600519.SH,2007-12-07,184.89,194.0,184.89,193.04,184.38,8.66,4.7,11615.19,222166.859
600519.SH,2007-12-11,199.0,206.2,198.5,201.72,193.04,8.68,4.5,29702.27,596580.876
600519.SH,2007-12-12,201.4,206.2,199.96,201.8,201.72,0.08,0.04,25281.87,511973.884
600519.SH,2007-12-13,200.0,203.5,197.0,200.49,201.8,-1.31,-0.65,17437.49,349075.78
600519.SH,2007-12-14,199.0,217.88,197.03,216.0,200.49,15.51,7.74,16003.46,331667.409
600519.SH,2007-12-17,215.1,225.0,207.0,211.0,216.0,-5.0,-2.31,17451.32,373879.346
600519.SH,2007-12-18,207.1,207.11,198.01,200.99,211.0,-10.01,-4.74,18507.65,372844.742
600519.SH,2007-12-19,203.8,205.9,196.99,202.95,200.99,1.96,0.98,13933.65,278674.107
600519.SH,2007-12-20,205.8,206.24,200.05,203.78,202.95,0.83,0.41,6903.41,140714.576
600519.SH,2007-12-21,204.0,212.4,204.0,211.03,203.78,7.25,3.56,9515.87,198189.104
600519.SH,2007-12-24,215.88,215.95,208.98,209.38,211.03,-1.65,-0.78,21203.79,449776.303
600519.SH,2007-12-25,209.38,218.38,209.38,216.5,209.38,7.12,3.4,17156.78,368772.023
600519.SH,2007-12-26,215.98,223.5,215.05,222.01,216.5,5.51,2.55,14593.84,322367.541
600519.SH,2007-12-27,222.0,225.3,217.2,224.85,222.01,2.84,1.28,21906.98,485898.989
600519.SH,2007-12-28,221.6,230.1,217.77,230.0,224.85,5.15,2.29,26627.99,600445.954
600519.SH,2008-01-02,227.0,228.94,221.0,222.02,230.0,-7.98,-3.47,19085.75,428486.871
600519.SH,2008-01-03,222.3,227.0,211.78,214.15,222.02,-7.87,-3.54,29799.46,638361.163
600519.SH,2008-01-04,212.0,216.08,208.0,215.24,214.15,1.09,0.51,33303.68,704732.968
600519.SH,2008-01-07,215.49,219.0,209.96,212.33,215.24,-2.91,-1.35,30409.17,646078.99
600519.SH,2008-01-08,211.0,217.59,208.6,215.03,212.33,2.7,1.27,32218.28,682166.585
600519.SH,2008-01-09,211.88,216.96,211.88,215.04,215.03,0.01,0.0,12009.6,256589.157
600519.SH,2008-01-10,216.0,219.56,213.4,217.08,215.04,2.04,0.95,20826.64,450693.94
600519.SH,2008-01-11,218.0,219.85,212.0,216.02,217.08,-1.06,-0.49,19811.08,425014.224
600519.SH,2008-01-14,225.0,228.6,218.5,224.12,216.02,8.1,3.75,42925.07,959882.221
600519.SH,2008-01-15,224.4,230.55,224.4,228.36,224.12,4.24,1.89,21303.22,486145.572
600519.SH,2008-01-16,226.8,227.0,222.0,222.84,228.36,-5.52,-2.42,22419.08,502236.876
600519.SH,2008-01-17,223.49,223.5,216.0,218.0,222.84,-4.84,-2.17,31613.52,697313.171
600519.SH,2008-01-18,218.06,219.5,213.0,214.97,218.0,-3.03,-1.39,20416.94,441871.091
600519.SH,2008-01-21,215.45,217.28,207.0,211.01,214.97,-3.96,-1.84,24986.81,531115.484
600519.SH,2008-01-22,206.98,219.95,201.0,210.53,211.01,-0.48,-0.23,44908.66,949589.574
600519.SH,2008-01-23,214.1,220.3,212.64,220.12,210.53,9.59,4.56,23146.33,502720.215
600519.SH,2008-01-24,222.0,224.3,217.0,222.0,220.12,1.88,0.85,18485.56,408534.678
600519.SH,2008-01-25,221.9,225.5,216.0,218.89,222.0,-3.11,-1.4,17993.11,397838.438
600519.SH,2008-01-28,215.5,220.0,208.9,214.79,218.89,-4.1,-1.87,14170.41,303150.636
600519.SH,2008-01-29,214.85,218.0,213.0,215.46,214.79,0.67,0.31,10107.03,217278.903
600519.SH,2008-01-30,217.0,217.0,206.2,214.76,215.46,-0.7,-0.32,29331.97,621090.086
600519.SH,2008-01-31,210.99,213.0,206.0,206.03,214.76,-8.73,-4.07,13904.99,289075.904
600519.SH,2008-02-01,204.99,204.99,198.9,202.51,206.03,-3.52,-1.71,21466.95,431423.198
600519.SH,2008-02-04,204.61,214.65,204.0,211.98,202.51,9.47,4.68,29546.33,617972.158
600519.SH,2008-02-05,212.0,212.0,208.0,209.38,211.98,-2.6,-1.23,8478.3,177590.097
600519.SH,2008-02-13,208.0,208.0,202.0,203.0,209.38,-6.38,-3.05,4971.72,101444.765
600519.SH,2008-02-14,205.0,205.9,202.1,203.11,203.0,0.11,0.05,7556.16,153806.138
600519.SH,2008-02-15,202.97,203.0,198.0,201.08,203.11,-2.03,-1.0,12811.1,256163.7
600519.SH,2008-02-18,201.8,207.1,201.8,206.96,201.08,5.88,2.92,12576.82,257765.662
600519.SH,2008-02-19,206.95,208.0,203.0,206.99,206.96,0.03,0.01,7287.33,149403.801
600519.SH,2008-02-20,207.0,209.9,205.15,206.1,206.99,-0.89,-0.43,9701.39,200650.696
600519.SH,2008-02-21,208.5,208.89,204.8,205.44,206.1,-0.66,-0.32,12204.08,250662.269
600519.SH,2008-02-22,205.01,206.47,197.0,200.6,205.44,-4.84,-2.36,19421.93,391675.409
600519.SH,2008-02-25,199.9,200.0,196.0,196.86,200.6,-3.74,-1.86,11217.79,222633.128
600519.SH,2008-02-26,198.0,200.35,185.9,187.8,196.86,-9.06,-4.6,35143.23,669275.552
600519.SH,2008-02-27,187.0,195.0,183.2,192.18,187.8,4.38,2.33,12116.16,231597.749
600519.SH,2008-02-28,192.19,194.0,188.02,190.0,192.18,-2.18,-1.13,7226.37,137808.743
600519.SH,2008-02-29,190.5,195.98,188.1,195.0,190.0,5.0,2.63,7114.4,137296.143
600519.SH,2008-03-03,204.1,214.5,204.1,214.5,195.0,19.5,10.0,17783.17,380241.62
600519.SH,2008-03-04,225.82,228.9,217.05,220.93,214.5,6.43,3.0,37898.26,847885.908
600519.SH,2008-03-05,220.91,226.1,217.5,220.67,220.93,-0.26,-0.12,14038.69,310232.368
600519.SH,2008-03-06,220.68,224.0,216.8,217.02,220.67,-3.65,-1.65,8197.36,180277.491
600519.SH,2008-03-07,216.25,216.51,209.1,213.17,217.02,-3.85,-1.77,14896.27,315047.844
600519.SH,2008-03-10,210.0,215.02,207.2,209.59,213.17,-3.58,-1.68,10672.85,223726.599
600519.SH,2008-03-11,207.5,216.5,206.05,214.78,209.59,5.19,2.48,11377.28,241463.106
600519.SH,2008-03-12,217.99,218.78,208.36,212.25,214.78,-2.53,-1.18,6119.6,130239.209
600519.SH,2008-03-13,198.11,215.0,191.04,212.7,212.25,0.45,0.21,16690.09,344992.828
600519.SH,2008-03-14,209.8,209.8,203.99,205.04,212.7,-7.66,-3.6,11858.08,244698.923
600519.SH,2008-03-17,200.03,203.98,198.5,200.71,205.04,-4.33,-2.11,17189.18,344059.102
600519.SH,2008-03-18,196.84,200.0,186.0,189.54,200.71,-11.17,-5.57,30224.86,577180.431
600519.SH,2008-03-19,189.01,195.0,188.11,191.08,189.54,1.54,0.81,18579.29,355372.038
600519.SH,2008-03-20,189.9,196.0,179.5,192.94,191.08,1.86,0.97,14755.99,275079.993
600519.SH,2008-03-21,194.3,197.0,191.2,193.68,192.94,0.74,0.38,3999.04,77823.413
600519.SH,2008-03-24,194.0,196.36,189.6,192.31,193.68,-1.37,-0.71,9356.77,179280.128
600519.SH,2008-03-25,188.0,191.98,186.0,186.96,192.31,-5.35,-2.78,11287.82,211875.344
600519.SH,2008-03-26,187.5,190.0,183.0,185.49,186.96,-1.47,-0.79,4475.11,83590.677
600519.SH,2008-03-27,181.0,187.98,180.9,181.06,185.49,-4.43,-2.39,18924.65,344830.534
600519.SH,2008-03-28,181.5,187.6,180.0,186.58,181.06,5.52,3.05,6716.2,123097.898
600519.SH,2008-03-31,185.8,189.5,183.0,187.71,186.58,1.13,0.61,15021.08,281358.73
600519.SH,2008-04-01,189.5,189.5,182.0,184.65,187.71,-3.06,-1.63,13679.0,252613.478
600519.SH,2008-04-02,184.0,189.0,172.01,182.58,184.65,-2.07,-1.12,16431.03,298960.718
600519.SH,2008-04-03,179.0,182.0,175.0,178.01,182.58,-4.57,-2.5,13419.76,237997.145
600519.SH,2008-04-07,177.0,185.5,175.0,184.78,178.01,6.77,3.8,21968.69,394870.541
600519.SH,2008-04-08,184.5,193.0,182.0,191.53,184.78,6.75,3.65,13058.19,247291.459
600519.SH,2008-04-09,188.7,190.0,182.85,183.45,191.53,-8.08,-4.22,12507.13,234604.519
600519.SH,2008-04-10,182.0,183.0,175.9,178.39,183.45,-5.06,-2.76,20409.77,365825.52
600519.SH,2008-04-11,178.5,179.0,175.0,175.65,178.39,-2.74,-1.54,23957.73,424169.97
600519.SH,2008-04-14,174.98,174.98,167.68,168.09,175.65,-7.56,-4.3,21684.37,369038.598
600519.SH,2008-04-15,167.0,168.5,161.5,168.38,168.09,0.29,0.17,20148.4,330691.48
600519.SH,2008-04-16,168.0,173.0,164.06,169.12,168.38,0.74,0.44,15638.77,265734.673
600519.SH,2008-04-17,170.5,174.0,166.1,169.12,169.12,0.0,0.0,10401.05,176634.095
600519.SH,2008-04-18,166.65,172.5,164.0,170.06,169.12,0.94,0.56,13767.97,229547.374
600519.SH,2008-04-21,180.0,183.0,166.02,171.54,170.06,1.48,0.87,14522.56,250079.531
600519.SH,2008-04-22,166.0,172.0,155.0,165.2,171.54,-6.34,-3.7,22129.42,359871.902
600519.SH,2008-04-23,161.4,173.0,157.0,171.02,165.2,5.82,3.52,12669.88,211089.327
600519.SH,2008-04-24,183.0,188.12,177.0,185.97,171.02,14.95,8.74,39321.87,718031.257
600519.SH,2008-04-25,184.0,184.0,177.8,177.82,185.97,-8.15,-4.38,23845.07,429087.518
600519.SH,2008-04-28,175.99,177.47,170.17,176.6,177.82,-1.22,-0.69,12772.32,220439.148
600519.SH,2008-04-29,172.01,177.77,172.01,176.57,176.6,-0.03,-0.02,6149.26,107374.297
600519.SH,2008-04-30,176.66,184.9,176.66,183.13,176.57,6.56,3.72,11883.27,215284.885
600519.SH,2008-05-05,183.4,185.58,181.88,183.66,183.13,0.53,0.29,8089.73,148396.736
600519.SH,2008-05-06,183.0,183.0,178.08,179.78,183.66,-3.88,-2.11,8487.61,152222.994
600519.SH,2008-05-07,178.0,181.6,175.48,175.54,179.78,-4.24,-2.36,7353.75,131020.228
600519.SH,2008-05-08,174.99,179.8,171.0,179.03,175.54,3.49,1.99,8860.66,154116.406
600519.SH,2008-05-09,179.99,179.99,175.51,177.74,179.03,-1.29,-0.72,5774.01,102419.877
600519.SH,2008-05-12,174.49,182.55,172.8,181.0,177.74,3.26,1.83,9206.33,163594.356
600519.SH,2008-05-13,176.48,182.9,175.2,178.96,181.0,-2.04,-1.13,5145.06,91723.212
600519.SH,2008-05-14,177.3,181.3,177.12,180.76,178.96,1.8,1.01,6008.44,108222.058
600519.SH,2008-05-15,182.0,187.5,179.0,183.58,180.76,2.82,1.56,14690.44,271639.672
600519.SH,2008-05-16,183.0,186.0,182.05,182.94,183.58,-0.64,-0.35,4673.32,85690.776
600519.SH,2008-05-19,182.94,182.94,179.06,180.01,182.94,-2.93,-1.6,3828.32,68955.076
600519.SH,2008-05-20,178.1,181.2,173.0,173.09,180.01,-6.92,-3.84,9927.35,176605.312
600519.SH,2008-05-21,171.6,177.0,170.0,173.64,173.09,0.55,0.32,19542.96,334549.9
600519.SH,2008-05-22,173.34,175.0,168.44,172.84,173.64,-0.8,-0.46,7536.39,129331.816
600519.SH,2008-05-23,170.01,173.0,170.0,172.0,172.84,-0.84,-0.49,12891.14,220240.585
600519.SH,2008-05-26,170.0,173.0,170.0,172.84,172.0,0.84,0.49,7354.52,125694.889
600519.SH,2008-05-27,170.98,174.0,169.6,169.81,172.84,-3.03,-1.75,15455.89,265513.865
600519.SH,2008-05-29,169.88,172.0,167.25,169.84,169.81,0.03,0.02,9431.31,160096.339
600519.SH,2008-05-30,169.7,170.5,167.01,168.14,169.84,-1.7,-1.0,5203.08,87809.655
600519.SH,2008-06-02,168.8,172.0,164.0,171.18,168.14,3.04,1.81,8423.12,141068.877
600519.SH,2008-06-03,170.0,172.0,169.51,170.79,171.18,-0.39,-0.23,6577.03,112098.666
600519.SH,2008-06-04,168.04,170.0,167.69,168.18,170.79,-2.61,-1.53,6770.3,113903.649
600519.SH,2008-06-05,168.0,170.88,164.7,164.99,168.18,-3.19,-1.9,3922.05,65373.349
600519.SH,2008-06-06,164.99,165.01,161.01,163.82,164.99,-1.17,-0.71,7814.69,127119.585
600519.SH,2008-06-10,159.06,160.99,156.11,157.83,163.82,-5.99,-3.66,12715.58,201611.524
600519.SH,2008-06-11,156.83,158.0,154.0,157.49,157.83,-0.34,-0.22,9126.31,142357.442
600519.SH,2008-06-12,157.48,157.48,147.4,151.21,157.49,-6.28,-3.99,13789.9,210043.603
600519.SH,2008-06-13,148.11,151.4,148.11,149.49,151.21,-1.72,-1.14,6186.34,92612.196
600519.SH,2008-06-16,147.7,148.0,144.44,144.5,148.65,-4.15,-2.79,10219.54,148642.35
600519.SH,2008-06-17,143.51,143.51,140.11,141.97,144.5,-2.53,-1.75,17474.15,246424.803
600519.SH,2008-06-18,140.32,145.0,139.58,144.29,141.97,2.32,1.63,17592.4,250451.606
600519.SH,2008-06-19,144.8,144.8,140.0,140.47,144.29,-3.82,-2.65,6970.38,98494.725
600519.SH,2008-06-20,140.0,145.38,139.19,143.91,140.47,3.44,2.45,14177.52,202610.966
600519.SH,2008-06-23,142.0,142.0,134.01,134.9,143.91,-9.01,-6.26,15406.15,212913.434
600519.SH,2008-06-24,130.11,137.5,128.0,136.63,134.9,1.73,1.28,22052.73,297466.611
600519.SH,2008-06-25,135.2,145.0,134.01,144.51,136.63,7.88,5.77,12782.54,180759.313
600519.SH,2008-06-26,146.5,148.0,142.5,145.55,144.51,1.04,0.72,7753.52,111847.423
600519.SH,2008-06-27,142.39,143.65,139.01,140.26,145.55,-5.29,-3.63,16260.46,228606.779
600519.SH,2008-06-30,138.0,142.0,137.11,138.58,140.26,-1.68,-1.2,8497.92,118554.068
600519.SH,2008-07-01,138.58,138.58,136.0,136.7,138.58,-1.88,-1.36,7677.65,105264.085
600519.SH,2008-07-02,136.5,137.99,135.01,136.11,136.7,-0.59,-0.43,6045.8,82567.695
600519.SH,2008-07-03,134.73,143.0,134.42,141.03,136.11,4.92,3.61,7895.1,109603.235
600519.SH,2008-07-04,141.03,142.25,139.03,141.28,141.03,0.25,0.18,3982.05,56193.917
600519.SH,2008-07-07,141.28,146.5,140.0,146.01,141.28,4.73,3.35,12514.57,180401.01
600519.SH,2008-07-08,145.87,147.7,143.25,143.79,146.01,-2.22,-1.52,13648.36,198628.781
600519.SH,2008-07-09,144.51,148.0,144.51,145.8,143.79,2.01,1.4,10183.03,149141.345
600519.SH,2008-07-10,145.0,147.33,144.3,146.05,145.8,0.25,0.17,7170.03,104839.731
600519.SH,2008-07-11,145.01,146.78,144.0,144.51,146.05,-1.54,-1.05,3016.77,43833.508
600519.SH,2008-07-14,144.98,147.5,143.8,147.1,144.51,2.59,1.79,5258.11,77047.467
600519.SH,2008-07-15,147.11,148.18,144.81,145.33,147.1,-1.77,-1.2,5735.25,83892.162
600519.SH,2008-07-16,144.8,148.24,143.0,147.64,145.33,2.31,1.59,9010.48,132617.391
600519.SH,2008-07-17,147.7,157.8,147.7,155.19,147.64,7.55,5.11,18015.51,279088.472
600519.SH,2008-07-18,153.0,158.49,152.5,157.96,155.19,2.77,1.78,9219.66,142269.871
600519.SH,2008-07-21,156.78,162.0,156.0,161.51,157.96,3.55,2.25,8192.27,130639.362
600519.SH,2008-07-22,161.51,164.99,158.0,158.97,161.51,-2.54,-1.57,4276.27,68299.82
600519.SH,2008-07-23,158.11,159.52,155.02,156.72,158.97,-2.25,-1.42,4524.93,71187.874
600519.SH,2008-07-24,157.3,161.5,157.3,161.34,156.72,4.62,2.95,4446.81,70637.128
600519.SH,2008-07-25,160.08,163.0,158.62,161.5,161.34,0.16,0.1,5279.51,84972.166
600519.SH,2008-07-28,162.36,163.5,161.5,162.0,161.5,0.5,0.31,2562.85,41662.711
600519.SH,2008-07-29,161.99,162.98,158.51,161.78,162.0,-0.22,-0.14,3594.19,57706.465
600519.SH,2008-07-30,162.01,162.3,159.0,160.96,161.78,-0.82,-0.51,3499.29,56168.227
600519.SH,2008-07-31,160.19,160.96,158.52,159.89,160.96,-1.07,-0.66,4751.42,75934.188
600519.SH,2008-08-01,158.81,161.0,156.68,159.04,159.89,-0.85,-0.53,3235.71,51369.908
600519.SH,2008-08-04,157.21,159.95,156.8,157.15,159.04,-1.89,-1.19,2850.52,44858.745
600519.SH,2008-08-05,156.69,158.1,156.0,156.39,157.15,-0.76,-0.48,2363.38,37049.801
600519.SH,2008-08-06,157.38,158.3,155.55,157.46,156.39,1.07,0.68,3302.57,51922.049
600519.SH,2008-08-07,156.55,157.99,152.5,153.53,157.46,-3.93,-2.5,4279.44,66288.542
600519.SH,2008-08-08,153.2,154.28,150.8,152.52,153.53,-1.01,-0.66,6116.98,93064.197
600519.SH,2008-08-11,149.0,153.0,146.0,146.07,152.52,-6.45,-4.23,7999.41,119572.175
600519.SH,2008-08-12,144.9,149.0,143.11,147.64,146.07,1.57,1.07,4530.5,66330.532
600519.SH,2008-08-13,146.99,148.58,146.3,147.96,147.64,0.32,0.22,6373.25,93902.071
600519.SH,2008-08-14,147.99,152.6,146.67,149.01,147.96,1.05,0.71,12970.55,195801.266
600519.SH,2008-08-15,149.0,153.0,148.1,151.78,149.01,2.77,1.86,5540.96,83530.667
600519.SH,2008-08-18,151.78,152.9,146.2,146.43,151.78,-5.35,-3.52,3339.25,50108.017
600519.SH,2008-08-19,142.09,146.81,142.09,144.02,146.43,-2.41,-1.65,6270.08,90342.081
600519.SH,2008-08-20,143.08,153.0,143.08,151.26,144.02,7.24,5.03,7250.41,107725.247
600519.SH,2008-08-21,149.52,153.0,145.01,147.87,151.26,-3.39,-2.24,5143.22,76438.604
600519.SH,2008-08-22,147.97,148.88,144.16,145.27,147.87,-2.6,-1.76,2911.23,42273.682
600519.SH,2008-08-25,145.17,145.9,142.52,144.21,145.27,-1.06,-0.73,4776.13,69152.201
600519.SH,2008-08-26,144.22,144.22,138.8,140.01,144.21,-4.2,-2.91,4704.71,66199.366
600519.SH,2008-08-27,138.13,142.49,134.97,135.15,140.01,-4.86,-3.47,4538.88,62380.812
600519.SH,2008-08-28,139.98,142.0,136.0,136.5,135.15,1.35,1.0,9633.5,132676.988
600519.SH,2008-08-29,136.98,141.0,136.0,139.99,136.5,3.49,2.56,9172.11,127159.473
600519.SH,2008-09-01,139.7,140.3,135.51,135.65,139.99,-4.34,-3.1,13856.44,190733.791
600519.SH,2008-09-02,135.66,135.66,127.84,129.99,135.65,-5.66,-4.17,26629.45,345618.729
600519.SH,2008-09-03,128.51,128.8,125.69,127.15,129.99,-2.84,-2.18,35456.36,449922.401
600519.SH,2008-09-04,127.16,130.0,126.61,129.44,127.15,2.29,1.8,8055.84,103033.863
600519.SH,2008-09-05,127.75,131.8,126.1,131.25,129.44,1.81,1.4,8606.8,110693.148
600519.SH,2008-09-08,131.38,132.55,128.91,130.56,131.25,-0.69,-0.53,8048.67,105669.098
600519.SH,2008-09-09,129.04,133.45,129.04,132.8,130.56,2.24,1.72,4145.08,54748.548
600519.SH,2008-09-10,131.5,136.0,131.5,132.77,132.8,-0.03,-0.02,6603.79,87984.658
600519.SH,2008-09-11,133.88,133.88,132.0,132.37,132.77,-0.4,-0.3,4657.0,61859.282
600519.SH,2008-09-12,132.31,134.34,132.31,133.0,132.37,0.63,0.48,6201.63,82660.639
600519.SH,2008-09-16,132.78,132.81,129.02,131.23,133.0,-1.77,-1.33,13757.74,179668.933
600519.SH,2008-09-17,131.33,132.8,127.8,128.18,131.23,-3.05,-2.32,8523.72,110881.4
600519.SH,2008-09-18,127.5,128.0,118.18,120.82,128.18,-7.36,-5.74,30581.71,376114.728
600519.SH,2008-09-19,132.9,132.9,130.0,132.9,120.82,12.08,10.0,46747.12,620150.766
600519.SH,2008-09-22,137.9,144.0,132.73,132.84,132.9,-0.06,-0.05,56486.53,768578.26
600519.SH,2008-09-23,130.08,130.08,120.05,120.31,132.84,-12.53,-9.43,34955.94,429875.015
600519.SH,2008-09-24,119.0,126.78,115.18,126.48,120.31,6.17,5.13,14197.94,173930.712
600519.SH,2008-09-25,126.5,131.5,126.5,129.19,126.48,2.71,2.14,15069.91,194816.771
600519.SH,2008-09-26,129.91,133.88,129.91,131.89,129.19,2.7,2.09,13689.66,180847.064
600519.SH,2008-10-06,130.8,131.9,125.0,127.18,131.89,-4.71,-3.57,6101.71,79100.704
600519.SH,2008-10-07,125.01,126.0,121.03,124.05,127.18,-3.13,-2.46,9957.24,122750.25
600519.SH,2008-10-08,121.9,123.0,120.13,120.3,124.05,-3.75,-3.02,10344.1,125437.058
600519.SH,2008-10-09,122.2,122.3,117.5,117.55,120.3,-2.75,-2.29,8767.21,104831.467
600519.SH,2008-10-10,114.0,114.8,110.11,111.4,117.55,-6.15,-5.23,13547.16,152282.552
600519.SH,2008-10-13,111.0,111.59,102.2,111.47,111.4,0.07,0.06,22093.22,235133.757
600519.SH,2008-10-14,116.17,117.45,106.46,106.6,111.47,-4.87,-4.37,11843.98,132830.726
600519.SH,2008-10-15,103.78,106.99,102.5,104.22,106.6,-2.38,-2.23,8842.36,92239.896
600519.SH,2008-10-16,100.5,104.1,99.0,100.58,104.22,-3.64,-3.49,15061.36,153358.634
600519.SH,2008-10-17,100.03,100.99,94.6,97.89,100.58,-2.69,-2.67,28812.43,279732.706
600519.SH,2008-10-20,95.77,97.8,93.5,96.74,97.89,-1.15,-1.17,30447.62,290614.96
600519.SH,2008-10-21,96.68,99.98,94.5,94.63,96.74,-2.11,-2.18,13081.8,126303.889
600519.SH,2008-10-22,93.77,97.0,92.88,96.38,94.63,1.75,1.85,19006.44,180490.227
600519.SH,2008-10-23,94.0,99.2,94.0,99.14,96.38,2.76,2.86,14654.93,143747.863
600519.SH,2008-10-24,100.0,100.35,95.0,98.28,99.14,-0.86,-0.87,8975.61,87060.611
600519.SH,2008-10-27,95.01,97.5,90.1,91.25,98.28,-7.03,-7.15,27743.07,256201.117
600519.SH,2008-10-28,89.92,94.3,88.01,94.28,91.25,3.03,3.32,13995.19,128811.658
600519.SH,2008-10-29,94.0,96.05,92.05,95.18,94.28,0.9,0.95,12226.83,115424.336
600519.SH,2008-10-30,95.99,96.5,93.41,95.3,95.18,0.12,0.13,10157.16,96284.438
600519.SH,2008-10-31,94.3,95.1,92.06,92.2,95.3,-3.1,-3.25,8705.73,81109.754
600519.SH,2008-11-03,91.02,93.5,91.02,91.7,92.2,-0.5,-0.54,6306.17,58047.685
600519.SH,2008-11-04,91.8,92.12,89.65,89.82,91.7,-1.88,-2.05,11076.6,100749.26
600519.SH,2008-11-05,90.6,94.6,89.99,94.01,89.82,4.19,4.66,11655.66,107649.675
600519.SH,2008-11-06,91.99,92.99,90.1,90.36,94.01,-3.65,-3.88,5997.39,54677.055
600519.SH,2008-11-07,88.59,89.5,84.2,85.78,90.36,-4.58,-5.07,35067.14,300147.112
600519.SH,2008-11-10,86.48,91.58,86.0,90.63,85.78,4.85,5.65,40708.07,356262.51
600519.SH,2008-11-11,89.4,89.4,87.38,87.61,90.63,-3.02,-3.33,27104.01,238775.064
600519.SH,2008-11-12,85.85,88.18,84.6,87.99,87.61,0.38,0.43,18400.88,158558.387
600519.SH,2008-11-13,87.0,90.01,85.01,89.63,87.99,1.64,1.86,35135.08,308558.184
600519.SH,2008-11-14,90.06,98.59,90.06,98.59,89.63,8.96,10.0,47308.06,453503.655
600519.SH,2008-11-17,100.0,102.51,98.0,101.59,98.59,3.0,3.04,25905.85,259620.384
600519.SH,2008-11-18,101.0,101.0,94.1,96.62,101.59,-4.97,-4.89,30088.89,293853.929
600519.SH,2008-11-19,96.62,103.03,95.7,102.43,96.62,5.81,6.01,16987.48,169157.858
600519.SH,2008-11-20,100.0,103.2,98.33,100.13,102.43,-2.3,-2.25,15678.03,158050.735
600519.SH,2008-11-21,97.97,103.5,95.66,100.53,100.13,0.4,0.4,23917.62,240102.783
600519.SH,2008-11-24,100.88,102.0,99.5,99.71,100.53,-0.82,-0.82,9402.07,94604.336
600519.SH,2008-11-25,100.0,102.0,97.66,99.16,99.71,-0.55,-0.55,9873.35,98311.604
600519.SH,2008-11-26,99.06,100.38,98.63,99.14,99.16,-0.02,-0.02,7340.47,72963.471
600519.SH,2008-11-27,104.07,107.0,101.55,103.37,99.14,4.23,4.27,26771.8,279561.185
600519.SH,2008-11-28,102.19,102.96,100.25,101.8,103.37,-1.57,-1.52,12218.04,124047.78
600519.SH,2008-12-01,101.4,103.3,100.04,103.21,101.8,1.41,1.39,7883.28,80427.907
600519.SH,2008-12-02,101.05,105.12,101.05,104.94,103.21,1.73,1.68,14885.14,154215.263
600519.SH,2008-12-03,105.0,108.22,105.0,107.8,104.94,2.86,2.73,14369.95,154141.971
600519.SH,2008-12-04,109.5,115.29,109.5,112.97,107.8,5.17,4.8,26330.55,297576.223
600519.SH,2008-12-05,111.51,118.09,111.46,115.45,112.97,2.48,2.2,18384.62,212898.263
600519.SH,2008-12-08,118.3,120.8,115.15,118.99,115.45,3.54,3.07,17429.92,205494.828
600519.SH,2008-12-09,119.06,119.58,114.8,116.03,118.99,-2.96,-2.49,13013.35,152317.57
600519.SH,2008-12-10,115.0,116.9,114.83,116.2,116.03,0.17,0.15,13495.02,156049.024
600519.SH,2008-12-11,116.55,120.6,116.0,117.93,116.2,1.73,1.49,20158.09,238497.429
600519.SH,2008-12-12,116.66,118.8,110.85,111.0,117.93,-6.93,-5.88,16314.45,186650.27
600519.SH,2008-12-15,112.0,117.06,111.99,114.27,111.0,3.27,2.95,14007.71,160434.275
600519.SH,2008-12-16,113.55,116.3,110.84,114.17,114.27,-0.1,-0.09,12367.38,138960.606
600519.SH,2008-12-17,114.2,117.5,114.2,115.61,114.17,1.44,1.26,10013.62,116363.451
600519.SH,2008-12-18,115.61,118.66,115.61,117.98,115.61,2.37,2.05,11770.63,138647.935
600519.SH,2008-12-19,118.4,119.5,116.0,117.63,117.98,-0.35,-0.3,10621.97,125345.376
600519.SH,2008-12-22,118.71,118.71,115.3,116.36,117.63,-1.27,-1.08,9028.42,105588.565
600519.SH,2008-12-23,115.78,116.36,110.91,111.91,116.36,-4.45,-3.82,18271.66,205256.836
600519.SH,2008-12-24,111.0,113.0,109.8,111.35,111.91,-0.56,-0.5,7877.63,87320.039
600519.SH,2008-12-25,111.99,111.99,109.0,110.03,111.35,-1.32,-1.19,9028.53,99538.455
600519.SH,2008-12-26,109.2,111.49,109.2,110.06,110.03,0.03,0.03,8944.6,98854.298
600519.SH,2008-12-29,109.44,110.5,105.16,108.75,110.06,-1.31,-1.19,30028.56,323745.151
600519.SH,2008-12-30,108.65,109.0,107.0,108.64,108.75,-0.11,-0.1,21829.96,236161.195
600519.SH,2008-12-31,108.2,109.49,107.5,108.7,108.64,0.06,0.06,18313.13,198482.898
600519.SH,2009-01-05,109.5,111.08,107.0,108.38,108.7,-0.32,-0.2944,13505.5,145941.833
600519.SH,2009-01-06,107.5,109.2,105.28,108.71,108.38,0.33,0.3045,38154.08,406113.062
600519.SH,2009-01-07,108.92,109.0,106.7,106.79,108.71,-1.92,-1.7662,15238.02,164245.37
600519.SH,2009-01-08,105.25,108.57,104.2,108.53,106.79,1.74,1.6294,18634.67,198641.989
600519.SH,2009-01-09,107.58,108.55,107.0,107.29,108.53,-1.24,-1.1425,11800.16,127445.738
600519.SH,2009-01-12,106.99,107.78,105.66,105.91,107.29,-1.38,-1.2862,16667.9,176815.197
600519.SH,2009-01-13,104.98,105.99,101.52,101.86,105.91,-4.05,-3.824,18099.11,186485.267
600519.SH,2009-01-14,101.25,103.99,99.58,102.0,101.86,0.14,0.1374,32003.7,323066.499
600519.SH,2009-01-15,101.8,101.8,99.8,99.97,102.0,-2.03,-1.9902,29820.65,298447.689
600519.SH,2009-01-16,99.99,104.39,99.88,101.51,99.97,1.54,1.5405,94599.55,955914.881
600519.SH,2009-01-19,102.41,103.8,101.7,102.36,101.51,0.85,0.8374,48562.93,498196.988
600519.SH,2009-01-20,102.3,102.3,99.96,101.6,102.36,-0.76,-0.7425,49104.05,493242.104
600519.SH,2009-01-21,100.0,100.97,99.0,99.72,101.6,-1.88,-1.8504,60526.48,605392.794
600519.SH,2009-01-22,100.0,101.2,99.9,100.8,99.72,1.08,1.083,21293.44,214057.665
600519.SH,2009-01-23,100.5,104.31,100.5,103.2,100.8,2.4,2.381,32742.52,336252.633
600519.SH,2009-02-02,104.49,104.49,100.0,101.32,103.2,-1.88,-1.8217,30887.26,312618.479
600519.SH,2009-02-03,101.39,104.49,100.07,104.1,101.32,2.78,2.7438,48126.65,497248.868
600519.SH,2009-02-04,104.2,107.28,104.2,106.28,104.1,2.18,2.0941,42878.9,454067.228
600519.SH,2009-02-05,106.65,110.6,106.0,107.04,106.28,0.76,0.7151,38231.58,412164.202
600519.SH,2009-02-06,107.02,111.99,107.02,111.21,107.04,4.17,3.8957,39661.41,433677.718
600519.SH,2009-02-09,112.49,117.0,112.49,116.8,111.21,5.59,5.0265,45435.59,521391.758
600519.SH,2009-02-10,116.5,116.5,114.0,115.97,116.8,-0.83,-0.7106,27613.49,317723.285
600519.SH,2009-02-11,114.98,125.55,114.0,120.09,115.97,4.12,3.5526,40386.56,478088.769
600519.SH,2009-02-12,120.0,121.5,118.51,120.53,120.09,0.44,0.3664,54470.34,653107.948
600519.SH,2009-02-13,120.1,123.0,120.01,122.42,120.53,1.89,1.5681,24920.19,301643.451
600519.SH,2009-02-16,123.45,125.3,121.1,122.7,122.42,0.28,0.2287,27256.48,334068.266
600519.SH,2009-02-17,123.8,129.94,123.8,126.11,122.7,3.41,2.7791,56525.41,719184.147
600519.SH,2009-02-18,124.0,126.0,120.88,121.36,126.11,-4.75,-3.7666,45581.28,566412.062
600519.SH,2009-02-19,120.5,123.9,120.5,121.88,121.36,0.52,0.4285,24677.79,300896.281
600519.SH,2009-02-20,121.99,127.28,121.99,125.08,121.88,3.2,2.6255,33924.22,424596.429
600519.SH,2009-02-23,125.16,128.1,123.45,127.78,125.08,2.7,2.1586,19442.78,245915.638
600519.SH,2009-02-24,127.5,132.0,126.65,128.79,127.78,1.01,0.7904,36936.33,480302.641
600519.SH,2009-02-25,129.99,130.0,123.0,127.5,128.79,-1.29,-1.0016,26917.96,341607.459
600519.SH,2009-02-26,126.5,129.9,121.5,122.43,127.5,-5.07,-3.9765,27112.09,343984.112
600519.SH,2009-02-27,119.54,123.0,117.73,118.43,122.43,-4.0,-3.2672,41170.59,494464.222
600519.SH,2009-03-02,117.0,118.43,114.87,117.03,118.43,-1.4,-1.1821,27172.85,318786.734
600519.SH,2009-03-03,115.2,116.8,113.8,114.92,117.03,-2.11,-1.803,18780.13,215625.552
600519.SH,2009-03-04,115.5,126.3,114.92,124.82,114.92,9.9,8.6147,42245.25,510627.173
600519.SH,2009-03-05,124.9,126.5,120.01,122.0,124.82,-2.82,-2.2593,23532.3,289227.189
600519.SH,2009-03-06,120.0,120.8,117.68,118.22,122.0,-3.78,-3.0984,20664.13,245701.371
600519.SH,2009-03-09,118.24,119.5,114.88,114.9,118.22,-3.32,-2.8083,23152.03,268799.957
600519.SH,2009-03-10,113.9,119.2,113.6,118.13,114.9,3.23,2.8111,15782.92,185611.677
600519.SH,2009-03-11,120.0,120.88,116.0,117.48,118.13,-0.65,-0.5502,8814.94,104417.185
600519.SH,2009-03-12,116.08,117.79,114.13,115.94,117.48,-1.54,-1.3109,11296.27,130769.829
600519.SH,2009-03-13,116.8,117.5,113.78,113.82,115.94,-2.12,-1.8285,20038.2,230105.105
600519.SH,2009-03-16,113.85,114.89,112.0,114.38,113.82,0.56,0.492,13395.42,151397.338
600519.SH,2009-03-17,114.45,118.99,114.0,117.34,114.38,2.96,2.5879,18344.73,213668.06
600519.SH,2009-03-18,117.92,118.9,115.96,116.08,117.34,-1.26,-1.0738,17767.03,208086.081
600519.SH,2009-03-19,116.5,119.28,116.1,118.78,116.08,2.7,2.326,18891.93,223567.5
600519.SH,2009-03-20,119.8,119.97,117.2,117.88,118.78,-0.9,-0.7577,15396.12,182170.364
600519.SH,2009-03-23,117.99,119.18,117.41,118.69,117.88,0.81,0.6871,32463.11,384766.613
600519.SH,2009-03-24,120.5,123.59,118.36,118.69,118.69,0.0,0.0,35294.64,424130.707
600519.SH,2009-03-25,116.0,116.0,112.65,114.02,118.69,-4.67,-3.9346,86217.16,984739.037
600519.SH,2009-03-26,114.02,114.1,110.78,112.5,114.02,-1.52,-1.3331,59292.48,664500.701
600519.SH,2009-03-27,113.46,115.0,112.8,113.98,112.5,1.48,1.3156,42075.72,479104.606
600519.SH,2009-03-30,114.0,115.0,112.1,114.06,113.98,0.08,0.0702,24269.44,276929.285
600519.SH,2009-03-31,113.33,114.9,113.0,114.74,114.06,0.68,0.5962,26428.62,301354.057
600519.SH,2009-04-01,114.98,116.65,114.9,116.26,114.74,1.52,1.3247,40387.57,468753.741
600519.SH,2009-04-02,116.56,119.4,116.56,118.0,116.26,1.74,1.4966,37430.51,441249.387
600519.SH,2009-04-03,119.1,120.55,116.4,116.57,118.0,-1.43,-1.2119,41441.0,492530.479
600519.SH,2009-04-07,116.57,118.18,116.4,118.0,116.57,1.43,1.2267,21419.19,251182.411
600519.SH,2009-04-08,118.0,118.3,115.88,117.06,118.0,-0.94,-0.7966,25653.13,299738.748
600519.SH,2009-04-09,116.88,117.99,116.21,117.81,117.06,0.75,0.6407,18351.85,214789.862
600519.SH,2009-04-10,118.81,120.5,117.78,119.43,117.81,1.62,1.3751,40630.61,484222.233
600519.SH,2009-04-13,120.59,123.2,120.59,122.06,119.43,2.63,2.2021,36687.76,448077.486
600519.SH,2009-04-14,122.07,122.15,118.81,120.51,122.06,-1.55,-1.2699,38023.77,457162.68
600519.SH,2009-04-15,119.96,121.28,117.5,120.63,120.51,0.12,0.0996,38361.63,457652.477
600519.SH,2009-04-16,120.01,120.8,118.25,119.75,120.63,-0.88,-0.7295,38632.41,462321.653
600519.SH,2009-04-17,119.33,123.35,118.3,121.16,119.75,1.41,1.1775,38309.56,466339.526
600519.SH,2009-04-20,122.19,127.3,121.16,127.14,121.16,5.98,4.9356,32419.49,406055.404
600519.SH,2009-04-21,125.23,127.6,125.11,127.51,127.14,0.37,0.291,38927.7,492951.211
600519.SH,2009-04-22,128.18,130.71,123.5,123.82,127.51,-3.69,-2.8939,39706.1,504087.423
600519.SH,2009-04-23,122.5,123.89,120.0,121.56,123.82,-2.26,-1.8252,22497.01,274007.781
600519.SH,2009-04-24,121.99,124.88,121.98,122.12,121.56,0.56,0.4607,22719.87,280863.293
600519.SH,2009-04-27,121.5,121.54,117.4,118.49,122.12,-3.63,-2.9725,28670.31,339940.606
600519.SH,2009-04-28,116.88,118.58,113.9,115.28,118.49,-3.21,-2.7091,34307.33,395869.106
600519.SH,2009-04-29,115.29,117.3,115.25,116.77,115.28,1.49,1.2925,31077.15,360384.15
600519.SH,2009-04-30,117.2,117.21,115.0,116.35,116.77,-0.42,-0.3597,20514.48,238142.369
600519.SH,2009-05-04,116.89,119.37,116.35,119.22,116.35,2.87,2.4667,23555.51,278414.61
600519.SH,2009-05-05,120.0,120.8,118.38,119.04,119.22,-0.18,-0.151,22690.54,270072.39
600519.SH,2009-05-06,118.61,119.0,116.9,117.26,119.04,-1.78,-1.4953,38064.62,447395.076
600519.SH,2009-05-07,117.8,118.91,115.66,117.01,117.26,-0.25,-0.2132,34723.62,406117.083
600519.SH,2009-05-08,116.5,117.6,115.4,117.51,117.01,0.5,0.4273,31007.2,359535.974
600519.SH,2009-05-11,117.5,118.58,116.25,116.42,117.51,-1.09,-0.9276,32773.61,384271.989
600519.SH,2009-05-12,115.51,117.55,115.31,116.49,116.42,0.07,0.0601,25988.9,300962.117
600519.SH,2009-05-13,117.0,117.1,115.22,115.68,116.49,-0.81,-0.6953,35792.44,415020.691
600519.SH,2009-05-14,115.0,116.6,114.8,116.35,115.68,0.67,0.5792,21504.81,249787.985
600519.SH,2009-05-15,116.76,116.98,115.61,116.01,116.35,-0.34,-0.2922,16798.62,195071.191
600519.SH,2009-05-18,115.9,118.7,115.71,118.44,116.01,2.43,2.0946,35072.36,412318.356
600519.SH,2009-05-19,118.64,119.05,116.5,117.28,118.44,-1.16,-0.9794,26554.01,312662.778
600519.SH,2009-05-20,117.06,117.94,115.98,116.07,117.28,-1.21,-1.0317,14711.27,171589.134
600519.SH,2009-05-21,115.8,116.99,114.2,114.42,116.07,-1.65,-1.4216,25788.4,296204.406
600519.SH,2009-05-25,112.82,113.53,112.06,113.36,114.42,-1.06,-0.9264,33676.28,380853.032
600519.SH,2009-05-26,113.36,114.57,112.91,112.95,113.36,-0.41,-0.3617,16806.81,190817.891
600519.SH,2009-05-27,113.13,115.52,112.95,114.77,112.95,1.82,1.6113,27630.0,316980.547
600519.SH,2009-06-01,115.01,118.1,114.71,117.76,114.77,2.99,2.6052,45920.11,537473.265
600519.SH,2009-06-02,117.02,120.96,117.02,119.88,117.76,2.12,1.8003,50168.13,600394.403
600519.SH,2009-06-03,119.88,120.19,117.82,119.72,119.88,-0.16,-0.1335,29245.9,347246.937
600519.SH,2009-06-04,119.8,120.02,117.9,119.26,119.72,-0.46,-0.3842,46533.32,553191.419
600519.SH,2009-06-05,118.66,129.7,118.65,126.06,119.26,6.8,5.7018,77740.93,973345.74
600519.SH,2009-06-08,127.2,129.05,125.0,127.6,126.06,1.54,1.2216,36886.21,469785.127
600519.SH,2009-06-09,127.6,135.0,127.2,131.24,127.6,3.64,2.8527,73303.85,969552.012
600519.SH,2009-06-10,131.69,133.03,130.01,131.3,131.24,0.06,0.0457,26476.92,348306.255
600519.SH,2009-06-11,131.28,136.5,131.28,133.29,131.3,1.99,1.5156,39738.46,533435.068
600519.SH,2009-06-12,133.67,135.8,129.2,130.61,133.29,-2.68,-2.0107,27035.33,357604.702
600519.SH,2009-06-15,130.05,136.6,130.05,136.24,130.61,5.63,4.3105,44081.28,592083.839
600519.SH,2009-06-16,135.8,137.15,134.0,135.69,136.24,-0.55,-0.4037,20039.2,271544.262
600519.SH,2009-06-17,135.35,138.5,135.2,137.65,135.69,1.96,1.4445,22583.67,310521.875
600519.SH,2009-06-18,137.0,138.5,135.5,137.87,137.65,0.22,0.1598,41190.02,564072.323
600519.SH,2009-06-19,136.98,138.69,135.6,136.92,137.87,-0.95,-0.6891,18533.45,253253.63
600519.SH,2009-06-22,137.5,138.2,132.88,132.97,136.92,-3.95,-2.8849,21181.12,285552.148
600519.SH,2009-06-23,131.8,134.5,129.56,133.37,132.97,0.4,0.3008,27588.04,364099.88
600519.SH,2009-06-24,133.3,134.0,131.01,131.99,133.37,-1.38,-1.0347,20936.23,276526.128
600519.SH,2009-06-25,132.99,136.2,132.01,135.89,131.99,3.9,2.9548,21834.14,295200.887
600519.SH,2009-06-26,136.0,138.0,136.0,137.0,135.89,1.11,0.8168,18262.49,250833.621
600519.SH,2009-06-29,138.01,149.01,137.3,147.72,137.0,10.72,7.8248,38015.48,553072.336
600519.SH,2009-06-30,148.5,150.3,144.8,148.01,147.72,0.29,0.1963,24553.49,359599.491
600519.SH,2009-07-01,146.6,148.0,144.98,145.65,146.85,-1.2,-0.8172,19356.75,281759.83
600519.SH,2009-07-02,145.6,150.96,143.7,147.95,145.65,2.3,1.5791,26990.19,395317.139
600519.SH,2009-07-03,147.0,149.0,145.4,145.92,147.95,-2.03,-1.3721,25738.76,376552.059
600519.SH,2009-07-06,145.0,145.98,142.8,143.92,145.92,-2.0,-1.3706,29491.82,423754.9
600519.SH,2009-07-07,143.94,148.01,143.01,145.54,143.92,1.62,1.1256,27405.69,399773.428
600519.SH,2009-07-08,143.5,145.15,141.5,143.93,145.54,-1.61,-1.1062,26515.79,378380.305
600519.SH,2009-07-09,143.21,148.49,143.21,147.22,143.93,3.29,2.2858,34642.34,505222.99
600519.SH,2009-07-10,147.6,153.5,147.37,152.17,147.22,4.95,3.3623,29770.18,451971.144
600519.SH,2009-07-13,152.35,154.0,149.33,153.27,152.17,1.1,0.7229,39765.67,601703.32
600519.SH,2009-07-14,153.19,154.35,152.0,153.3,153.27,0.03,0.0196,26644.55,408475.427
600519.SH,2009-07-15,153.3,154.28,149.97,150.03,153.3,-3.27,-2.1331,31598.41,477906.537
600519.SH,2009-07-16,150.51,151.0,147.95,148.45,150.03,-1.58,-1.0531,36430.57,542209.782
600519.SH,2009-07-17,148.73,150.49,147.7,147.91,148.45,-0.54,-0.3638,14100.05,210098.779
600519.SH,2009-07-20,148.0,149.6,146.98,148.11,147.91,0.2,0.1352,38737.99,572069.34
600519.SH,2009-07-21,148.9,150.2,146.97,147.32,148.11,-0.79,-0.5334,42220.26,627819.24
600519.SH,2009-07-22,147.0,148.39,145.7,147.41,147.32,0.09,0.0611,25036.21,366601.445
600519.SH,2009-07-23,147.85,147.99,146.01,146.28,147.41,-1.13,-0.7666,17249.52,253176.789
600519.SH,2009-07-24,146.58,150.79,146.28,147.0,146.28,0.72,0.4922,45370.56,673882.706
600519.SH,2009-07-27,147.49,153.5,147.49,153.11,147.0,6.11,4.1565,64531.23,969451.469
600519.SH,2009-07-28,153.1,158.97,152.6,153.2,153.11,0.09,0.0588,36229.61,564423.483
600519.SH,2009-07-29,153.3,156.15,144.0,148.01,153.2,-5.19,-3.3877,36955.63,556652.765
600519.SH,2009-07-30,151.7,151.7,146.51,149.83,148.01,1.82,1.2296,27550.49,410415.145
600519.SH,2009-07-31,150.99,150.99,148.65,150.02,149.83,0.19,0.1268,32992.19,494144.461
600519.SH,2009-08-03,152.0,158.58,152.0,155.71,150.02,5.69,3.7928,44458.4,693624.944
600519.SH,2009-08-04,157.02,157.02,152.6,154.13,155.71,-1.58,-1.0147,21435.38,329545.708
600519.SH,2009-08-05,154.7,163.89,154.7,163.77,154.13,9.64,6.2545,55448.96,893443.535
600519.SH,2009-08-06,161.01,166.5,160.1,165.07,163.77,1.3,0.7938,39442.09,644496.759
600519.SH,2009-08-07,166.8,170.0,161.56,163.88,165.07,-1.19,-0.7209,57867.46,953137.97
600519.SH,2009-08-10,164.01,165.0,158.88,163.5,163.88,-0.38,-0.2319,29298.93,472002.862
600519.SH,2009-08-11,163.88,172.5,161.66,170.0,163.5,6.5,3.9755,36307.36,611324.918
600519.SH,2009-08-12,169.9,175.5,162.0,166.26,170.0,-3.74,-2.2,41404.39,698628.591
600519.SH,2009-08-13,162.88,166.25,159.8,162.94,166.26,-3.32,-1.9969,33768.67,544005.102
600519.SH,2009-08-14,162.99,162.99,156.0,157.78,162.94,-5.16,-3.1668,24706.94,390424.195
600519.SH,2009-08-17,155.1,157.46,147.88,149.54,157.78,-8.24,-5.2225,29750.4,451437.989
600519.SH,2009-08-18,148.5,152.16,148.01,150.15,149.54,0.61,0.4079,29839.79,448107.193
600519.SH,2009-08-19,151.97,155.1,148.0,149.61,150.15,-0.54,-0.3596,33576.36,509878.566
600519.SH,2009-08-20,149.0,152.5,148.0,151.99,149.61,2.38,1.5908,34599.53,522725.007
600519.SH,2009-08-21,152.01,157.0,151.01,156.51,151.99,4.52,2.9739,24743.37,383636.526
600519.SH,2009-08-24,156.99,158.99,156.55,158.41,156.51,1.9,1.214,13417.58,212008.261
600519.SH,2009-08-25,157.9,157.9,152.1,155.91,158.41,-2.5,-1.5782,24501.25,377947.429
600519.SH,2009-08-26,153.53,160.5,153.53,159.19,155.91,3.28,2.1038,22354.61,353413.336
600519.SH,2009-08-27,158.88,162.68,158.0,161.34,159.19,2.15,1.3506,22161.14,356997.195
600519.SH,2009-08-28,161.0,162.7,159.0,159.27,161.34,-2.07,-1.283,24049.13,386203.839
600519.SH,2009-08-31,158.0,158.01,149.5,149.99,159.27,-9.28,-5.8266,37333.94,568178.14
600519.SH,2009-09-01,150.0,155.3,149.97,151.55,149.99,1.56,1.0401,20632.49,313194.378
600519.SH,2009-09-02,150.98,151.95,149.56,150.82,151.55,-0.73,-0.4817,16156.29,243221.073
600519.SH,2009-09-03,150.05,155.5,150.02,155.11,150.82,4.29,2.8445,19156.57,293428.432
600519.SH,2009-09-04,154.99,156.0,153.0,155.37,155.11,0.26,0.1676,21554.02,332587.085
600519.SH,2009-09-07,156.42,165.5,156.28,161.89,155.37,6.52,4.1964,38845.16,630053.587
600519.SH,2009-09-08,161.9,168.2,159.12,166.45,161.89,4.56,2.8167,34490.08,572753.391
600519.SH,2009-09-09,166.45,168.99,162.0,164.34,166.45,-2.11,-1.2676,31202.77,512038.3
600519.SH,2009-09-10,164.3,166.1,162.5,165.95,164.34,1.61,0.9797,13254.77,218828.433
600519.SH,2009-09-11,165.9,168.0,163.9,166.77,165.95,0.82,0.4941,13471.9,224260.634
600519.SH,2009-09-14,168.05,169.0,166.8,167.08,166.77,0.31,0.1859,15551.48,260573.647
600519.SH,2009-09-15,167.2,168.81,164.23,165.55,167.08,-1.53,-0.9157,17816.01,294648.966
600519.SH,2009-09-16,165.03,166.9,162.88,164.76,165.55,-0.79,-0.4772,13431.34,219954.118
600519.SH,2009-09-17,164.8,165.75,164.41,164.77,164.76,0.01,0.0061,16694.16,275360.254
600519.SH,2009-09-18,164.8,164.85,162.0,162.78,164.77,-1.99,-1.2077,18411.55,301101.12
600519.SH,2009-09-21,161.33,165.6,159.2,165.42,162.78,2.64,1.6218,26129.24,422889.399
600519.SH,2009-09-22,165.11,171.69,164.48,169.59,165.42,4.17,2.5209,40974.82,697323.678
600519.SH,2009-09-23,169.69,170.9,165.0,165.19,169.59,-4.4,-2.5945,21214.93,356415.097
600519.SH,2009-09-24,165.0,165.0,159.76,161.62,165.19,-3.57,-2.1611,18786.6,302998.962
600519.SH,2009-09-25,162.0,166.66,162.0,164.49,161.62,2.87,1.7758,18528.04,304628.817
600519.SH,2009-09-28,164.6,166.51,164.0,164.1,164.49,-0.39,-0.2371,13453.44,222874.121
600519.SH,2009-09-29,164.0,165.0,161.5,162.24,164.1,-1.86,-1.1335,15423.77,251534.805
600519.SH,2009-09-30,163.99,166.78,163.0,164.86,162.24,2.62,1.6149,12882.49,212532.258
600519.SH,2009-10-09,166.8,168.99,166.7,168.36,164.86,3.5,2.123,12506.08,210257.02
600519.SH,2009-10-12,169.0,169.99,166.9,167.02,168.36,-1.34,-0.7959,8762.04,147502.66
600519.SH,2009-10-13,166.01,168.49,164.5,165.89,167.02,-1.13,-0.6766,10237.23,170054.046
600519.SH,2009-10-14,166.46,166.49,163.11,164.28,165.89,-1.61,-0.9705,37299.99,612459.767
600519.SH,2009-10-15,164.87,164.87,160.41,161.14,164.28,-3.14,-1.9114,28112.33,454982.752
600519.SH,2009-10-16,161.12,162.0,159.16,159.98,161.14,-1.16,-0.7199,27986.54,447651.087
600519.SH,2009-10-19,160.21,162.5,158.95,162.49,159.98,2.51,1.5689,43639.78,698074.669
600519.SH,2009-10-20,162.7,165.6,161.01,165.43,162.49,2.94,1.8093,40788.12,666676.389
600519.SH,2009-10-21,165.0,165.0,160.8,160.89,165.43,-4.54,-2.7444,38083.93,617367.731
600519.SH,2009-10-22,160.1,161.97,157.98,158.92,160.89,-1.97,-1.2244,36817.39,585366.561
600519.SH,2009-10-23,158.92,160.2,158.3,159.31,158.92,0.39,0.2454,46515.61,739672.651
600519.SH,2009-10-26,159.97,159.98,156.26,156.59,159.31,-2.72,-1.7074,45644.31,716061.313
600519.SH,2009-10-27,156.59,157.0,155.5,155.99,156.59,-0.6,-0.3832,25428.41,396334.908
600519.SH,2009-10-28,156.1,157.85,155.8,157.43,155.99,1.44,0.9231,19141.9,300201.158
600519.SH,2009-10-29,156.4,158.38,155.6,156.36,157.43,-1.07,-0.6797,20565.23,323781.024
600519.SH,2009-10-30,157.5,157.89,156.3,157.61,156.36,1.25,0.7994,27503.85,432308.188
600519.SH,2009-11-02,156.0,160.1,155.48,160.01,157.61,2.4,1.5227,32020.27,506826.774
600519.SH,2009-11-03,160.0,161.4,159.06,159.88,160.01,-0.13,-0.0812,20118.89,322722.635
600519.SH,2009-11-04,159.87,163.01,159.0,162.53,159.88,2.65,1.6575,33612.38,543718.745
600519.SH,2009-11-05,162.49,163.35,161.51,162.33,162.53,-0.2,-0.1231,20028.6,325198.987
600519.SH,2009-11-06,163.11,163.19,160.31,161.04,162.33,-1.29,-0.7947,26421.66,427266.654
600519.SH,2009-11-09,161.04,161.8,159.3,159.89,161.04,-1.15,-0.7141,18475.89,295938.895
600519.SH,2009-11-10,160.43,161.61,159.0,160.35,159.89,0.46,0.2877,32878.33,527631.019
600519.SH,2009-11-11,160.15,165.8,160.15,163.42,160.35,3.07,1.9146,42757.38,698929.654
600519.SH,2009-11-12,163.45,167.61,163.2,166.5,163.42,3.08,1.8847,42620.95,706940.28
600519.SH,2009-11-13,166.6,170.3,165.23,168.57,166.5,2.07,1.2432,50107.75,845848.184
600519.SH,2009-11-16,168.88,175.53,168.88,173.88,168.57,5.31,3.15,41480.38,721755.719
600519.SH,2009-11-17,174.0,175.0,168.8,174.0,173.88,0.12,0.069,29399.21,506410.452
600519.SH,2009-11-18,172.82,174.4,170.85,170.96,174.0,-3.04,-1.7471,16440.19,282834.42
600519.SH,2009-11-19,171.08,172.79,169.2,170.11,170.96,-0.85,-0.4972,17108.5,291816.172
600519.SH,2009-11-20,170.03,170.5,168.46,168.86,170.11,-1.25,-0.7348,23133.06,391812.97
600519.SH,2009-11-23,169.1,172.0,168.83,171.78,168.86,2.92,1.7292,35330.5,602278.226
600519.SH,2009-11-24,172.89,177.11,169.6,169.84,171.78,-1.94,-1.1294,43379.35,757143.585
600519.SH,2009-11-25,169.9,174.88,169.9,174.06,169.84,4.22,2.4847,32233.22,557388.538
600519.SH,2009-11-26,174.89,174.89,168.4,168.49,174.06,-5.57,-3.2,26501.31,452465.235
600519.SH,2009-11-27,168.32,168.6,165.06,165.21,168.49,-3.28,-1.9467,24669.89,411859.873
600519.SH,2009-11-30,166.98,174.44,165.4,173.91,165.21,8.7,5.266,43746.59,749610.425
600519.SH,2009-12-01,172.75,178.2,172.02,177.24,173.91,3.33,1.9148,39579.41,698056.574
600519.SH,2009-12-02,177.24,177.44,173.88,176.14,177.24,-1.1,-0.6206,20596.22,362528.922
600519.SH,2009-12-03,175.99,176.02,171.65,173.9,176.14,-2.24,-1.2717,25005.86,433467.098
600519.SH,2009-12-04,173.9,173.9,169.01,170.9,173.9,-3.0,-1.7251,31035.25,530120.181
600519.SH,2009-12-07,180.0,181.06,174.8,176.53,170.9,5.63,3.2943,45682.8,808969.972
600519.SH,2009-12-08,176.57,178.0,173.5,174.56,176.53,-1.97,-1.116,26144.1,456591.109
600519.SH,2009-12-09,174.0,174.44,171.8,172.81,174.56,-1.75,-1.0025,17823.65,308029.9
600519.SH,2009-12-10,174.02,174.55,172.38,174.42,172.81,1.61,0.9317,16404.37,284681.531
600519.SH,2009-12-11,175.01,175.97,173.5,174.91,174.42,0.49,0.2809,16593.76,290069.819
600519.SH,2009-12-14,175.5,175.5,172.86,174.38,174.91,-0.53,-0.303,21182.08,368762.139
600519.SH,2009-12-15,174.5,175.0,171.85,172.92,174.38,-1.46,-0.8373,20791.46,359287.534
600519.SH,2009-12-16,172.9,172.91,168.79,169.4,172.92,-3.52,-2.0356,32650.28,555677.963
600519.SH,2009-12-17,170.11,170.11,166.1,166.34,169.4,-3.06,-1.8064,27957.03,469717.785
600519.SH,2009-12-18,166.0,166.09,163.5,165.26,166.34,-1.08,-0.6493,18309.17,302160.706
600519.SH,2009-12-21,166.0,169.23,166.0,167.77,165.26,2.51,1.5188,18123.23,303592.013
600519.SH,2009-12-22,168.19,168.5,165.5,166.87,167.77,-0.9,-0.5364,16264.32,271984.51
600519.SH,2009-12-23,166.84,168.1,166.03,167.68,166.87,0.81,0.4854,20918.85,350286.334
600519.SH,2009-12-24,167.0,173.93,166.81,172.45,167.68,4.77,2.8447,38203.66,655732.97
600519.SH,2009-12-25,172.45,173.0,169.19,170.44,172.45,-2.01,-1.1656,31846.6,542382.941
600519.SH,2009-12-28,170.2,171.96,169.5,170.4,170.44,-0.04,-0.0235,27905.43,474640.192
600519.SH,2009-12-29,171.49,171.74,169.8,171.2,170.4,0.8,0.4695,21527.13,367265.881
600519.SH,2009-12-30,171.49,171.49,168.0,169.08,171.2,-2.12,-1.2383,48254.15,815387.555
600519.SH,2009-12-31,169.23,170.05,168.8,169.82,169.08,0.74,0.4377,29934.29,507306.247
600519.SH,2010-01-04,172.0,172.0,169.31,169.94,169.82,0.12,0.07,44304.88,753405.635
600519.SH,2010-01-05,170.99,171.5,169.0,169.44,169.94,-0.5,-0.29,31513.18,535720.422
600519.SH,2010-01-06,168.99,169.5,166.31,166.76,169.44,-2.68,-1.58,39889.03,666073.283
600519.SH,2010-01-07,166.76,167.19,161.88,163.72,166.76,-3.04,-1.82,48825.55,801445.269
600519.SH,2010-01-08,164.0,164.0,160.1,162.0,163.72,-1.72,-1.05,36702.09,593162.176
600519.SH,2010-01-11,163.6,164.9,160.5,161.29,162.0,-0.71,-0.44,24461.03,395563.861
600519.SH,2010-01-12,161.45,166.17,160.61,165.65,161.29,4.36,2.7,31063.4,509373.871
600519.SH,2010-01-13,163.99,165.15,161.0,161.44,165.65,-4.21,-2.54,37924.44,621261.8
600519.SH,2010-01-14,162.0,169.2,162.0,168.54,161.44,7.1,4.4,46454.64,775471.608
600519.SH,2010-01-15,168.51,173.38,168.51,169.87,168.54,1.33,0.79,45938.5,788328.964
600519.SH,2010-01-18,170.0,172.26,169.9,170.98,169.87,1.11,0.65,21461.53,368485.894
600519.SH,2010-01-19,170.99,171.5,169.5,169.77,170.98,-1.21,-0.71,17818.91,302797.491
600519.SH,2010-01-20,169.91,170.15,165.8,165.92,169.77,-3.85,-2.27,20972.95,353315.689
600519.SH,2010-01-21,165.86,168.38,165.5,166.73,165.92,0.81,0.49,17257.48,287779.661
600519.SH,2010-01-22,166.6,167.29,161.89,164.13,166.73,-2.6,-1.56,25432.94,416305.093
600519.SH,2010-01-25,163.85,167.3,162.51,166.04,164.13,1.91,1.16,23239.15,385581.318
600519.SH,2010-01-26,168.27,170.17,164.6,166.7,166.04,0.66,0.4,32889.16,553152.669
600519.SH,2010-01-27,166.03,167.78,163.6,163.98,166.7,-2.72,-1.63,19316.57,320765.897
600519.SH,2010-01-28,163.86,170.35,163.5,169.2,163.98,5.22,3.18,30267.52,507716.302
600519.SH,2010-01-29,169.95,170.2,167.68,168.54,169.2,-0.66,-0.39,37172.82,628192.888
600519.SH,2010-02-01,168.88,169.58,167.01,168.89,168.54,0.35,0.21,29655.94,499867.002
600519.SH,2010-02-02,168.0,170.0,166.29,166.52,168.89,-2.37,-1.4,15493.53,260426.281
600519.SH,2010-02-03,166.21,168.1,164.2,165.93,166.52,-0.59,-0.35,23034.65,382974.414
600519.SH,2010-02-04,165.9,169.25,165.13,168.6,165.93,2.67,1.61,22475.33,376703.449
600519.SH,2010-02-05,167.61,171.88,167.0,171.25,168.6,2.65,1.57,26234.3,445744.684
600519.SH,2010-02-08,171.25,175.6,170.52,171.23,171.25,-0.02,-0.01,31496.1,548228.595
600519.SH,2010-02-09,172.0,173.33,170.53,171.11,171.23,-0.12,-0.07,14151.24,243172.993
600519.SH,2010-02-10,172.0,172.59,170.7,171.83,171.11,0.72,0.42,6398.14,109830.207
600519.SH,2010-02-11,171.8,174.44,171.6,173.38,171.83,1.55,0.9,14945.05,259254.548
600519.SH,2010-02-12,173.97,174.2,172.2,173.09,173.38,-0.29,-0.17,9346.4,161899.961
600519.SH,2010-02-22,173.0,173.1,169.07,169.08,173.09,-4.01,-2.32,12178.08,207127.846
600519.SH,2010-02-23,169.25,170.5,164.7,166.75,169.08,-2.33,-1.38,23562.13,391601.201
600519.SH,2010-02-24,166.76,168.6,165.5,167.92,166.75,1.17,0.7,9904.27,165405.133
600519.SH,2010-02-25,166.9,170.0,166.9,168.25,167.92,0.33,0.2,15313.96,258220.826
600519.SH,2010-02-26,168.98,168.98,166.6,166.84,168.25,-1.41,-0.84,10338.58,173028.879
600519.SH,2010-03-01,166.45,167.45,165.99,166.24,166.84,-0.6,-0.36,21734.74,361550.327
600519.SH,2010-03-02,166.61,166.79,164.9,165.6,166.24,-0.64,-0.39,17182.23,284524.248
600519.SH,2010-03-03,165.99,166.24,164.93,165.66,165.6,0.06,0.04,14232.86,235470.73
600519.SH,2010-03-04,166.02,166.85,164.0,165.14,165.66,-0.52,-0.31,14168.97,234440.689
600519.SH,2010-03-05,165.15,165.45,164.28,164.41,165.14,-0.73,-0.44,9770.55,160821.083
600519.SH,2010-03-08,164.48,164.98,162.8,163.18,164.41,-1.23,-0.75,23259.44,380034.354
600519.SH,2010-03-09,163.2,163.7,162.7,163.17,163.18,-0.01,-0.01,12340.97,201437.828
600519.SH,2010-03-10,163.27,163.7,162.9,163.66,163.17,0.49,0.3,11814.06,192984.027
600519.SH,2010-03-11,163.86,164.45,162.58,163.01,163.66,-0.65,-0.4,13518.56,220769.894
600519.SH,2010-03-12,163.02,163.67,161.59,161.92,163.01,-1.09,-0.67,12192.27,197699.619
600519.SH,2010-03-15,161.91,161.91,157.9,158.7,161.92,-3.22,-1.99,15808.51,251338.919
600519.SH,2010-03-16,158.7,159.65,157.9,158.94,158.7,0.24,0.15,7764.13,123284.715
600519.SH,2010-03-17,158.98,160.58,158.9,160.51,158.94,1.57,0.99,18710.93,298972.351
600519.SH,2010-03-18,160.58,161.37,157.75,158.41,160.51,-2.1,-1.31,14726.62,234364.03
600519.SH,2010-03-19,158.88,159.34,158.0,158.76,158.41,0.35,0.22,13361.63,212046.433
600519.SH,2010-03-22,159.24,159.6,157.68,158.0,158.76,-0.76,-0.48,23008.46,364454.79
600519.SH,2010-03-23,157.81,158.48,156.92,157.28,158.0,-0.72,-0.46,18329.9,288785.264
600519.SH,2010-03-24,157.58,159.78,157.55,159.15,157.28,1.87,1.19,20175.66,320611.718
600519.SH,2010-03-25,158.9,158.9,157.8,157.9,159.15,-1.25,-0.79,9813.6,155141.078
600519.SH,2010-03-26,158.17,160.88,158.08,159.66,157.9,1.76,1.11,20527.37,328239.751
600519.SH,2010-03-29,159.7,161.97,159.01,161.72,159.66,2.06,1.29,31475.43,505626.392
600519.SH,2010-03-30,161.76,161.96,159.5,160.01,161.72,-1.71,-1.06,19012.1,304981.145
600519.SH,2010-03-31,159.97,161.62,158.5,158.76,160.01,-1.25,-0.78,14905.16,237596.436
600519.SH,2010-04-01,158.78,160.5,158.76,160.06,158.76,1.3,0.82,23980.83,383228.783
600519.SH,2010-04-02,158.0,158.0,151.6,152.63,160.06,-7.43,-4.64,154281.7,2359758.883
600519.SH,2010-04-06,151.9,152.99,151.3,151.84,152.63,-0.79,-0.52,53122.91,806704.607
600519.SH,2010-04-07,151.87,152.85,151.22,152.13,151.84,0.29,0.19,41061.08,623779.291
600519.SH,2010-04-08,152.16,152.17,150.0,150.51,152.13,-1.62,-1.06,32921.19,497205.376
600519.SH,2010-04-09,150.01,150.6,147.79,149.14,150.51,-1.37,-0.91,54418.18,809627.274
600519.SH,2010-04-12,149.2,149.78,146.78,147.29,149.14,-1.85,-1.24,38514.23,568871.643
600519.SH,2010-04-13,147.4,150.99,146.9,149.88,147.29,2.59,1.76,54305.27,807780.23
600519.SH,2010-04-14,150.87,150.87,148.26,150.52,149.88,0.64,0.43,46368.44,693802.745
600519.SH,2010-04-15,150.65,150.65,147.0,147.48,150.52,-3.04,-2.02,40617.3,602138.292
600519.SH,2010-04-16,147.47,149.51,146.8,147.98,147.48,0.5,0.34,29395.56,434500.524
600519.SH,2010-04-19,148.01,149.55,145.85,146.16,147.98,-1.82,-1.23,41332.19,609860.437
600519.SH,2010-04-20,146.0,146.0,140.12,143.52,146.16,-2.64,-1.81,49387.23,704502.59
600519.SH,2010-04-21,143.5,148.21,141.71,148.02,143.52,4.5,3.14,63365.87,922573.405
600519.SH,2010-04-22,147.35,149.25,146.03,148.56,148.02,0.54,0.36,37063.95,549560.405
600519.SH,2010-04-23,148.0,149.6,143.1,143.83,148.56,-4.73,-3.18,66686.94,972162.191
600519.SH,2010-04-26,139.0,139.58,136.9,136.93,143.83,-6.9,-4.8,107036.13,1480340.425
600519.SH,2010-04-27,136.89,136.89,132.7,132.95,136.93,-3.98,-2.91,58234.48,781868.466
600519.SH,2010-04-28,132.0,133.4,131.0,132.13,132.95,-0.82,-0.62,26287.43,347144.556
600519.SH,2010-04-29,132.56,135.26,132.56,134.25,132.13,2.12,1.6,34501.2,464124.49
600519.SH,2010-04-30,131.43,131.43,127.75,129.03,134.25,-5.22,-3.89,85566.7,1102902.799
600519.SH,2010-05-04,127.99,129.56,126.89,128.64,129.03,-0.39,-0.3,23975.16,308504.586
600519.SH,2010-05-05,127.8,131.24,127.3,130.79,128.64,2.15,1.67,33838.78,440483.241
600519.SH,2010-05-06,131.0,131.0,127.3,127.35,130.79,-3.44,-2.63,28240.34,364015.607
600519.SH,2010-05-07,126.0,130.37,125.5,130.01,127.35,2.66,2.09,31254.76,401357.091
600519.SH,2010-05-10,132.0,136.0,132.0,133.54,130.01,3.53,2.72,66192.58,888886.062
600519.SH,2010-05-11,135.59,136.0,132.83,133.66,133.54,0.12,0.09,33632.41,450668.323
600519.SH,2010-05-12,133.29,134.0,130.0,133.18,133.66,-0.48,-0.36,21643.19,285567.368
600519.SH,2010-05-13,133.23,135.7,133.23,134.87,133.18,1.69,1.27,27049.54,365164.014
600519.SH,2010-05-14,134.88,136.11,134.0,134.95,134.87,0.08,0.06,18126.16,245038.802
600519.SH,2010-05-17,134.7,134.7,129.6,129.8,134.95,-5.15,-3.82,17643.59,231880.074
600519.SH,2010-05-18,130.0,130.97,126.18,130.11,129.8,0.31,0.24,26037.47,334232.104
600519.SH,2010-05-19,130.5,131.2,128.02,129.83,130.11,-0.28,-0.22,10798.97,140244.493
600519.SH,2010-05-20,129.45,133.33,129.01,131.48,129.83,1.65,1.27,22740.45,300553.538
600519.SH,2010-05-21,129.4,134.6,128.47,134.21,131.48,2.73,2.08,27341.38,362007.811
600519.SH,2010-05-24,134.99,136.5,134.3,135.97,134.21,1.76,1.31,29783.47,404173.639
600519.SH,2010-05-25,135.6,135.6,130.75,131.25,135.97,-4.72,-3.47,22050.77,292444.449
600519.SH,2010-05-26,131.5,132.66,130.16,131.94,131.25,0.69,0.53,11025.31,145156.073
600519.SH,2010-05-31,133.5,135.22,131.88,131.88,131.94,-0.06,-0.05,23549.88,314717.16
600519.SH,2010-06-01,131.75,133.46,130.5,132.63,131.88,0.75,0.57,23525.57,311393.511
600519.SH,2010-06-02,132.56,134.4,131.65,134.16,132.63,1.53,1.15,21889.44,291694.861
600519.SH,2010-06-03,134.99,136.5,133.4,135.03,134.16,0.87,0.65,24949.42,338070.633
600519.SH,2010-06-04,134.93,138.4,134.21,138.12,135.03,3.09,2.29,30036.43,410658.458
600519.SH,2010-06-07,137.0,142.27,136.0,141.06,138.12,2.94,2.13,38125.07,535882.247
600519.SH,2010-06-08,141.06,141.88,139.0,140.12,141.06,-0.94,-0.67,14394.78,202331.408
600519.SH,2010-06-09,140.22,142.6,140.08,141.42,140.12,1.3,0.93,18053.93,255194.304
600519.SH,2010-06-10,141.4,142.6,140.53,141.35,141.42,-0.07,-0.05,11781.27,166835.001
600519.SH,2010-06-11,141.57,142.5,138.56,138.71,141.35,-2.64,-1.87,19572.75,274933.803
600519.SH,2010-06-17,139.2,139.49,136.31,136.48,138.71,-2.23,-1.61,12523.71,172316.218
600519.SH,2010-06-18,136.01,136.8,131.01,132.26,136.48,-4.22,-3.09,20102.29,270316.817
600519.SH,2010-06-21,132.4,134.5,131.2,134.44,132.26,2.18,1.65,18954.01,251513.446
600519.SH,2010-06-22,133.26,133.94,131.4,132.19,134.44,-2.25,-1.67,20779.1,275184.084
600519.SH,2010-06-23,132.0,132.88,131.42,131.7,132.19,-0.49,-0.37,12812.76,169174.743
600519.SH,2010-06-24,131.91,132.47,129.68,129.97,131.7,-1.73,-1.31,24344.03,317936.253
600519.SH,2010-06-25,129.8,131.0,128.83,130.52,129.97,0.55,0.42,19011.35,246313.336
600519.SH,2010-06-28,130.2,130.22,127.81,128.01,130.52,-2.51,-1.92,14816.98,190660.624
600519.SH,2010-06-29,128.51,129.39,125.51,126.27,128.01,-1.74,-1.36,27782.66,354061.61
600519.SH,2010-06-30,126.0,127.5,125.65,127.36,126.27,1.09,0.86,17824.12,225134.758
600519.SH,2010-07-01,127.85,127.85,126.5,127.02,127.36,-0.34,-0.27,7449.69,94688.255
600519.SH,2010-07-02,126.55,129.1,126.55,127.68,127.02,0.66,0.52,16452.7,209978.232
600519.SH,2010-07-05,126.5,126.8,124.56,125.81,126.5,-0.69,-0.55,14040.74,176428.087
600519.SH,2010-07-06,125.9,128.16,125.0,127.6,125.81,1.79,1.42,15306.43,195146.898
600519.SH,2010-07-07,127.6,128.5,126.5,127.32,127.6,-0.28,-0.22,8788.28,111689.439
600519.SH,2010-07-08,127.11,128.5,127.11,128.32,127.32,1.0,0.79,8516.41,108893.89
600519.SH,2010-07-09,128.58,132.2,127.71,131.06,128.32,2.74,2.14,27378.51,357390.425
600519.SH,2010-07-12,130.8,133.3,130.55,130.71,131.06,-0.35,-0.27,17834.26,235347.809
600519.SH,2010-07-13,130.74,130.74,128.51,129.55,130.71,-1.16,-0.89,7439.11,96225.621
600519.SH,2010-07-14,129.4,131.16,129.03,130.24,129.55,0.69,0.53,9642.66,125763.296
600519.SH,2010-07-15,130.5,133.2,130.35,131.83,130.24,1.59,1.22,18833.33,248573.676
600519.SH,2010-07-16,130.9,134.34,130.58,133.81,131.83,1.98,1.5,32949.51,438987.876
600519.SH,2010-07-19,133.05,136.2,132.91,135.8,133.81,1.99,1.49,19412.32,261608.074
600519.SH,2010-07-20,135.98,137.29,134.68,136.51,135.8,0.71,0.52,26886.19,366053.258
600519.SH,2010-07-21,136.51,140.4,136.51,137.88,136.51,1.37,1.0,24363.02,338324.505
600519.SH,2010-07-22,138.8,138.8,136.8,137.96,137.88,0.08,0.06,16221.66,223560.516
600519.SH,2010-07-23,138.18,141.02,138.18,140.71,137.96,2.75,1.99,38466.0,539887.868
600519.SH,2010-07-26,140.71,142.78,140.25,140.96,140.71,0.25,0.18,22016.91,311555.737
600519.SH,2010-07-27,140.1,142.18,140.1,142.0,140.96,1.04,0.74,25229.04,357546.813
600519.SH,2010-07-28,142.6,143.03,141.5,142.94,142.0,0.94,0.66,27740.35,395352.77
600519.SH,2010-07-29,142.93,143.1,139.16,139.42,142.94,-3.52,-2.46,45372.87,636454.908
600519.SH,2010-07-30,139.28,139.28,137.5,138.67,139.42,-0.75,-0.54,29438.77,406203.348
600519.SH,2010-08-02,138.63,145.26,138.63,143.55,138.67,4.88,3.52,42965.73,614400.254
600519.SH,2010-08-03,143.0,144.8,142.01,142.26,143.55,-1.29,-0.9,17573.23,251858.817
600519.SH,2010-08-04,142.0,144.2,141.72,144.02,142.26,1.76,1.24,17350.13,249201.032
600519.SH,2010-08-05,144.08,149.35,144.08,148.16,144.02,4.14,2.87,41966.13,620781.742
600519.SH,2010-08-06,147.8,148.8,147.2,148.2,148.16,0.04,0.03,21840.53,323918.732
600519.SH,2010-08-09,148.25,152.22,148.25,151.61,148.2,3.41,2.3,38703.73,586147.268
600519.SH,2010-08-10,151.61,153.59,146.5,146.76,151.61,-4.85,-3.2,28739.94,427619.893
600519.SH,2010-08-11,146.0,149.0,146.0,147.85,146.76,1.09,0.74,15190.63,224550.906
600519.SH,2010-08-12,147.8,151.9,146.21,148.92,147.85,1.07,0.72,31025.87,463112.778
600519.SH,2010-08-13,148.88,151.46,148.32,150.39,148.92,1.47,0.99,15775.59,236758.807
600519.SH,2010-08-16,150.41,153.29,150.41,152.9,150.39,2.51,1.67,25910.45,395272.912
600519.SH,2010-08-17,152.8,156.25,152.5,155.09,152.9,2.19,1.43,35747.57,554777.11
600519.SH,2010-08-18,154.98,156.42,152.3,152.84,155.09,-2.25,-1.45,30173.78,464752.257
600519.SH,2010-08-19,152.88,153.9,150.5,151.26,152.84,-1.58,-1.03,35437.14,536485.063
600519.SH,2010-08-20,151.19,151.19,148.48,148.89,151.26,-2.37,-1.57,20841.59,311220.147
600519.SH,2010-08-23,148.25,150.9,148.0,150.72,148.89,1.83,1.23,13214.93,197952.515
600519.SH,2010-08-24,150.32,152.99,149.1,151.42,150.72,0.7,0.46,10838.25,164253.365
600519.SH,2010-08-25,150.5,151.92,149.63,149.79,151.42,-1.63,-1.08,16507.88,249067.209
600519.SH,2010-08-26,149.9,150.55,148.5,150.37,149.79,0.58,0.39,12232.54,183116.485
600519.SH,2010-08-27,150.0,151.23,149.2,151.06,150.37,0.69,0.46,8799.39,132580.368
600519.SH,2010-08-30,151.68,160.0,151.68,159.82,151.06,8.76,5.8,53784.43,849497.659
600519.SH,2010-08-31,158.53,160.99,157.88,159.23,159.82,-0.59,-0.37,31399.97,501261.374
600519.SH,2010-09-01,158.8,161.2,155.9,156.88,159.23,-2.35,-1.48,25589.28,406904.438
600519.SH,2010-09-02,158.0,162.08,157.87,159.99,156.88,3.11,1.98,24821.98,399335.601
600519.SH,2010-09-03,159.8,165.38,159.8,162.62,159.99,2.63,1.64,27761.44,452832.217
600519.SH,2010-09-06,164.0,168.6,164.0,166.72,162.62,4.1,2.52,29008.44,485289.346
600519.SH,2010-09-07,167.05,169.1,164.8,165.27,166.72,-1.45,-0.87,22373.67,372434.005
600519.SH,2010-09-08,165.0,167.5,165.0,166.48,165.27,1.21,0.73,15010.8,250344.694
600519.SH,2010-09-09,167.0,169.1,166.0,166.89,166.48,0.41,0.25,21503.84,360593.531
600519.SH,2010-09-10,167.5,169.9,166.5,169.49,166.89,2.6,1.56,19867.68,335023.684
600519.SH,2010-09-13,169.0,173.45,167.95,168.78,169.49,-0.71,-0.42,28063.47,480493.819
600519.SH,2010-09-14,168.75,170.22,165.6,167.29,168.78,-1.49,-0.88,26383.43,441034.013
600519.SH,2010-09-15,167.0,167.29,161.7,162.45,167.29,-4.84,-2.89,21032.08,347008.844
600519.SH,2010-09-16,162.1,164.05,156.89,159.34,162.45,-3.11,-1.91,20497.73,327836.606
600519.SH,2010-09-17,159.22,164.44,157.51,161.81,159.34,2.47,1.55,17975.26,290800.424
600519.SH,2010-09-20,162.86,166.0,162.0,164.65,161.81,2.84,1.76,12576.07,206418.537
600519.SH,2010-09-21,166.5,166.88,164.01,166.08,164.65,1.43,0.87,14940.36,247684.425
600519.SH,2010-09-27,166.1,169.0,165.3,168.83,166.08,2.75,1.66,18548.46,310077.012
600519.SH,2010-09-28,168.59,171.19,168.0,170.78,168.83,1.95,1.16,22585.12,384574.256
600519.SH,2010-09-29,170.4,171.55,167.01,167.16,170.78,-3.62,-2.12,13272.0,225065.386
600519.SH,2010-09-30,166.56,169.2,166.0,168.73,167.16,1.57,0.94,14578.9,244719.876
600519.SH,2010-10-08,169.0,175.5,169.0,173.53,168.73,4.8,2.84,31608.89,549853.018
600519.SH,2010-10-11,174.0,176.43,166.0,167.8,173.53,-5.73,-3.3,43742.69,742024.422
600519.SH,2010-10-12,167.81,169.98,164.29,166.6,167.8,-1.2,-0.72,28543.04,473412.98
600519.SH,2010-10-13,166.0,166.53,159.85,161.0,166.6,-5.6,-3.36,60287.75,972450.177
600519.SH,2010-10-14,161.02,161.3,156.81,158.44,161.0,-2.56,-1.59,53243.73,842374.776
600519.SH,2010-10-15,158.52,163.0,158.31,159.98,158.44,1.54,0.97,72099.79,1152421.933
600519.SH,2010-10-18,160.0,165.16,154.8,162.42,159.98,2.44,1.53,96564.42,1522116.994
600519.SH,2010-10-19,161.42,164.9,160.0,163.27,162.42,0.85,0.52,53448.48,870135.034
600519.SH,2010-10-20,160.1,168.9,160.09,167.41,163.27,4.14,2.54,47372.89,788461.639
600519.SH,2010-10-21,167.6,170.05,165.8,167.47,167.41,0.06,0.04,37621.94,632118.759
600519.SH,2010-10-22,167.48,171.6,166.66,168.11,167.47,0.64,0.38,41046.54,697025.656
600519.SH,2010-10-25,169.0,173.8,168.13,173.0,168.11,4.89,2.91,36195.2,622609.05
600519.SH,2010-10-26,172.8,172.88,168.01,169.01,173.0,-3.99,-2.31,28590.63,484027.261
600519.SH,2010-10-27,168.75,169.4,166.5,168.15,169.01,-0.86,-0.51,28912.62,484076.38
600519.SH,2010-10-28,167.9,168.3,166.73,167.04,168.15,-1.11,-0.66,19440.68,325743.881
600519.SH,2010-10-29,164.74,165.07,160.5,163.15,167.04,-3.89,-2.33,65465.57,1064852.159
600519.SH,2010-11-01,163.2,164.9,162.2,163.76,163.15,0.61,0.37,49658.92,810910.408
600519.SH,2010-11-02,164.52,164.52,161.59,162.67,163.76,-1.09,-0.67,62292.17,1009953.812
600519.SH,2010-11-03,163.0,165.65,161.5,163.35,162.67,0.68,0.42,42253.17,693876.483
600519.SH,2010-11-04,163.95,165.54,162.78,165.05,163.35,1.7,1.04,44629.19,732196.946
600519.SH,2010-11-05,165.3,166.0,163.3,163.98,165.05,-1.07,-0.65,34654.91,569207.561
600519.SH,2010-11-08,163.99,164.0,161.25,163.49,163.98,-0.49,-0.3,56894.13,922801.037
600519.SH,2010-11-09,163.6,166.59,162.72,165.86,163.49,2.37,1.45,60737.9,1002019.514
600519.SH,2010-11-10,166.6,182.45,166.5,179.73,165.86,13.87,8.36,150005.09,2670067.328
600519.SH,2010-11-11,181.99,181.99,174.11,175.92,179.73,-3.81,-2.12,74217.2,1322968.333
600519.SH,2010-11-12,175.55,188.08,175.52,177.53,175.92,1.61,0.92,126500.29,2298576.167
600519.SH,2010-11-15,181.99,188.0,181.99,183.69,177.53,6.16,3.47,79038.78,1458250.426
600519.SH,2010-11-16,185.99,186.0,174.5,177.19,183.69,-6.5,-3.54,72291.77,1294350.638
600519.SH,2010-11-17,175.9,175.9,163.8,165.0,177.19,-12.19,-6.88,80509.06,1362362.423
600519.SH,2010-11-18,166.55,170.97,166.0,169.49,165.0,4.49,2.72,40286.04,680881.283
600519.SH,2010-11-19,171.1,176.0,170.21,175.16,169.49,5.67,3.35,48954.75,848958.178
600519.SH,2010-11-22,174.88,182.38,173.8,178.51,175.16,3.35,1.91,47940.81,857696.481
600519.SH,2010-11-23,178.38,189.2,176.2,189.04,178.51,10.53,5.9,108469.81,1995630.382
600519.SH,2010-11-24,192.0,206.6,192.0,199.92,189.04,10.88,5.76,110799.3,2220954.81
600519.SH,2010-11-25,200.53,203.62,197.0,202.97,199.92,3.05,1.53,45579.74,916382.376
600519.SH,2010-11-26,202.97,212.67,200.61,207.24,202.97,4.27,2.1,63799.42,1324934.628
600519.SH,2010-11-29,205.25,222.0,205.25,216.43,207.24,9.19,4.43,67499.39,1441023.288
600519.SH,2010-11-30,216.37,216.37,200.33,204.81,216.43,-11.62,-5.37,65665.39,1356812.148
600519.SH,2010-12-01,203.0,208.0,200.02,202.4,204.81,-2.41,-1.18,38016.22,773495.042
600519.SH,2010-12-02,204.2,206.0,197.91,198.17,202.4,-4.23,-2.09,42940.09,864862.808
600519.SH,2010-12-03,198.0,203.49,197.7,199.79,198.17,1.62,0.82,43037.32,863905.87
600519.SH,2010-12-06,199.85,202.0,190.11,193.02,199.79,-6.77,-3.39,43281.58,839963.278
600519.SH,2010-12-07,191.89,198.8,189.86,197.56,193.02,4.54,2.35,31804.8,621615.004
600519.SH,2010-12-08,197.5,201.8,196.01,196.18,197.56,-1.38,-0.7,28334.68,564539.229
600519.SH,2010-12-09,195.99,196.78,192.3,195.26,196.18,-0.92,-0.47,24461.4,474949.022
600519.SH,2010-12-10,193.35,198.88,191.0,197.72,195.26,2.46,1.26,39587.31,766519.126
600519.SH,2010-12-13,197.5,197.5,193.5,196.99,197.72,-0.73,-0.37,58592.83,1144043.372
600519.SH,2010-12-14,197.31,201.5,196.8,197.91,196.99,0.92,0.47,61542.72,1224103.219
600519.SH,2010-12-15,198.0,203.33,198.0,200.7,197.91,2.79,1.41,47423.8,953073.582
600519.SH,2010-12-16,211.99,212.5,206.5,206.98,200.7,6.28,3.13,66817.58,1396868.342
600519.SH,2010-12-17,208.0,209.2,203.81,204.42,206.98,-2.56,-1.24,51769.82,1060471.13
600519.SH,2010-12-20,205.98,206.66,194.0,197.38,204.42,-7.04,-3.44,68557.25,1361002.093
600519.SH,2010-12-21,197.35,197.61,193.01,194.0,197.38,-3.38,-1.71,59359.42,1153389.514
600519.SH,2010-12-22,194.07,194.49,190.0,190.95,194.0,-3.05,-1.57,44151.22,845830.946
600519.SH,2010-12-23,190.85,192.7,190.0,190.71,190.95,-0.24,-0.13,32743.89,626262.013
600519.SH,2010-12-24,190.71,190.91,187.0,188.72,190.71,-1.99,-1.04,29408.52,553596.991
600519.SH,2010-12-27,189.0,189.99,182.31,182.99,188.72,-5.73,-3.04,45246.4,844631.482
600519.SH,2010-12-28,183.0,186.6,177.4,183.26,182.99,0.27,0.15,48176.44,873676.036
600519.SH,2010-12-29,183.1,186.07,182.0,186.0,183.26,2.74,1.5,30967.6,569651.391
600519.SH,2010-12-30,186.5,186.5,180.2,181.93,186.0,-4.07,-2.19,41774.68,760950.273
600519.SH,2010-12-31,181.8,184.28,181.05,183.92,181.93,1.99,1.09,46084.87,843075.733
600519.SH,2011-01-04,186.9,187.9,182.6,185.5,183.92,1.58,0.86,60462.26,1116558.389
600519.SH,2011-01-05,184.9,185.4,180.5,181.08,185.5,-4.42,-2.38,58198.02,1064872.709
600519.SH,2011-01-06,181.21,183.6,178.44,180.24,181.08,-0.84,-0.46,37584.56,677983.969
600519.SH,2011-01-07,180.18,181.69,178.5,179.72,180.24,-0.52,-0.29,30533.8,548732.363
600519.SH,2011-01-10,179.62,180.51,174.14,174.31,179.72,-5.41,-3.01,38784.83,687881.571
600519.SH,2011-01-11,173.68,175.5,171.21,173.56,174.31,-0.75,-0.43,45322.1,787943.021
600519.SH,2011-01-12,174.1,176.0,172.41,174.47,173.56,0.91,0.52,31323.25,546334.112
600519.SH,2011-01-13,175.5,181.0,174.49,179.49,174.47,5.02,2.88,41341.74,740207.616
600519.SH,2011-01-14,178.95,181.21,177.3,180.19,179.49,0.7,0.39,25772.66,461741.103
600519.SH,2011-01-17,179.7,182.2,175.02,175.59,180.19,-4.6,-2.55,37475.16,673586.235
600519.SH,2011-01-18,175.1,182.61,173.99,182.56,175.59,6.97,3.97,40962.35,738283.975
600519.SH,2011-01-19,182.56,183.57,181.11,182.83,182.56,0.27,0.15,26198.67,478032.606
600519.SH,2011-01-20,182.3,183.99,178.25,180.07,182.83,-2.76,-1.51,24523.05,444085.191
600519.SH,2011-01-21,179.8,181.5,175.66,175.89,180.07,-4.18,-2.32,26867.37,479005.923
600519.SH,2011-01-24,175.87,177.48,170.01,171.52,175.89,-4.37,-2.48,34775.49,601578.015
600519.SH,2011-01-25,170.98,172.4,170.0,170.7,171.52,-0.82,-0.48,17238.64,294978.979
600519.SH,2011-01-26,171.01,173.99,171.01,172.14,170.7,1.44,0.84,14325.71,247045.171
600519.SH,2011-01-27,171.96,175.28,169.58,173.06,172.14,0.92,0.53,29444.27,507387.589
600519.SH,2011-01-28,173.01,174.13,172.38,173.34,173.06,0.28,0.16,19591.43,339796.042
600519.SH,2011-01-31,173.5,180.92,173.01,177.99,173.34,4.65,2.68,32442.43,577621.803
600519.SH,2011-02-01,178.0,181.85,177.5,180.28,177.99,2.29,1.29,17758.46,319648.6
600519.SH,2011-02-09,179.99,180.81,177.0,177.96,180.28,-2.32,-1.29,17675.31,317003.717
600519.SH,2011-02-10,177.35,185.99,177.3,185.03,177.96,7.07,3.97,36008.75,656695.297
600519.SH,2011-02-11,184.74,188.45,184.29,184.93,185.03,-0.1,-0.05,34001.41,634257.226
600519.SH,2011-02-14,184.93,188.0,183.9,187.11,184.93,2.18,1.18,36639.15,681621.643
600519.SH,2011-02-15,187.11,188.8,184.8,185.24,187.11,-1.87,-1.0,29716.4,554140.643
600519.SH,2011-02-16,185.01,185.99,181.7,183.68,185.24,-1.56,-0.84,36440.18,667440.837
600519.SH,2011-02-17,183.0,183.7,180.83,181.26,183.68,-2.42,-1.32,36363.8,662075.979
600519.SH,2011-02-18,180.8,185.45,180.3,181.98,181.26,0.72,0.4,36828.73,676343.235
600519.SH,2011-02-21,182.0,184.8,181.2,183.48,181.98,1.5,0.82,27289.85,498811.371
600519.SH,2011-02-22,183.48,185.25,181.0,181.88,183.48,-1.6,-0.87,38293.8,701713.006
600519.SH,2011-02-23,181.11,183.47,181.11,182.76,181.88,0.88,0.48,19422.29,353816.777
600519.SH,2011-02-24,182.58,183.47,181.12,182.15,182.76,-0.61,-0.33,20476.31,373539.569
600519.SH,2011-02-25,182.88,182.88,179.2,179.62,182.15,-2.53,-1.39,29413.43,532482.186
600519.SH,2011-02-28,179.3,179.46,176.0,178.68,179.62,-0.94,-0.52,39093.1,693295.724
600519.SH,2011-03-01,178.71,179.93,177.8,178.64,178.68,-0.04,-0.02,23059.41,411728.226
600519.SH,2011-03-02,178.2,179.0,176.01,177.21,178.64,-1.43,-0.8,32095.5,569125.294
600519.SH,2011-03-03,177.27,178.69,174.75,175.0,177.21,-2.21,-1.25,37735.09,663456.221
600519.SH,2011-03-04,175.0,176.78,174.5,175.93,175.0,0.93,0.53,33351.19,587411.61
600519.SH,2011-03-07,175.84,177.53,175.84,177.38,175.93,1.45,0.82,33553.69,593119.911
600519.SH,2011-03-08,177.43,177.6,174.8,176.72,177.38,-0.66,-0.37,31869.55,560058.561
600519.SH,2011-03-09,177.49,178.2,176.05,177.99,176.72,1.27,0.72,22971.46,406818.003
600519.SH,2011-03-10,177.97,184.2,177.38,182.0,177.99,4.01,2.25,54492.13,991540.447
600519.SH,2011-03-11,181.6,183.4,179.89,180.04,182.0,-1.96,-1.08,23345.45,424871.796
600519.SH,2011-03-14,179.52,184.0,179.11,182.88,180.04,2.84,1.58,22372.98,408383.265
600519.SH,2011-03-15,181.64,183.22,177.03,179.27,182.88,-3.61,-1.97,30898.55,554199.756
600519.SH,2011-03-16,179.6,182.97,179.31,181.84,179.27,2.57,1.43,24176.24,438681.962
600519.SH,2011-03-17,180.9,189.53,180.18,189.03,181.84,7.19,3.95,88522.77,1653009.378
600519.SH,2011-03-18,189.55,194.1,187.13,191.15,189.03,2.12,1.12,61484.07,1175141.41
600519.SH,2011-03-21,189.8,190.98,184.55,187.13,191.15,-4.02,-2.1,48651.24,910057.839
600519.SH,2011-03-22,188.38,189.98,185.2,185.75,187.13,-1.38,-0.74,27887.55,521369.663
600519.SH,2011-03-23,186.01,186.69,183.5,186.54,185.75,0.79,0.43,42881.85,792668.1
600519.SH,2011-03-24,186.3,186.55,183.5,183.55,186.54,-2.99,-1.6,21353.18,393924.337
600519.SH,2011-03-25,183.0,185.58,183.0,183.43,183.55,-0.12,-0.07,27905.52,513404.256
600519.SH,2011-03-28,183.55,184.4,180.49,180.91,183.43,-2.52,-1.37,40295.87,731053.019
600519.SH,2011-03-29,181.0,181.3,178.5,178.95,180.91,-1.96,-1.08,26523.3,476995.781
600519.SH,2011-03-30,178.94,180.26,178.3,178.71,178.95,-0.24,-0.13,20602.99,368964.875
600519.SH,2011-03-31,178.71,182.8,178.5,179.85,178.71,1.14,0.64,17525.86,316949.399
600519.SH,2011-04-01,179.98,181.35,178.55,179.46,179.85,-0.39,-0.22,18227.49,326554.075
600519.SH,2011-04-06,179.4,179.9,176.71,176.98,179.46,-2.48,-1.38,28774.81,510620.637
600519.SH,2011-04-07,176.2,177.0,174.78,174.94,176.98,-2.04,-1.15,46830.74,820484.804
600519.SH,2011-04-08,174.96,176.5,174.8,175.66,174.94,0.72,0.41,21823.15,383817.086
600519.SH,2011-04-11,175.45,178.65,175.11,177.49,175.66,1.83,1.04,26173.14,463960.298
600519.SH,2011-04-12,177.5,179.34,176.7,177.42,177.49,-0.07,-0.04,34945.68,623251.647
600519.SH,2011-04-13,177.3,179.0,177.02,178.33,177.42,0.91,0.51,29389.19,522953.556
600519.SH,2011-04-14,178.3,178.5,175.48,175.74,178.33,-2.59,-1.45,36621.96,644626.738
600519.SH,2011-04-15,175.97,176.99,170.77,172.38,175.74,-3.36,-1.91,53327.01,919620.925
600519.SH,2011-04-18,172.18,173.39,171.21,173.06,172.38,0.68,0.39,19608.99,338287.704
600519.SH,2011-04-19,173.06,174.64,171.49,173.38,173.06,0.32,0.18,22880.67,395248.447
600519.SH,2011-04-20,173.38,175.18,173.0,174.8,173.38,1.42,0.82,22509.28,392495.921
600519.SH,2011-04-21,175.0,177.59,174.71,174.86,174.8,0.06,0.03,28684.34,505336.037
600519.SH,2011-04-22,175.5,176.4,174.53,176.15,174.86,1.29,0.74,14500.23,254794.864
600519.SH,2011-04-25,180.0,185.08,179.5,183.06,176.15,6.91,3.92,70225.53,1280812.447
600519.SH,2011-04-26,183.0,183.5,180.88,181.17,183.06,-1.89,-1.03,31095.42,565862.126
600519.SH,2011-04-27,181.6,185.0,181.0,181.15,181.17,-0.02,-0.01,27748.47,508713.443
600519.SH,2011-04-28,182.1,182.58,177.8,178.42,181.15,-2.73,-1.51,25357.17,455048.059
600519.SH,2011-04-29,178.4,183.09,177.68,182.31,178.42,3.89,2.18,22083.82,401140.719
600519.SH,2011-05-03,183.0,186.8,182.0,185.86,182.31,3.55,1.95,41270.82,764382.818
600519.SH,2011-05-04,184.49,188.08,183.44,183.5,185.86,-2.36,-1.27,32521.06,604784.367
600519.SH,2011-05-05,183.51,187.5,183.01,184.95,183.5,1.45,0.79,26693.49,496448.129
600519.SH,2011-05-06,184.0,187.0,183.01,185.81,184.95,0.86,0.47,23960.65,444808.841
600519.SH,2011-05-09,186.58,187.49,183.9,184.16,185.81,-1.65,-0.89,12175.95,225581.746
600519.SH,2011-05-10,184.07,184.5,182.78,183.59,184.16,-0.57,-0.31,15918.8,292606.289
600519.SH,2011-05-11,183.02,186.3,183.02,185.27,183.59,1.68,0.92,12896.67,238855.455
600519.SH,2011-05-12,185.0,189.5,184.6,187.32,185.27,2.05,1.11,25027.71,470405.158
600519.SH,2011-05-13,187.35,188.99,185.5,187.66,187.32,0.34,0.18,12253.2,229207.566
600519.SH,2011-05-16,187.5,188.98,186.5,187.67,187.66,0.01,0.01,11505.57,216417.13
600519.SH,2011-05-17,187.02,190.3,186.0,187.63,187.67,-0.04,-0.02,20866.44,393848.458
600519.SH,2011-05-18,187.3,197.44,187.3,194.95,187.63,7.32,3.9,62165.05,1212084.674
600519.SH,2011-05-19,196.0,201.65,196.0,199.88,194.95,4.93,2.53,85738.05,1716471.11
600519.SH,2011-05-20,200.7,201.66,198.81,200.83,199.88,0.95,0.48,40043.86,801739.991
600519.SH,2011-05-23,200.0,202.75,197.0,197.03,200.83,-3.8,-1.89,39420.88,783913.346
600519.SH,2011-05-24,195.51,197.5,194.5,194.61,197.03,-2.42,-1.23,23997.07,470085.883
600519.SH,2011-05-26,194.8,202.79,194.8,198.69,194.61,4.08,2.1,38970.36,779314.782
600519.SH,2011-05-27,199.88,200.78,193.21,193.74,198.69,-4.95,-2.49,31729.58,626618.182
600519.SH,2011-05-30,192.18,202.58,191.77,202.53,193.74,8.79,4.54,47286.0,942388.98
600519.SH,2011-05-31,202.65,203.98,201.3,203.8,202.53,1.27,0.63,33854.83,685945.963
600519.SH,2011-06-01,204.1,209.98,203.02,209.89,203.8,6.09,2.99,39093.76,813188.052
600519.SH,2011-06-02,208.5,209.66,203.6,206.59,209.89,-3.3,-1.57,39585.43,818431.995
600519.SH,2011-06-03,206.02,212.7,206.02,211.61,206.59,5.02,2.43,29483.96,618505.293
600519.SH,2011-06-07,211.98,211.99,206.28,207.87,211.61,-3.74,-1.77,26876.17,559703.875
600519.SH,2011-06-08,207.55,209.7,203.58,208.74,207.87,0.87,0.42,25070.47,517190.772
600519.SH,2011-06-09,208.05,208.3,201.76,201.82,208.74,-6.92,-3.32,36179.7,737042.713
600519.SH,2011-06-10,201.5,204.49,199.8,202.56,201.82,0.74,0.37,34279.17,692444.753
600519.SH,2011-06-13,202.5,203.9,198.8,201.49,202.56,-1.07,-0.53,28004.57,562464.133
600519.SH,2011-06-14,201.47,204.98,200.5,204.46,201.49,2.97,1.47,37487.88,758192.892
600519.SH,2011-06-15,204.02,204.47,202.19,203.21,204.46,-1.25,-0.61,16408.56,333131.863
600519.SH,2011-06-16,202.2,205.29,200.22,203.02,203.21,-0.19,-0.09,17731.47,359795.619
600519.SH,2011-06-17,203.5,209.99,202.65,208.63,203.02,5.61,2.76,33411.0,690941.504
600519.SH,2011-06-20,208.1,208.28,201.0,203.46,208.63,-5.17,-2.48,29909.15,611059.058
600519.SH,2011-06-21,202.03,204.84,202.03,203.3,203.46,-0.16,-0.08,12738.17,259198.214
600519.SH,2011-06-22,203.2,207.48,203.2,205.93,203.3,2.63,1.29,16188.53,333499.822
600519.SH,2011-06-23,205.3,209.2,205.0,207.99,205.93,2.06,1.0,20280.98,421820.426
600519.SH,2011-06-24,207.85,210.15,205.35,206.44,207.99,-1.55,-0.75,37068.5,770684.579
600519.SH,2011-06-27,207.2,208.96,205.78,208.27,206.44,1.83,0.89,23190.42,480816.709
600519.SH,2011-06-28,209.0,211.87,207.22,210.45,208.27,2.18,1.05,25540.48,536916.003
600519.SH,2011-06-29,210.88,212.88,207.9,210.94,210.45,0.49,0.23,19596.7,412274.52
600519.SH,2011-06-30,210.02,213.3,210.02,212.63,210.94,1.69,0.8,32701.21,694508.28
600519.SH,2011-07-01,192.5,192.5,189.9,191.63,191.21,0.42,0.22,15810.5,302002.762
600519.SH,2011-07-04,191.21,193.33,190.8,193.02,191.63,1.39,0.73,46338.41,888995.936
600519.SH,2011-07-05,193.0,193.02,189.8,191.43,193.02,-1.59,-0.82,27057.85,516722.478
600519.SH,2011-07-06,190.98,192.0,190.11,191.07,191.43,-0.36,-0.19,19753.77,377527.543
600519.SH,2011-07-07,191.0,196.08,191.0,194.11,191.07,3.04,1.59,40956.75,793379.763
600519.SH,2011-07-08,194.35,195.48,192.95,194.08,194.11,-0.03,-0.02,17183.81,333151.331
600519.SH,2011-07-11,194.06,198.07,193.45,196.83,194.08,2.75,1.42,25615.74,502438.508
600519.SH,2011-07-12,196.32,196.83,193.64,193.74,196.83,-3.09,-1.57,28488.26,554927.096
600519.SH,2011-07-13,194.09,195.49,193.36,194.59,193.74,0.85,0.44,22109.07,429986.678
600519.SH,2011-07-14,194.59,194.8,192.8,193.25,194.59,-1.34,-0.69,24822.17,480420.222
600519.SH,2011-07-15,192.59,195.79,192.59,195.15,193.25,1.9,0.98,17763.89,346071.487
600519.SH,2011-07-18,195.2,200.44,195.2,198.96,195.15,3.81,1.95,28523.41,566196.215
600519.SH,2011-07-19,198.9,200.03,197.2,198.84,198.96,-0.12,-0.06,20276.61,403182.838
600519.SH,2011-07-20,199.99,200.48,198.5,199.89,198.84,1.05,0.53,18967.08,378689.393
600519.SH,2011-07-21,200.17,205.5,200.0,203.43,199.89,3.54,1.77,47676.86,968173.564
600519.SH,2011-07-22,203.16,208.88,203.16,206.28,203.43,2.85,1.4,49860.88,1029115.254
600519.SH,2011-07-25,207.0,207.68,202.51,203.65,206.28,-2.63,-1.28,35260.43,720951.264
600519.SH,2011-07-26,203.5,203.99,202.0,203.56,203.65,-0.09,-0.04,24791.75,503434.823
600519.SH,2011-07-27,203.89,207.5,202.66,204.32,203.56,0.76,0.37,30676.25,630035.091
600519.SH,2011-07-28,203.89,207.9,202.0,207.75,204.32,3.43,1.68,22923.23,468616.881
600519.SH,2011-07-29,207.5,207.5,205.3,206.69,207.75,-1.06,-0.51,19104.16,394180.474
600519.SH,2011-08-01,207.33,207.33,202.8,203.38,206.69,-3.31,-1.6,18572.89,378447.567
600519.SH,2011-08-02,202.2,202.75,198.55,201.11,203.38,-2.27,-1.12,27849.58,555745.763
600519.SH,2011-08-03,199.21,202.8,199.0,201.79,201.11,0.68,0.34,17061.32,344076.872
600519.SH,2011-08-04,202.5,205.69,201.8,204.98,201.79,3.19,1.58,17773.27,363287.27
600519.SH,2011-08-05,200.08,205.6,200.08,203.13,204.98,-1.85,-0.9,21319.85,433966.204
600519.SH,2011-08-08,201.01,205.1,198.0,199.66,203.13,-3.47,-1.71,36884.34,740883.138
600519.SH,2011-08-09,196.44,203.0,193.0,201.1,199.66,1.44,0.72,36924.33,726671.479
600519.SH,2011-08-10,202.4,206.49,199.75,205.7,201.1,4.6,2.29,38436.26,782644.219
600519.SH,2011-08-11,204.0,215.6,204.0,214.7,205.7,9.0,4.38,61949.15,1301728.291
600519.SH,2011-08-12,215.0,217.6,213.0,216.77,214.7,2.07,0.96,39466.31,851693.649
600519.SH,2011-08-15,217.2,218.79,211.92,213.3,216.77,-3.47,-1.6,29450.63,630341.327
600519.SH,2011-08-16,213.65,215.28,208.27,209.69,213.3,-3.61,-1.69,37491.56,788423.427
600519.SH,2011-08-17,210.0,211.49,208.72,209.85,209.69,0.16,0.08,13553.28,284382.051
600519.SH,2011-08-18,209.31,209.85,206.36,208.2,209.85,-1.65,-0.79,29341.73,609082.956
600519.SH,2011-08-19,206.9,210.15,206.55,209.9,208.2,1.7,0.82,37488.08,780729.993
600519.SH,2011-08-22,210.1,210.9,203.6,204.31,209.9,-5.59,-2.66,28164.38,581020.716
600519.SH,2011-08-23,203.99,206.2,203.4,204.93,204.31,0.62,0.3,23579.21,482616.543
600519.SH,2011-08-24,205.0,207.99,204.09,205.8,204.93,0.87,0.42,17957.07,370146.593
600519.SH,2011-08-25,207.5,208.5,205.01,207.42,205.8,1.62,0.79,30083.05,623188.931
600519.SH,2011-08-26,207.38,212.99,206.85,212.88,207.42,5.46,2.63,22748.88,477352.661
600519.SH,2011-08-29,212.0,215.98,209.5,215.27,212.88,2.39,1.12,26082.44,558335.962
600519.SH,2011-08-30,215.5,217.43,213.01,214.82,215.27,-0.45,-0.21,28816.01,619557.333
600519.SH,2011-08-31,218.8,219.5,214.5,214.77,214.82,-0.05,-0.02,50014.61,1079339.679
600519.SH,2011-09-01,214.7,215.48,210.5,211.48,214.77,-3.29,-1.53,25689.61,544632.806
600519.SH,2011-09-02,210.86,212.2,209.9,211.86,211.48,0.38,0.18,13832.57,292111.762
600519.SH,2011-09-05,211.19,211.38,206.5,207.27,211.86,-4.59,-2.17,27344.84,569905.681
600519.SH,2011-09-06,206.0,208.3,202.28,203.01,207.27,-4.26,-2.06,32094.69,656690.808
600519.SH,2011-09-07,203.6,207.88,203.5,207.59,203.01,4.58,2.26,20087.7,412012.245
600519.SH,2011-09-08,208.0,208.99,205.62,205.87,207.59,-1.72,-0.83,13182.67,274052.384
600519.SH,2011-09-09,206.56,209.68,203.99,207.08,205.87,1.21,0.59,14227.19,294079.503
600519.SH,2011-09-13,204.59,206.0,201.08,201.63,207.08,-5.45,-2.63,18949.13,384543.767
600519.SH,2011-09-14,203.0,203.28,194.17,197.95,201.63,-3.68,-1.83,47625.79,940641.402
600519.SH,2011-09-15,198.0,200.2,197.77,198.49,197.95,0.54,0.27,19122.0,380380.017
600519.SH,2011-09-16,199.49,203.13,198.0,202.92,198.49,4.43,2.23,18029.27,361574.736
600519.SH,2011-09-19,203.7,204.5,201.92,202.72,202.92,-0.2,-0.1,15352.04,311793.484
600519.SH,2011-09-20,202.7,202.7,199.5,200.84,202.72,-1.88,-0.93,12784.63,256651.648
600519.SH,2011-09-21,200.82,205.03,200.5,204.36,200.84,3.52,1.75,24640.16,501953.365
600519.SH,2011-09-22,203.0,203.88,197.3,197.66,204.36,-6.7,-3.28,24336.1,489514.705
600519.SH,2011-09-23,194.1,196.0,189.89,194.05,197.66,-3.61,-1.83,76537.2,1476263.517
600519.SH,2011-09-26,191.86,194.25,188.0,188.12,194.05,-5.93,-3.06,42211.18,803193.662
600519.SH,2011-09-27,189.97,191.64,187.67,189.46,188.12,1.34,0.71,24749.81,468028.768
600519.SH,2011-09-28,190.8,190.8,186.23,187.12,189.46,-2.34,-1.24,32389.84,611544.825
600519.SH,2011-09-29,184.9,191.0,184.9,187.09,187.12,-0.03,-0.02,30030.61,563567.697
600519.SH,2011-09-30,187.16,191.1,187.16,190.59,187.09,3.5,1.87,18269.66,346902.283
600519.SH,2011-10-10,190.88,191.8,187.63,188.0,190.59,-2.59,-1.36,14283.91,270790.788
600519.SH,2011-10-11,191.99,191.99,183.0,186.97,188.0,-1.03,-0.55,20586.25,387171.386
600519.SH,2011-10-12,186.5,192.6,184.43,192.04,186.97,5.07,2.71,29778.55,563092.939
600519.SH,2011-10-13,192.04,194.84,190.0,192.07,192.04,0.03,0.02,23961.72,460883.857
600519.SH,2011-10-14,191.05,192.78,189.8,191.44,192.07,-0.63,-0.33,12468.36,238319.748
600519.SH,2011-10-17,192.17,197.51,191.6,197.14,191.44,5.7,2.98,26008.51,509046.255
600519.SH,2011-10-18,195.34,199.37,195.01,196.42,197.14,-0.72,-0.37,22785.75,451487.836
600519.SH,2011-10-19,197.42,201.5,197.0,198.12,196.42,1.7,0.87,22657.85,451701.35
600519.SH,2011-10-20,197.0,198.56,190.6,191.1,198.12,-7.02,-3.54,29312.63,569297.369
600519.SH,2011-10-21,190.66,195.0,190.66,194.39,191.1,3.29,1.72,17116.45,330777.243
600519.SH,2011-10-24,195.8,201.11,194.4,200.55,194.39,6.16,3.17,32390.68,638275.445
600519.SH,2011-10-25,199.2,203.33,199.2,200.62,200.55,0.07,0.03,32041.92,643502.583
600519.SH,2011-10-26,199.88,202.08,198.71,201.86,200.62,1.24,0.62,29492.76,591834.128
600519.SH,2011-10-27,202.05,204.36,201.54,202.0,201.86,0.14,0.07,20104.54,407006.042
600519.SH,2011-10-28,203.51,206.8,203.51,205.01,202.0,3.01,1.49,26056.6,533715.365
600519.SH,2011-10-31,205.3,206.18,202.68,204.21,205.01,-0.8,-0.39,28121.99,574616.414
600519.SH,2011-11-01,203.18,207.5,202.51,207.19,204.21,2.98,1.46,27147.39,559038.584
600519.SH,2011-11-02,204.95,209.65,204.6,209.57,207.19,2.38,1.15,26647.01,550968.563
600519.SH,2011-11-03,211.07,211.5,207.17,207.28,209.57,-2.29,-1.09,30465.9,636306.542
600519.SH,2011-11-04,207.88,210.0,206.33,207.76,207.28,0.48,0.23,18546.75,384686.866
600519.SH,2011-11-07,208.2,208.7,206.56,206.8,207.76,-0.96,-0.46,16573.9,344437.182
600519.SH,2011-11-08,207.66,207.93,203.98,204.75,206.8,-2.05,-0.99,25546.41,525028.363
600519.SH,2011-11-09,204.9,206.66,202.5,204.12,204.75,-0.63,-0.31,24696.07,506506.704
600519.SH,2011-11-10,203.29,205.6,203.13,205.01,204.12,0.89,0.44,14617.7,298980.855
600519.SH,2011-11-11,205.01,205.15,203.03,203.97,205.01,-1.04,-0.51,11692.64,238543.944
600519.SH,2011-11-14,205.49,208.15,204.2,207.26,203.97,3.29,1.61,17986.24,371343.631
600519.SH,2011-11-15,207.6,207.95,203.0,203.93,207.26,-3.33,-1.61,17782.26,364242.671
600519.SH,2011-11-16,203.95,203.95,199.9,200.77,203.93,-3.16,-1.55,29545.8,592948.956
600519.SH,2011-11-17,200.85,203.6,200.31,201.84,200.77,1.07,0.53,15589.04,315328.822
600519.SH,2011-11-18,201.88,202.88,199.7,200.57,201.84,-1.27,-0.63,19907.46,401272.25
600519.SH,2011-11-21,200.7,203.4,200.11,200.87,200.57,0.3,0.15,18389.75,370926.323
600519.SH,2011-11-22,200.89,206.89,200.6,206.07,200.87,5.2,2.59,35652.52,729198.883
600519.SH,2011-11-23,205.62,209.3,205.62,209.11,206.07,3.04,1.48,31537.85,656169.793
600519.SH,2011-11-24,208.6,209.18,207.5,207.69,209.11,-1.42,-0.68,26558.99,554286.399
600519.SH,2011-11-25,207.75,213.34,207.0,209.98,207.69,2.29,1.1,40235.7,848244.76
600519.SH,2011-11-28,210.31,214.77,209.31,213.87,209.98,3.89,1.85,53379.98,1136929.564
600519.SH,2011-11-29,213.8,216.09,211.8,212.56,213.87,-1.31,-0.61,41355.0,884545.013
600519.SH,2011-11-30,212.88,214.78,208.8,210.06,212.56,-2.5,-1.18,40263.23,850997.83
600519.SH,2011-12-01,213.2,215.19,210.27,212.84,210.06,2.78,1.32,33785.49,719311.327
600519.SH,2011-12-02,212.0,216.2,212.0,214.03,212.84,1.19,0.56,27267.18,584935.196
600519.SH,2011-12-05,214.45,214.45,206.4,206.72,214.03,-7.31,-3.42,39025.6,816027.278
600519.SH,2011-12-06,206.51,206.55,201.7,203.67,206.72,-3.05,-1.48,37152.16,756470.593
600519.SH,2011-12-07,203.7,206.5,203.7,205.7,203.67,2.03,1.0,27333.76,562146.777
600519.SH,2011-12-08,205.9,208.6,202.88,203.0,205.7,-2.7,-1.31,24661.08,506265.018
600519.SH,2011-12-09,202.85,203.85,199.7,199.82,203.0,-3.18,-1.57,36745.73,737854.853
600519.SH,2011-12-12,199.82,200.9,196.89,197.54,199.82,-2.28,-1.14,29526.92,585362.504
600519.SH,2011-12-13,196.92,197.98,195.98,196.25,197.54,-1.29,-0.65,29995.83,591182.085
600519.SH,2011-12-14,196.25,200.0,196.25,197.84,196.25,1.59,0.81,20813.22,412444.014
600519.SH,2011-12-15,196.87,198.88,195.05,196.98,197.84,-0.86,-0.43,21880.03,430851.248
600519.SH,2011-12-16,198.0,201.98,197.99,201.78,196.98,4.8,2.44,30649.0,614353.385
600519.SH,2011-12-19,200.97,201.39,199.3,201.0,201.78,-0.78,-0.39,25456.36,510463.389
600519.SH,2011-12-20,201.0,202.8,198.5,200.24,201.0,-0.76,-0.38,17106.3,342834.67
600519.SH,2011-12-21,201.18,201.48,196.98,197.23,200.24,-3.01,-1.5,21962.81,437207.569
600519.SH,2011-12-22,197.5,200.92,195.8,199.67,197.23,2.44,1.24,17443.32,346785.291
600519.SH,2011-12-23,199.9,201.4,199.0,200.76,199.67,1.09,0.55,17609.56,353128.167
600519.SH,2011-12-26,200.61,200.62,192.3,193.12,200.76,-7.64,-3.81,46995.04,918253.511
600519.SH,2011-12-27,193.0,193.0,188.32,189.03,193.12,-4.09,-2.12,31314.98,594898.815
600519.SH,2011-12-28,188.3,190.5,186.49,190.23,189.03,1.2,0.63,27738.43,524088.087
600519.SH,2011-12-29,189.1,192.89,189.1,192.21,190.23,1.98,1.04,20062.13,384717.995
600519.SH,2011-12-30,192.7,194.88,190.0,193.3,192.21,1.09,0.57,29460.86,569875.567
600519.SH,2012-01-04,191.5,192.77,185.0,185.27,193.3,-8.03,-4.15,33878.28,637232.812
600519.SH,2012-01-05,184.0,185.2,182.36,183.15,185.27,-2.12,-1.14,30122.64,553347.012
600519.SH,2012-01-06,183.1,188.05,181.65,186.64,183.15,3.49,1.91,25190.62,464647.453
600519.SH,2012-01-09,186.0,188.09,181.77,188.01,186.64,1.37,0.73,26160.16,483282.452
600519.SH,2012-01-10,187.0,194.66,186.11,194.48,188.01,6.47,3.44,39235.6,749263.279
600519.SH,2012-01-11,192.95,193.89,189.3,189.68,194.48,-4.8,-2.47,39891.16,761167.931
600519.SH,2012-01-12,188.58,191.56,188.58,190.35,189.68,0.67,0.35,27440.36,522231.553
600519.SH,2012-01-13,190.7,191.2,187.52,188.69,190.35,-1.66,-0.87,20542.3,387615.921
600519.SH,2012-01-16,187.38,187.38,175.66,177.41,188.69,-11.28,-5.98,51655.79,933514.133
600519.SH,2012-01-17,177.9,181.98,170.9,180.44,177.41,3.03,1.71,61227.64,1077158.896
600519.SH,2012-01-18,181.42,185.18,176.66,177.38,180.44,-3.06,-1.7,47294.65,858725.547
600519.SH,2012-01-19,177.89,181.6,175.51,180.7,177.38,3.32,1.87,24329.42,437246.157
600519.SH,2012-01-20,182.0,186.2,182.0,185.97,180.7,5.27,2.92,29683.2,548292.985
600519.SH,2012-01-30,185.99,186.99,183.06,183.8,185.97,-2.17,-1.17,30550.21,563162.776
600519.SH,2012-01-31,184.42,186.6,184.35,186.41,183.8,2.61,1.42,15854.7,294490.836
600519.SH,2012-02-01,186.2,188.52,184.88,186.15,186.41,-0.26,-0.14,24824.36,464159.684
600519.SH,2012-02-02,186.15,187.0,184.28,186.43,186.15,0.28,0.15,20375.11,378596.177
600519.SH,2012-02-03,186.46,186.6,183.49,186.48,186.43,0.05,0.03,26517.89,490438.844
600519.SH,2012-02-06,186.61,188.76,185.8,188.54,186.48,2.06,1.1,29747.67,557205.041
600519.SH,2012-02-07,187.3,188.45,185.4,185.86,188.54,-2.68,-1.42,17942.1,334371.756
600519.SH,2012-02-08,185.86,189.0,185.08,188.29,185.86,2.43,1.31,23082.2,432175.419
600519.SH,2012-02-09,188.0,191.15,187.66,190.75,188.29,2.46,1.31,31384.79,596916.589
600519.SH,2012-02-10,189.53,192.4,189.1,190.51,190.75,-0.24,-0.13,22276.37,425266.909
600519.SH,2012-02-13,189.5,195.17,188.66,193.42,190.51,2.91,1.53,21639.21,416409.71
600519.SH,2012-02-14,192.69,194.66,191.8,193.82,193.42,0.4,0.21,15142.48,292922.052
600519.SH,2012-02-15,192.73,195.9,192.73,194.8,193.82,0.98,0.51,24714.09,481676.731
600519.SH,2012-02-16,193.52,194.8,190.6,191.72,194.8,-3.08,-1.58,22016.02,424963.025
600519.SH,2012-02-17,193.88,193.88,190.37,191.44,191.72,-0.28,-0.15,12287.91,235751.78
600519.SH,2012-02-20,192.96,193.67,190.8,190.86,191.44,-0.58,-0.3,18530.02,356774.753
600519.SH,2012-02-21,191.79,192.58,190.4,191.95,190.86,1.09,0.57,13789.29,264260.509
600519.SH,2012-02-22,192.76,193.5,190.98,192.76,191.95,0.81,0.42,22352.27,429952.037
600519.SH,2012-02-23,192.52,195.04,192.52,194.31,192.76,1.55,0.8,33433.26,649316.717
600519.SH,2012-02-24,194.18,198.21,194.15,198.08,194.31,3.77,1.94,23944.08,471970.592
600519.SH,2012-02-27,198.78,200.02,197.5,198.5,198.08,0.42,0.21,26562.35,528808.015
600519.SH,2012-02-28,199.43,200.95,198.56,200.74,198.5,2.24,1.13,25698.0,514122.721
600519.SH,2012-02-29,201.0,205.0,200.5,204.46,200.74,3.72,1.85,39432.24,802601.071
600519.SH,2012-03-01,203.52,205.47,202.39,202.58,204.46,-1.88,-0.92,16920.79,345438.323
600519.SH,2012-03-02,202.63,203.7,199.51,200.9,202.58,-1.68,-0.83,35216.72,706746.81
600519.SH,2012-03-05,200.85,200.88,198.6,199.84,200.9,-1.06,-0.53,30553.81,609500.901
600519.SH,2012-03-06,199.0,199.84,196.0,196.05,199.84,-3.79,-1.9,31474.0,621286.494
600519.SH,2012-03-07,194.72,195.59,192.98,193.13,196.05,-2.92,-1.49,29198.86,567286.77
600519.SH,2012-03-08,193.21,196.11,192.98,194.44,193.13,1.31,0.68,23574.65,458505.182
600519.SH,2012-03-09,194.69,200.12,194.2,199.93,194.44,5.49,2.82,29239.34,578119.773
600519.SH,2012-03-12,200.12,201.61,199.03,200.54,199.93,0.61,0.31,25681.62,514548.199
600519.SH,2012-03-13,200.1,203.3,200.1,201.66,200.54,1.12,0.56,18316.24,370157.885
600519.SH,2012-03-14,201.59,204.05,198.0,198.67,201.66,-2.99,-1.48,40699.86,820433.738
600519.SH,2012-03-15,199.04,202.4,198.6,198.93,198.67,0.26,0.13,28094.96,562966.952
600519.SH,2012-03-16,200.79,208.0,200.3,207.59,198.93,8.66,4.35,51583.56,1060740.607
600519.SH,2012-03-19,207.8,211.57,205.57,207.64,207.59,0.05,0.02,45635.76,952934.077
600519.SH,2012-03-20,207.55,209.1,206.11,207.75,207.64,0.11,0.05,23400.21,486464.276
600519.SH,2012-03-21,207.8,209.0,203.86,205.1,207.75,-2.65,-1.28,29527.71,607930.947
600519.SH,2012-03-22,204.32,206.9,204.29,205.35,205.1,0.25,0.12,8331.87,171049.55
600519.SH,2012-03-23,207.5,212.55,207.5,212.02,205.35,6.67,3.25,54873.7,1159278.435
600519.SH,2012-03-26,211.12,215.9,211.1,215.2,212.02,3.18,1.5,37653.79,807094.326
600519.SH,2012-03-27,210.22,210.99,201.0,201.5,215.2,-13.7,-6.37,79106.14,1635757.954
600519.SH,2012-03-28,199.0,205.0,198.31,201.4,201.5,-0.1,-0.05,55461.01,1116354.644
600519.SH,2012-03-29,200.8,205.5,200.0,201.15,201.4,-0.25,-0.12,36982.79,751200.412
600519.SH,2012-03-30,201.16,202.99,195.0,196.96,201.15,-4.19,-2.08,37959.9,749355.396
600519.SH,2012-04-05,196.1,206.4,196.1,206.0,196.96,9.04,4.59,40960.98,831105.661
600519.SH,2012-04-06,205.62,208.08,205.53,207.97,206.0,1.97,0.96,26729.89,553032.996
600519.SH,2012-04-09,207.55,209.92,205.6,209.26,207.97,1.29,0.62,14474.53,300301.66
600519.SH,2012-04-10,209.28,209.78,205.11,208.11,209.26,-1.15,-0.55,16640.63,344431.373
600519.SH,2012-04-11,205.0,211.5,203.51,208.85,208.11,0.74,0.36,31460.72,655577.444
600519.SH,2012-04-12,208.85,212.52,206.68,212.42,208.85,3.57,1.71,28422.97,597232.641
600519.SH,2012-04-13,212.5,214.05,211.4,213.03,212.42,0.61,0.29,20527.3,436617.432
600519.SH,2012-04-16,212.5,215.4,211.59,212.83,213.03,-0.2,-0.09,20893.29,447725.423
600519.SH,2012-04-17,212.84,213.01,210.0,210.18,212.83,-2.65,-1.25,17872.26,377050.666
600519.SH,2012-04-18,210.41,214.8,210.0,213.86,210.18,3.68,1.75,22815.45,485407.318
600519.SH,2012-04-19,213.78,214.37,207.81,209.48,213.86,-4.38,-2.05,21823.7,459867.207
600519.SH,2012-04-20,208.3,213.35,208.3,212.5,209.48,3.02,1.44,17046.31,360265.741
600519.SH,2012-04-23,211.72,214.27,209.86,211.84,212.5,-0.66,-0.31,13281.65,281175.038
600519.SH,2012-04-24,212.19,213.01,209.94,211.52,211.84,-0.32,-0.15,21782.06,459834.811
600519.SH,2012-04-25,212.45,213.26,210.0,212.92,211.52,1.4,0.66,15529.42,329552.763
600519.SH,2012-04-26,214.25,217.0,213.5,216.69,212.92,3.77,1.77,35019.76,753334.296
600519.SH,2012-04-27,216.69,225.48,216.69,224.56,216.69,7.87,3.63,42728.23,954712.957
600519.SH,2012-05-02,226.0,226.57,222.0,225.98,224.56,1.42,0.63,35339.75,793434.507
600519.SH,2012-05-03,225.98,227.3,223.61,226.69,225.98,0.71,0.31,25654.46,579082.874
600519.SH,2012-05-04,226.5,234.88,226.5,234.0,226.69,7.31,3.22,31879.43,734789.68
600519.SH,2012-05-07,234.8,237.76,233.28,234.51,234.0,0.51,0.22,34244.66,805751.89
600519.SH,2012-05-08,234.45,234.85,229.38,234.11,234.51,-0.4,-0.17,36664.91,851128.752
600519.SH,2012-05-09,231.12,232.65,227.2,230.83,234.11,-3.28,-1.4,32909.59,756259.728
600519.SH,2012-05-10,231.0,231.0,226.95,227.7,230.83,-3.13,-1.36,30574.04,697959.454
600519.SH,2012-05-11,228.0,228.5,225.9,227.69,227.7,-0.01,0.0,23260.71,528011.697
600519.SH,2012-05-14,228.0,228.0,220.61,222.18,227.69,-5.51,-2.42,38797.04,863502.637
600519.SH,2012-05-15,221.1,223.66,220.1,223.11,222.18,0.93,0.42,16168.74,359784.509
600519.SH,2012-05-16,222.95,223.4,218.0,220.02,223.11,-3.09,-1.39,28139.54,619595.453
600519.SH,2012-05-17,220.12,221.4,218.61,219.91,220.02,-0.11,-0.05,34172.33,751957.382
600519.SH,2012-05-18,218.67,219.97,215.9,217.92,219.91,-1.99,-0.9,26277.78,571816.871
600519.SH,2012-05-21,217.58,224.52,217.58,223.19,217.92,5.27,2.42,28843.45,638767.871
600519.SH,2012-05-22,225.01,231.5,225.01,229.28,223.19,6.09,2.73,41458.47,951034.142
600519.SH,2012-05-23,229.25,232.1,228.0,230.47,229.28,1.19,0.52,24722.63,570787.761
600519.SH,2012-05-24,229.8,232.77,217.88,220.24,230.47,-10.23,-4.44,53743.47,1201209.541
600519.SH,2012-05-25,220.24,220.87,216.0,218.58,220.24,-1.66,-0.75,30569.29,667952.251
600519.SH,2012-05-28,218.01,225.9,217.81,225.49,218.58,6.91,3.16,27833.72,618961.099
600519.SH,2012-05-30,227.51,229.98,227.0,228.66,225.49,3.17,1.41,25700.7,587866.122
600519.SH,2012-05-31,228.2,237.8,228.0,236.68,228.66,8.02,3.51,37367.05,877484.818
600519.SH,2012-06-01,238.0,243.0,236.71,240.37,236.68,3.69,1.56,38504.34,923904.347
600519.SH,2012-06-04,238.0,242.99,236.47,236.53,240.37,-3.84,-1.6,24327.61,581257.511
600519.SH,2012-06-05,237.48,241.8,237.21,240.8,236.53,4.27,1.81,24561.31,588242.228
600519.SH,2012-06-06,241.0,242.0,236.41,236.58,240.8,-4.22,-1.75,18728.94,445576.921
600519.SH,2012-06-07,238.39,240.66,236.8,237.98,236.58,1.4,0.59,19677.3,470452.059
600519.SH,2012-06-08,239.0,240.18,236.0,238.98,237.98,1.0,0.42,17286.24,411908.852
600519.SH,2012-06-11,238.9,240.23,233.4,235.55,238.98,-3.43,-1.44,33061.23,780468.481
600519.SH,2012-06-12,234.21,236.49,232.13,233.85,235.55,-1.7,-0.72,16372.52,382922.345
600519.SH,2012-06-13,234.5,239.18,233.1,238.99,233.85,5.14,2.2,20463.47,485626.133
600519.SH,2012-06-14,238.0,245.79,237.22,244.59,238.99,5.6,2.34,28704.73,698222.394
600519.SH,2012-06-15,245.02,246.41,239.77,243.38,244.59,-1.21,-0.49,19859.84,483582.93
600519.SH,2012-06-18,243.41,248.31,243.41,246.46,243.38,3.08,1.27,19538.35,482525.469
600519.SH,2012-06-19,245.11,248.17,241.96,243.7,246.46,-2.76,-1.12,17299.94,423906.505
600519.SH,2012-06-20,243.83,244.39,242.0,243.56,243.7,-0.14,-0.06,11393.46,277398.32
600519.SH,2012-06-21,243.56,243.6,238.8,239.78,243.56,-3.78,-1.55,17034.03,409685.074
600519.SH,2012-06-25,238.1,241.96,237.5,237.6,239.78,-2.18,-0.91,18434.05,440645.799
600519.SH,2012-06-26,237.2,238.88,232.62,237.85,237.6,0.25,0.11,26122.47,615182.456
600519.SH,2012-06-27,238.0,242.31,238.0,241.9,237.85,4.05,1.7,23257.14,559606.599
600519.SH,2012-06-28,241.88,242.0,235.99,236.14,241.9,-5.76,-2.38,22213.41,529704.806
600519.SH,2012-06-29,235.37,241.0,235.37,239.15,236.14,3.01,1.27,23224.19,555873.153
600519.SH,2012-07-02,240.0,244.94,236.02,241.85,239.15,2.7,1.13,25731.26,622505.563
600519.SH,2012-07-03,241.3,255.0,241.01,254.94,241.85,13.09,5.41,50158.63,1255671.521
600519.SH,2012-07-04,257.0,259.9,252.0,258.66,254.94,3.72,1.46,45035.24,1155572.21
600519.SH,2012-07-05,251.6,253.99,249.16,251.66,254.66,-3.0,-1.18,22749.37,572395.284
600519.SH,2012-07-06,251.95,261.98,250.2,259.99,251.66,8.33,3.31,39158.83,1005403.254
600519.SH,2012-07-09,259.88,263.0,254.63,254.73,259.99,-5.26,-2.02,28527.11,736832.305
600519.SH,2012-07-10,254.5,257.19,249.87,250.4,254.73,-4.33,-1.7,26987.1,683253.815
600519.SH,2012-07-11,250.92,258.33,248.38,258.01,250.4,7.61,3.04,32009.94,808688.574
600519.SH,2012-07-12,258.11,265.01,255.0,256.06,258.01,-1.95,-0.76,37273.02,968810.613
600519.SH,2012-07-13,255.67,264.0,255.3,262.7,256.06,6.64,2.59,29548.11,769107.549
600519.SH,2012-07-16,262.1,266.08,261.9,262.25,262.7,-0.45,-0.17,29533.56,779744.589
600519.SH,2012-07-17,260.0,260.99,253.31,253.76,262.25,-8.49,-3.24,36030.98,925218.299
600519.SH,2012-07-18,253.6,255.9,239.9,244.96,253.76,-8.8,-3.47,74046.92,1815273.721
600519.SH,2012-07-19,243.99,248.55,243.05,246.21,244.96,1.25,0.51,26580.99,654750.767
600519.SH,2012-07-20,245.49,250.74,242.89,243.08,246.21,-3.13,-1.27,26054.64,644548.783
600519.SH,2012-07-23,239.88,243.46,239.0,242.58,243.08,-0.5,-0.21,19811.4,477867.229
600519.SH,2012-07-24,240.61,254.18,240.61,249.38,242.58,6.8,2.8,34372.14,853488.549
600519.SH,2012-07-25,250.0,255.8,249.51,255.55,249.38,6.17,2.47,26170.22,664005.628
600519.SH,2012-07-26,254.9,259.5,249.7,250.44,255.55,-5.11,-2.0,23418.79,594576.399
600519.SH,2012-07-27,250.88,252.0,246.8,249.45,250.44,-0.99,-0.4,18421.65,458534.524
600519.SH,2012-07-30,249.25,252.6,247.55,249.84,249.45,0.39,0.16,17495.31,439211.392
600519.SH,2012-07-31,249.5,254.0,246.05,246.44,249.84,-3.4,-1.36,19465.72,487548.46
600519.SH,2012-08-01,246.18,248.63,241.89,243.05,246.44,-3.39,-1.38,26715.17,654397.913
600519.SH,2012-08-02,243.11,245.49,241.15,242.16,243.05,-0.89,-0.37,17054.77,414452.98
600519.SH,2012-08-03,242.5,247.0,242.17,246.96,242.16,4.8,1.98,16472.73,403397.229
600519.SH,2012-08-06,246.64,249.6,245.2,248.83,246.96,1.87,0.76,17320.99,428757.448
600519.SH,2012-08-07,248.82,252.77,248.12,251.9,248.83,3.07,1.23,18119.18,454543.099
600519.SH,2012-08-08,252.46,254.0,249.0,252.8,251.9,0.9,0.36,14893.41,375890.83
600519.SH,2012-08-09,251.8,261.65,251.2,260.92,252.8,8.12,3.21,30672.4,789861.698
600519.SH,2012-08-10,251.0,254.7,244.02,248.21,260.92,-12.71,-4.87,91225.8,2273430.545
600519.SH,2012-08-13,248.48,249.68,246.8,248.0,248.21,-0.21,-0.08,23037.06,572237.191
600519.SH,2012-08-14,248.0,249.99,245.0,247.5,248.0,-0.5,-0.2,18786.86,465808.752
600519.SH,2012-08-15,246.98,247.4,243.5,244.13,247.5,-3.37,-1.36,22723.48,556345.599
600519.SH,2012-08-16,244.26,245.5,239.07,239.28,244.13,-4.85,-1.99,31482.58,758259.7
600519.SH,2012-08-17,238.42,238.42,228.5,229.62,239.28,-9.66,-4.04,59071.95,1365745.648
600519.SH,2012-08-20,229.61,232.68,225.98,232.65,229.62,3.03,1.32,24052.08,554470.085
600519.SH,2012-08-21,232.67,239.9,232.67,235.79,232.65,3.14,1.35,26323.24,624105.412
600519.SH,2012-08-22,236.92,236.92,230.0,232.18,235.79,-3.61,-1.53,20423.1,473902.047
600519.SH,2012-08-23,231.9,231.9,226.07,228.27,232.18,-3.91,-1.68,27956.0,639443.95
600519.SH,2012-08-24,227.21,232.91,227.05,231.88,228.27,3.61,1.58,21676.2,500922.594
600519.SH,2012-08-27,230.5,230.63,227.15,228.5,231.88,-3.38,-1.46,20899.4,478778.009
600519.SH,2012-08-28,229.0,230.58,225.01,225.53,228.5,-2.97,-1.3,20294.76,461461.656
600519.SH,2012-08-29,225.0,225.0,218.77,219.16,225.53,-6.37,-2.82,30425.67,674492.583
600519.SH,2012-08-30,216.99,219.19,213.5,217.88,219.16,-1.28,-0.58,48348.71,1046698.765
600519.SH,2012-08-31,218.0,222.0,217.2,219.76,217.88,1.88,0.86,22484.72,496296.849
600519.SH,2012-09-04,237.0,238.0,231.0,233.43,219.76,13.67,6.22,111508.73,2606767.797
600519.SH,2012-09-05,232.5,234.97,232.0,234.06,233.43,0.63,0.27,27490.49,643292.488
600519.SH,2012-09-06,234.25,234.5,229.1,231.75,234.06,-2.31,-0.99,20794.19,481683.557
600519.SH,2012-09-07,233.2,243.0,233.2,241.6,231.75,9.85,4.25,42812.8,1023079.148
600519.SH,2012-09-10,241.71,246.0,239.28,241.68,241.6,0.08,0.03,28169.65,683513.906
600519.SH,2012-09-11,240.3,240.3,237.98,239.73,241.68,-1.95,-0.81,16135.72,385605.48
600519.SH,2012-09-12,241.5,246.5,238.9,240.26,239.73,0.53,0.22,29023.25,703237.246
600519.SH,2012-09-13,240.45,241.54,238.3,239.98,240.26,-0.28,-0.12,14294.23,342849.642
600519.SH,2012-09-14,241.0,245.15,239.11,244.76,239.98,4.78,1.99,24586.83,597041.985
600519.SH,2012-09-17,245.0,246.68,241.2,241.3,244.76,-3.46,-1.41,20014.52,488152.584
600519.SH,2012-09-18,240.79,243.1,239.5,240.33,241.3,-0.97,-0.4,18277.08,441080.167
600519.SH,2012-09-19,239.54,241.0,230.15,231.56,240.33,-8.77,-3.65,40991.32,958082.585
600519.SH,2012-09-20,230.9,232.79,228.89,229.04,231.56,-2.52,-1.09,21517.53,496309.722
600519.SH,2012-09-21,228.31,233.0,228.12,230.59,229.04,1.55,0.68,15679.68,361373.291
600519.SH,2012-09-24,229.0,232.98,228.08,232.36,230.59,1.77,0.77,17634.83,408195.802
600519.SH,2012-09-25,232.47,238.58,231.5,238.51,232.36,6.15,2.65,26230.5,619272.096
600519.SH,2012-09-26,238.0,240.56,233.7,235.87,238.51,-2.64,-1.11,20362.67,482230.825
600519.SH,2012-09-27,235.0,241.58,234.53,240.69,235.87,4.82,2.04,27140.42,650222.918
600519.SH,2012-09-28,239.02,245.95,239.0,245.8,240.69,5.11,2.12,31283.44,760146.554
600519.SH,2012-10-08,245.3,245.3,237.48,239.94,245.8,-5.86,-2.38,23608.28,566527.56
600519.SH,2012-10-09,240.98,245.05,240.04,244.15,239.94,4.21,1.75,23410.89,569554.621
600519.SH,2012-10-10,243.0,244.83,240.75,243.82,244.15,-0.33,-0.14,13456.7,327126.305
600519.SH,2012-10-11,242.35,243.75,241.13,241.93,243.82,-1.89,-0.78,10625.99,257483.485
600519.SH,2012-10-12,242.62,244.79,241.73,243.51,241.93,1.58,0.65,11742.12,285916.686
600519.SH,2012-10-15,244.77,247.24,244.77,245.71,243.51,2.2,0.9,18883.33,464547.296
600519.SH,2012-10-16,245.11,251.08,245.11,249.81,245.71,4.1,1.67,27737.91,690466.784
600519.SH,2012-10-17,249.81,250.5,247.9,248.78,249.81,-1.03,-0.41,15980.8,397637.468
600519.SH,2012-10-18,249.25,254.5,249.0,251.22,248.78,2.44,0.98,22278.06,561905.413
600519.SH,2012-10-19,251.25,254.96,251.25,253.0,251.22,1.78,0.71,18629.54,472389.448
600519.SH,2012-10-22,252.68,253.53,247.8,250.54,253.0,-2.46,-0.97,19117.44,478244.292
600519.SH,2012-10-23,250.8,250.8,244.6,244.7,250.54,-5.84,-2.33,18702.76,461008.027
600519.SH,2012-10-24,244.6,247.12,244.1,246.28,244.7,1.58,0.65,10972.08,269652.766
600519.SH,2012-10-25,247.0,248.0,244.3,246.07,246.28,-0.21,-0.09,9159.8,225725.463
600519.SH,2012-10-26,248.72,248.98,240.07,241.09,246.07,-4.98,-2.02,24559.09,596652.705
600519.SH,2012-10-29,241.59,243.6,239.05,241.82,241.09,0.73,0.3,14490.8,349849.288
600519.SH,2012-10-30,241.8,245.49,241.21,244.58,241.82,2.76,1.14,15610.11,380664.727
600519.SH,2012-10-31,244.52,247.94,243.65,247.34,244.58,2.76,1.13,15845.35,390460.776
600519.SH,2012-11-01,248.21,250.85,246.35,249.4,247.34,2.06,0.83,18191.26,453437.145
600519.SH,2012-11-02,249.2,250.5,246.28,248.36,249.4,-1.04,-0.42,16974.81,420531.725
600519.SH,2012-11-05,246.99,246.99,241.2,242.92,248.36,-5.44,-2.19,22665.59,552311.463
600519.SH,2012-11-06,242.41,242.41,235.5,235.93,242.92,-6.99,-2.88,41713.23,991450.62
600519.SH,2012-11-07,235.0,238.03,235.0,237.47,235.93,1.54,0.65,16217.59,383915.183
600519.SH,2012-11-08,235.99,236.95,233.85,234.1,237.47,-3.37,-1.42,16261.81,382711.598
600519.SH,2012-11-09,234.09,235.8,233.66,234.81,234.1,0.71,0.3,11670.06,273825.06
600519.SH,2012-11-12,235.0,235.78,228.89,231.46,234.81,-3.35,-1.43,20464.33,472928.286
600519.SH,2012-11-13,231.0,231.0,225.7,228.06,231.46,-3.4,-1.47,20447.77,465306.375
600519.SH,2012-11-14,228.38,231.0,226.5,230.65,228.06,2.59,1.14,12238.48,280680.242
600519.SH,2012-11-15,229.0,229.0,226.33,227.25,230.65,-3.4,-1.47,11400.61,259657.23
600519.SH,2012-11-16,226.8,226.95,222.5,224.4,227.25,-2.85,-1.25,19677.13,441363.632
600519.SH,2012-11-19,224.4,224.4,208.9,214.05,224.4,-10.35,-4.61,70484.01,1508795.035
600519.SH,2012-11-20,212.85,218.34,212.5,215.96,214.05,1.91,0.89,38078.16,820492.572
600519.SH,2012-11-21,215.85,219.8,211.79,218.65,215.96,2.69,1.25,33334.64,719458.14
600519.SH,2012-11-22,207.5,217.46,206.8,217.29,218.65,-1.36,-0.62,51520.8,1093946.85
600519.SH,2012-11-23,215.02,223.0,215.01,222.23,217.29,4.94,2.27,29844.64,655947.672
600519.SH,2012-11-26,221.41,221.8,215.5,217.05,222.23,-5.18,-2.33,21954.75,478884.312
600519.SH,2012-11-27,217.05,221.09,216.18,219.76,217.05,2.71,1.25,20458.85,447807.811
600519.SH,2012-11-28,219.25,219.25,217.0,218.39,219.76,-1.37,-0.62,15017.08,328018.453
600519.SH,2012-11-29,218.4,220.12,218.14,219.28,218.39,0.89,0.41,15675.74,343521.807
600519.SH,2012-11-30,219.2,219.2,213.21,216.01,219.28,-3.27,-1.49,21371.37,459310.347
600519.SH,2012-12-03,213.0,213.0,199.05,200.19,216.01,-15.82,-7.32,79372.36,1620343.239
600519.SH,2012-12-04,195.01,199.98,190.8,196.95,200.19,-3.24,-1.62,78705.41,1534594.318
600519.SH,2012-12-05,194.3,200.52,188.63,196.64,196.95,-0.31,-0.16,111703.81,2172380.167
600519.SH,2012-12-06,196.2,197.0,184.0,194.21,196.64,-2.43,-1.24,117561.99,2244829.139
600519.SH,2012-12-07,196.99,202.69,196.58,198.79,194.21,4.58,2.36,99501.41,1983064.728
600519.SH,2012-12-11,198.5,208.0,198.5,202.31,198.79,3.52,1.77,92232.6,1869715.843
600519.SH,2012-12-12,205.0,211.99,202.5,211.86,202.31,9.55,4.72,64325.31,1327462.831
600519.SH,2012-12-13,209.89,214.98,205.1,205.7,211.86,-6.16,-2.91,61996.46,1297953.947
600519.SH,2012-12-14,203.0,209.5,198.5,207.92,205.7,2.22,1.08,78926.33,1609442.087
600519.SH,2012-12-17,206.0,213.66,202.0,211.09,207.92,3.17,1.52,71361.26,1488539.58
600519.SH,2012-12-18,211.21,216.78,211.17,214.53,211.09,3.44,1.63,46945.45,1005177.386
600519.SH,2012-12-19,213.13,221.0,213.01,219.45,214.53,4.92,2.29,47569.78,1039482.925
600519.SH,2012-12-20,218.5,220.4,215.59,218.4,219.45,-1.05,-0.48,34434.14,750851.79
600519.SH,2012-12-21,217.69,219.0,215.83,216.6,218.4,-1.8,-0.82,25092.81,544719.331
600519.SH,2012-12-24,212.01,212.01,200.0,204.58,216.6,-12.02,-5.55,100050.74,2054317.655
600519.SH,2012-12-25,202.9,206.87,201.22,204.72,204.58,0.14,0.07,59533.52,1218659.231
600519.SH,2012-12-26,203.78,206.8,202.71,205.25,204.72,0.53,0.26,44866.24,918674.03
600519.SH,2012-12-27,205.3,209.5,203.74,207.58,205.25,2.33,1.14,60926.24,1259077.997
600519.SH,2012-12-28,207.6,215.58,207.6,212.3,207.58,4.72,2.27,56589.24,1202787.58
600519.SH,2012-12-31,213.31,214.8,206.35,209.02,212.3,-3.28,-1.55,51914.83,1085776.117
600519.SH,2013-01-04,212.0,212.0,205.0,206.94,209.02,-2.08,-1.0,58370.34,1205796.538
600519.SH,2013-01-07,205.88,205.88,202.5,204.29,206.94,-2.65,-1.28,41271.39,840359.829
600519.SH,2013-01-08,203.18,210.85,203.18,210.84,204.29,6.55,3.21,65286.98,1362186.171
600519.SH,2013-01-09,211.5,217.65,211.5,216.45,210.84,5.61,2.66,53749.32,1159330.305
600519.SH,2013-01-10,215.58,217.0,213.0,214.5,216.45,-1.95,-0.9,30527.86,656830.931
600519.SH,2013-01-11,213.72,215.15,209.88,211.26,214.5,-3.24,-1.51,37009.99,784542.945
600519.SH,2013-01-14,208.5,210.3,202.81,209.42,211.26,-1.84,-0.87,68183.58,1410483.972
600519.SH,2013-01-15,208.79,212.1,206.82,210.85,209.42,1.43,0.68,52635.08,1103130.868
600519.SH,2013-01-16,205.0,206.8,203.68,206.0,210.85,-4.85,-2.3,69501.65,1427067.086
600519.SH,2013-01-17,204.99,207.68,204.52,205.13,206.0,-0.87,-0.42,36201.85,744614.971
600519.SH,2013-01-18,206.15,206.48,200.11,203.76,205.13,-1.37,-0.67,55318.07,1122848.386
600519.SH,2013-01-21,202.8,202.8,196.3,197.31,203.76,-6.45,-3.17,74779.28,1482664.898
600519.SH,2013-01-22,195.81,199.73,189.0,198.83,197.31,1.52,0.77,73815.41,1425054.465
600519.SH,2013-01-23,196.0,199.51,193.8,198.98,198.83,0.15,0.08,51013.93,1006483.564
600519.SH,2013-01-24,197.9,200.1,194.8,195.96,198.98,-3.02,-1.52,59474.38,1171137.855
600519.SH,2013-01-25,189.0,191.8,186.1,189.05,195.96,-6.91,-3.53,80007.86,1508197.81
600519.SH,2013-01-28,186.0,187.8,178.0,178.5,189.05,-10.55,-5.58,158290.58,2857092.951
600519.SH,2013-01-29,176.0,179.99,172.0,178.16,178.5,-0.34,-0.19,115447.87,2034723.439
600519.SH,2013-01-30,177.05,182.49,176.68,180.12,178.16,1.96,1.1,71376.78,1285436.676
600519.SH,2013-01-31,181.2,181.8,177.77,178.9,180.12,-1.22,-0.68,37816.23,678384.682
600519.SH,2013-02-01,178.88,181.77,178.03,178.98,178.9,0.08,0.04,45265.64,813241.68
600519.SH,2013-02-04,180.0,180.95,174.0,175.13,178.98,-3.85,-2.15,64964.02,1142310.991
600519.SH,2013-02-05,174.95,184.5,173.8,184.43,175.13,9.3,5.31,87825.4,1575281.159
600519.SH,2013-02-06,184.98,185.07,182.0,183.93,184.43,-0.5,-0.27,46195.17,849026.089
600519.SH,2013-02-07,183.0,186.55,181.32,185.17,183.93,1.24,0.67,48567.91,895061.569
600519.SH,2013-02-08,185.15,188.4,184.3,187.86,185.17,2.69,1.45,41572.53,778273.77
600519.SH,2013-02-18,188.3,188.3,179.0,179.69,187.86,-8.17,-4.35,56569.78,1024714.902
600519.SH,2013-02-19,178.98,180.59,176.8,177.92,179.69,-1.77,-0.99,37737.53,673362.435
600519.SH,2013-02-20,177.0,179.98,175.02,177.9,177.92,-0.02,-0.01,36582.26,650765.308
600519.SH,2013-02-21,175.23,185.2,175.05,180.02,177.9,2.12,1.19,53832.87,974530.658
600519.SH,2013-02-22,181.0,186.6,181.0,185.59,180.02,5.57,3.09,62864.18,1163340.82
600519.SH,2013-02-25,184.0,185.35,180.26,181.09,185.59,-4.5,-2.42,34549.09,629472.576
600519.SH,2013-02-26,180.7,184.0,177.33,177.37,181.09,-3.72,-2.05,43754.79,783158.037
600519.SH,2013-02-27,176.61,178.7,175.56,176.77,177.37,-0.6,-0.34,34158.15,602608.232
600519.SH,2013-02-28,177.8,177.8,172.0,175.0,176.77,-1.77,-1.0,56786.43,990766.787
600519.SH,2013-03-01,174.3,175.96,172.99,173.82,175.0,-1.18,-0.67,38003.45,661720.749
600519.SH,2013-03-04,173.72,176.62,173.72,174.72,173.82,0.9,0.52,52072.95,912360.626
600519.SH,2013-03-05,175.42,176.46,173.86,175.0,174.72,0.28,0.16,36974.71,648668.784
600519.SH,2013-03-06,176.0,177.3,173.65,177.22,175.0,2.22,1.27,49227.26,861725.426
600519.SH,2013-03-07,179.38,188.6,179.32,183.86,177.22,6.64,3.75,85190.62,1573676.093
600519.SH,2013-03-08,186.01,187.5,183.67,184.13,183.86,0.27,0.15,35959.78,667118.431
600519.SH,2013-03-11,183.8,185.5,181.81,185.2,184.13,1.07,0.58,34965.28,642927.319
600519.SH,2013-03-12,186.0,186.1,180.0,182.18,185.2,-3.02,-1.63,25393.65,465220.571
600519.SH,2013-03-13,182.4,186.02,182.4,183.83,182.18,1.65,0.91,30769.9,567812.074
600519.SH,2013-03-14,182.5,184.77,178.66,178.94,183.83,-4.89,-2.66,35124.0,635985.859
600519.SH,2013-03-15,177.52,180.7,175.1,176.97,178.94,-1.97,-1.1,35961.12,639236.967
600519.SH,2013-03-18,176.9,176.9,168.19,169.45,176.97,-7.52,-4.25,78231.53,1336285.511
600519.SH,2013-03-19,168.2,169.82,164.51,165.18,169.45,-4.27,-2.52,63414.03,1052322.589
600519.SH,2013-03-20,165.26,170.59,164.1,169.91,165.18,4.73,2.86,71894.98,1202347.854
600519.SH,2013-03-21,169.5,169.5,165.8,166.78,169.91,-3.13,-1.84,65392.72,1091400.974
600519.SH,2013-03-22,166.48,169.9,165.71,169.05,166.78,2.27,1.36,45578.63,767262.032
600519.SH,2013-03-25,169.0,170.77,168.1,169.03,169.05,-0.02,-0.01,31966.46,541959.904
600519.SH,2013-03-26,169.1,171.21,168.41,169.88,169.03,0.85,0.5,32480.09,551865.776
600519.SH,2013-03-27,170.01,170.4,165.4,166.79,169.88,-3.09,-1.82,47662.21,795809.835
600519.SH,2013-03-28,166.08,168.18,162.31,166.82,166.79,0.03,0.02,41490.9,685703.919
600519.SH,2013-03-29,167.25,169.57,166.02,168.86,166.82,2.04,1.22,47717.09,802924.384
600519.SH,2013-04-01,168.09,168.46,164.58,164.95,168.86,-3.91,-2.32,29128.8,483197.214
600519.SH,2013-04-02,165.1,165.97,163.27,163.71,164.95,-1.24,-0.75,32524.9,534554.075
600519.SH,2013-04-03,163.68,165.0,163.18,163.85,163.71,0.14,0.09,21990.5,360543.77
600519.SH,2013-04-08,162.14,165.0,160.45,164.32,163.85,0.47,0.29,37732.76,613230.373
600519.SH,2013-04-09,163.89,164.9,162.7,163.6,164.32,-0.72,-0.44,24194.65,396645.807
600519.SH,2013-04-10,164.0,171.11,162.7,169.96,163.6,6.36,3.89,70858.38,1194391.2
600519.SH,2013-04-11,170.0,171.0,168.3,168.92,169.96,-1.04,-0.61,29729.52,504695.116
600519.SH,2013-04-12,168.92,174.4,168.5,172.23,168.92,3.31,1.96,59800.06,1032119.622
600519.SH,2013-04-15,172.27,173.66,170.02,172.74,172.23,0.51,0.3,28336.73,487286.254
600519.SH,2013-04-16,170.0,175.2,169.6,173.16,172.74,0.42,0.24,39137.92,676673.436
600519.SH,2013-04-17,173.6,178.77,173.55,178.49,173.16,5.33,3.08,42974.08,760898.345
600519.SH,2013-04-18,177.2,180.0,176.01,179.15,178.49,0.66,0.37,41956.84,749007.268
600519.SH,2013-04-19,179.4,179.88,176.89,179.23,179.15,0.08,0.04,39238.38,701185.036
600519.SH,2013-04-22,178.9,178.9,173.5,173.71,179.23,-5.52,-3.08,42745.96,747616.492
600519.SH,2013-04-23,173.5,174.98,171.7,171.81,173.71,-1.9,-1.09,30952.62,535923.146
600519.SH,2013-04-24,172.22,175.0,170.3,174.87,171.81,3.06,1.78,30402.61,525381.344
600519.SH,2013-04-25,174.02,177.56,173.22,176.7,174.87,1.83,1.05,25359.69,446045.076
600519.SH,2013-04-26,177.41,178.0,173.01,173.99,176.7,-2.71,-1.53,16307.64,285787.932
600519.SH,2013-05-02,173.0,173.05,169.03,171.11,173.99,-2.88,-1.66,28586.79,489586.43
600519.SH,2013-05-03,171.8,174.02,170.6,172.45,171.11,1.34,0.78,21460.52,369986.951
600519.SH,2013-05-06,173.0,177.98,171.98,177.8,172.45,5.35,3.1,30196.39,529181.415
600519.SH,2013-05-07,179.02,188.34,179.02,187.69,177.8,9.89,5.56,71020.55,1305178.758
600519.SH,2013-05-08,187.8,190.0,186.13,188.89,187.69,1.2,0.64,42416.06,799534.954
600519.SH,2013-05-09,189.26,197.2,189.26,197.18,188.89,8.29,4.39,70134.68,1370326.17
600519.SH,2013-05-10,197.01,200.92,196.01,197.11,197.18,-0.07,-0.04,48776.59,970170.014
600519.SH,2013-05-13,197.11,201.6,193.77,197.68,197.11,0.57,0.29,32579.04,645155.894
600519.SH,2013-05-14,196.1,197.1,190.01,191.19,197.68,-6.49,-3.28,36431.6,701153.965
600519.SH,2013-05-15,190.88,196.66,190.72,194.66,191.19,3.47,1.81,23264.4,452499.708
600519.SH,2013-05-16,194.01,200.51,192.0,194.85,194.66,0.19,0.1,45462.27,893376.381
600519.SH,2013-05-17,194.08,196.45,193.0,195.91,194.85,1.06,0.54,33556.72,654713.526
600519.SH,2013-05-20,196.8,198.48,194.45,195.0,195.91,-0.91,-0.46,30944.06,605797.988
600519.SH,2013-05-21,194.88,195.76,193.51,195.02,195.0,0.02,0.01,23102.34,449227.066
600519.SH,2013-05-22,195.65,200.6,195.1,199.47,195.02,4.45,2.28,46149.64,917905.229
600519.SH,2013-05-23,199.6,206.49,199.6,202.44,199.47,2.97,1.49,62247.45,1272531.72
600519.SH,2013-05-24,204.0,207.17,200.0,200.93,202.44,-1.51,-0.75,45073.12,915894.075
600519.SH,2013-05-27,201.97,202.1,198.0,201.63,200.93,0.7,0.35,26778.12,536544.405
600519.SH,2013-05-28,201.88,203.31,199.55,202.14,201.63,0.51,0.25,23676.36,477386.72
600519.SH,2013-05-29,203.0,206.87,201.35,201.49,202.14,-0.65,-0.32,32340.02,659505.373
600519.SH,2013-05-30,200.8,202.82,199.01,200.25,201.49,-1.24,-0.62,25019.42,500916.433
600519.SH,2013-05-31,200.97,201.4,197.0,197.1,200.25,-3.15,-1.57,24590.56,490984.247
600519.SH,2013-06-03,198.1,202.55,197.18,202.08,197.1,4.98,2.53,40256.75,807356.528
600519.SH,2013-06-04,202.3,205.3,201.65,201.7,202.08,-0.38,-0.19,42356.92,862313.622
600519.SH,2013-06-05,201.99,202.5,199.58,201.17,201.7,-0.53,-0.26,23724.42,476555.327
600519.SH,2013-06-06,201.21,204.8,201.21,201.66,201.17,0.49,0.24,33877.35,688473.447
600519.SH,2013-06-07,195.11,200.0,193.51,196.26,195.24,1.02,0.52,25478.38,502253.009
600519.SH,2013-06-13,195.12,198.48,192.01,194.71,196.26,-1.55,-0.79,44998.64,876852.216
600519.SH,2013-06-14,194.35,195.0,189.58,194.02,194.71,-0.69,-0.35,32518.67,625711.421
600519.SH,2013-06-17,194.27,194.98,189.21,189.48,194.02,-4.54,-2.34,29689.27,568914.661
600519.SH,2013-06-18,189.16,191.8,186.52,191.65,189.48,2.17,1.15,27377.72,516512.033
600519.SH,2013-06-19,190.88,195.5,188.2,194.83,191.65,3.18,1.66,28909.18,556142.175
600519.SH,2013-06-20,194.46,195.48,190.61,191.74,194.83,-3.09,-1.59,25586.81,493350.639
600519.SH,2013-06-21,190.04,195.88,187.5,191.17,191.74,-0.57,-0.3,39654.19,762942.568
600519.SH,2013-06-24,191.61,192.0,185.18,185.62,191.17,-5.55,-2.9,40807.2,765344.886
600519.SH,2013-06-25,185.56,190.3,176.03,189.84,185.62,4.22,2.27,51352.49,952843.639
600519.SH,2013-06-26,188.49,189.82,184.78,188.72,189.84,-1.12,-0.59,32903.48,613847.368
600519.SH,2013-06-27,188.72,192.35,188.09,189.58,188.72,0.86,0.46,34135.76,651525.208
600519.SH,2013-06-28,188.85,193.46,188.85,192.37,189.58,2.79,1.47,28070.02,540002.73
600519.SH,2013-07-01,192.03,194.97,191.02,194.29,192.37,1.92,1.0,25828.52,498364.213
600519.SH,2013-07-02,194.27,198.99,192.62,197.95,194.29,3.66,1.88,33453.17,656544.871
600519.SH,2013-07-03,198.9,199.8,196.13,197.97,197.95,0.02,0.01,35424.64,702154.07
600519.SH,2013-07-04,197.07,199.86,196.58,196.62,197.97,-1.35,-0.68,24214.52,480333.716
600519.SH,2013-07-05,196.9,199.37,196.9,197.12,196.62,0.5,0.25,17779.54,351961.193
600519.SH,2013-07-08,196.88,197.89,193.0,195.16,197.12,-1.96,-0.99,24113.9,471887.316
600519.SH,2013-07-09,196.3,196.3,190.71,192.05,195.16,-3.11,-1.59,20233.61,390495.512
600519.SH,2013-07-10,191.21,194.1,188.89,193.84,192.05,1.79,0.93,33244.96,635969.702
600519.SH,2013-07-11,194.55,196.5,192.03,195.97,193.84,2.13,1.1,46056.61,897968.904
600519.SH,2013-07-12,195.11,196.77,188.7,188.81,195.97,-7.16,-3.65,42991.64,823551.963
600519.SH,2013-07-15,189.38,190.1,184.93,187.95,188.81,-0.86,-0.46,36607.35,683259.585
600519.SH,2013-07-16,188.16,191.28,185.5,190.95,187.95,3.0,1.6,37011.4,698456.698
600519.SH,2013-07-17,190.5,190.79,186.81,186.92,190.95,-4.03,-2.11,27388.46,517180.73
600519.SH,2013-07-18,187.0,187.45,183.7,185.07,186.92,-1.85,-0.99,25699.77,475329.686
600519.SH,2013-07-19,185.01,185.01,174.53,176.01,185.07,-9.06,-4.9,73319.22,1309145.807
600519.SH,2013-07-22,175.66,177.09,173.05,174.88,176.01,-1.13,-0.64,27062.32,472471.726
600519.SH,2013-07-23,175.93,180.29,174.98,179.59,174.88,4.71,2.69,28756.11,513622.532
600519.SH,2013-07-24,179.4,179.4,173.1,174.62,179.59,-4.97,-2.77,44067.23,772480.648
600519.SH,2013-07-25,175.4,179.8,174.3,178.74,174.62,4.12,2.36,39540.54,701690.246
600519.SH,2013-07-26,177.0,177.8,174.9,174.97,178.74,-3.77,-2.11,19045.67,334279.508
600519.SH,2013-07-29,174.28,174.28,171.0,171.32,174.97,-3.65,-2.09,26883.31,462873.572
600519.SH,2013-07-30,170.3,171.28,165.59,168.43,171.32,-2.89,-1.69,42113.97,708812.312
600519.SH,2013-07-31,169.68,171.2,167.7,168.5,168.43,0.07,0.04,14590.04,246901.546
600519.SH,2013-08-01,169.98,172.5,169.06,171.89,168.5,3.39,2.01,24852.59,426199.169
600519.SH,2013-08-02,172.79,178.16,172.69,176.03,171.89,4.14,2.41,29240.78,514840.309
600519.SH,2013-08-05,176.03,176.77,173.9,175.5,176.03,-0.53,-0.3,18065.07,316638.075
600519.SH,2013-08-06,173.93,175.5,172.7,175.23,175.5,-0.27,-0.15,26562.26,462053.656
600519.SH,2013-08-07,174.8,178.66,173.73,176.38,175.23,1.15,0.66,28377.75,501679.186
600519.SH,2013-08-08,176.42,177.36,174.4,175.16,176.38,-1.22,-0.69,16076.73,282184.726
600519.SH,2013-08-09,175.45,176.09,170.94,172.83,175.16,-2.33,-1.33,22889.24,396239.81
600519.SH,2013-08-12,172.8,178.43,172.51,178.31,172.83,5.48,3.17,39390.34,692000.838
600519.SH,2013-08-13,178.01,180.5,176.5,179.95,178.31,1.64,0.92,25435.83,453549.742
600519.SH,2013-08-14,179.89,182.34,178.4,178.69,179.95,-1.26,-0.7,21721.9,392821.868
600519.SH,2013-08-15,178.86,181.2,177.39,177.46,178.69,-1.23,-0.69,15365.66,274789.284
600519.SH,2013-08-16,177.53,181.0,174.05,174.4,177.46,-3.06,-1.72,34973.93,617783.344
600519.SH,2013-08-19,175.4,175.91,173.0,175.17,174.4,0.77,0.44,19357.61,337652.097
600519.SH,2013-08-20,174.15,175.0,172.7,173.61,175.17,-1.56,-0.89,31250.74,541646.639
600519.SH,2013-08-21,175.01,175.15,172.4,174.69,173.61,1.08,0.62,23103.2,401820.452
600519.SH,2013-08-22,174.6,176.68,174.02,175.08,174.69,0.39,0.22,15501.52,272139.857
600519.SH,2013-08-23,175.97,175.98,171.5,172.99,175.08,-2.09,-1.19,19529.64,338959.489
600519.SH,2013-08-26,173.11,175.0,172.0,173.94,172.99,0.95,0.55,16885.31,293255.612
600519.SH,2013-08-27,173.77,173.77,172.0,173.15,173.94,-0.79,-0.45,24436.55,422029.095
600519.SH,2013-08-28,172.17,172.17,169.57,169.9,173.15,-3.25,-1.88,30603.04,521639.363
600519.SH,2013-08-29,170.0,170.34,168.11,168.48,169.9,-1.42,-0.84,21804.02,368545.672
600519.SH,2013-08-30,168.48,169.0,167.55,168.78,168.48,0.3,0.18,25861.42,435606.368
600519.SH,2013-09-02,160.8,160.8,151.9,151.92,168.78,-16.86,-9.99,224970.74,3438418.525
600519.SH,2013-09-03,151.0,152.8,149.0,151.66,151.92,-0.26,-0.17,123211.05,1855978.596
600519.SH,2013-09-04,152.0,153.55,151.6,152.1,151.66,0.44,0.29,76789.98,1171694.804
600519.SH,2013-09-05,151.86,152.8,149.3,150.27,152.1,-1.83,-1.2,71283.26,1070129.375
600519.SH,2013-09-06,150.1,150.9,149.77,150.28,150.27,0.01,0.01,37783.66,567391.478
600519.SH,2013-09-09,151.0,151.52,149.88,150.95,150.28,0.67,0.45,69270.92,1042258.764
600519.SH,2013-09-10,150.8,151.88,150.08,151.62,150.95,0.67,0.44,54093.09,816720.661
600519.SH,2013-09-11,151.75,152.78,150.0,152.57,151.62,0.95,0.63,69012.93,1045733.434
600519.SH,2013-09-12,152.63,153.2,151.21,151.73,152.57,-0.84,-0.55,47723.11,725740.678
600519.SH,2013-09-13,151.69,154.48,151.65,152.02,151.73,0.29,0.19,68254.87,1044001.958
600519.SH,2013-09-16,152.62,152.62,149.59,149.65,152.02,-2.37,-1.56,58877.12,889024.058
600519.SH,2013-09-17,149.0,149.2,140.51,141.3,149.65,-8.35,-5.58,109057.97,1571781.594
600519.SH,2013-09-18,141.0,142.38,139.5,141.9,141.3,0.6,0.42,67317.66,949223.067
600519.SH,2013-09-23,141.99,142.0,140.05,140.81,141.9,-1.09,-0.77,65409.62,921212.137
600519.SH,2013-09-24,141.0,142.26,136.7,136.8,140.81,-4.01,-2.85,98819.15,1371542.71
600519.SH,2013-09-25,136.55,137.5,133.02,135.16,136.8,-1.64,-1.2,69789.01,943851.491
600519.SH,2013-09-26,134.0,136.22,134.0,135.42,135.16,0.26,0.19,47227.83,638421.037
600519.SH,2013-09-27,135.49,136.16,133.79,134.06,135.42,-1.36,-1.0,34639.25,465617.869
600519.SH,2013-09-30,133.93,136.31,133.52,135.94,134.06,1.88,1.4,50460.64,681360.332
600519.SH,2013-10-08,135.76,137.4,134.19,136.67,135.94,0.73,0.54,56867.25,773294.157
600519.SH,2013-10-09,136.6,137.4,135.8,136.99,136.67,0.32,0.23,40815.04,557664.494
600519.SH,2013-10-10,137.0,137.38,136.25,137.04,136.99,0.05,0.04,29045.52,397207.813
600519.SH,2013-10-11,135.3,137.83,135.3,137.52,137.04,0.48,0.35,36455.56,499830.914
600519.SH,2013-10-14,137.95,139.73,137.32,139.65,137.52,2.13,1.55,55274.79,767129.557
600519.SH,2013-10-15,139.74,144.8,139.08,144.25,139.65,4.6,3.29,69277.51,986261.708
600519.SH,2013-10-16,146.3,147.7,142.1,144.24,144.25,-0.01,-0.01,94813.2,1382754.194
600519.SH,2013-10-17,144.59,145.8,143.5,144.19,144.24,-0.05,-0.03,48621.19,703391.97
600519.SH,2013-10-18,144.49,144.91,142.0,142.98,144.19,-1.21,-0.84,35574.95,510349.74
600519.SH,2013-10-21,143.51,145.3,142.2,145.09,142.98,2.11,1.48,47022.98,677908.678
600519.SH,2013-10-22,144.8,144.8,142.75,143.42,145.09,-1.67,-1.15,24581.39,353140.635
600519.SH,2013-10-23,143.26,144.68,142.21,143.69,143.42,0.27,0.19,26215.11,375070.072
600519.SH,2013-10-24,143.3,143.97,142.7,143.71,143.69,0.02,0.01,26255.33,376580.495
600519.SH,2013-10-25,143.01,143.01,135.6,136.73,143.71,-6.98,-4.86,58584.15,807380.213
600519.SH,2013-10-28,135.78,136.77,133.26,133.97,136.73,-2.76,-2.02,32141.02,431472.151
600519.SH,2013-10-29,134.15,134.66,131.5,132.8,133.97,-1.17,-0.87,35182.94,468246.86
600519.SH,2013-10-30,132.98,133.3,131.96,132.59,132.8,-0.21,-0.16,25343.46,335579.62
600519.SH,2013-10-31,132.65,136.51,132.5,135.11,132.59,2.52,1.9,34893.43,471033.933
600519.SH,2013-11-01,134.33,135.84,133.8,135.18,135.11,0.07,0.05,22154.47,299057.62
600519.SH,2013-11-04,135.45,136.97,135.27,136.34,135.18,1.16,0.86,19436.28,264834.002
600519.SH,2013-11-05,135.8,138.39,134.7,138.11,136.34,1.77,1.3,27843.07,381603.609
600519.SH,2013-11-06,138.28,141.01,137.5,139.65,138.11,1.54,1.12,44449.25,619496.988
600519.SH,2013-11-07,139.36,139.88,136.7,138.97,139.65,-0.68,-0.49,21358.88,294635.357
600519.SH,2013-11-08,138.6,139.99,136.01,136.14,138.97,-2.83,-2.04,21537.43,298492.269
600519.SH,2013-11-11,138.0,141.68,136.18,139.55,136.14,3.41,2.5,52328.77,729491.561
600519.SH,2013-11-12,139.42,145.35,139.05,144.84,139.55,5.29,3.79,69478.01,997440.468
600519.SH,2013-11-13,144.09,146.45,143.1,144.72,144.84,-0.12,-0.08,31881.46,460888.127
600519.SH,2013-11-14,145.0,145.0,141.69,144.07,144.72,-0.65,-0.4491,24042.02,344294.687
600519.SH,2013-11-15,143.74,144.62,142.1,143.44,144.07,-0.63,-0.44,33597.85,481165.007
600519.SH,2013-11-18,144.0,144.86,142.8,143.49,143.44,0.05,0.03,41571.71,596980.141
600519.SH,2013-11-19,143.5,144.2,141.3,142.82,143.49,-0.67,-0.47,41166.83,588099.506
600519.SH,2013-11-20,142.74,142.92,141.4,142.06,142.82,-0.76,-0.53,25517.8,362889.657
600519.SH,2013-11-21,141.68,142.29,138.55,138.66,142.06,-3.4,-2.39,32991.98,459524.467
600519.SH,2013-11-22,138.66,139.35,137.98,138.47,138.66,-0.19,-0.14,28110.9,389528.915
600519.SH,2013-11-25,137.78,141.86,137.52,140.93,138.47,2.46,1.78,26181.02,367831.844
600519.SH,2013-11-26,140.99,141.84,139.78,139.98,140.93,-0.95,-0.67,16406.04,230259.508
600519.SH,2013-11-27,139.99,141.19,138.6,139.95,139.98,-0.03,-0.02,15679.52,219358.339
600519.SH,2013-11-28,139.98,142.65,139.98,141.83,139.95,1.88,1.34,22240.51,315027.615
600519.SH,2013-11-29,141.0,141.65,139.92,141.44,141.83,-0.39,-0.28,20423.78,287184.36
600519.SH,2013-12-02,140.01,140.27,136.5,136.78,141.44,-4.66,-3.29,42892.4,591853.929
600519.SH,2013-12-03,136.55,137.92,135.34,137.58,136.78,0.8,0.58,32882.3,448934.466
600519.SH,2013-12-04,137.46,139.02,136.57,138.48,137.58,0.9,0.65,33510.42,463071.203
600519.SH,2013-12-05,138.44,138.44,136.95,136.99,138.48,-1.49,-1.08,19326.31,265765.318
600519.SH,2013-12-06,136.77,139.1,136.0,138.75,136.99,1.76,1.28,29150.72,402741.316
600519.SH,2013-12-09,138.6,138.7,136.0,137.94,138.75,-0.81,-0.58,25371.9,347999.972
600519.SH,2013-12-10,137.51,137.9,136.2,136.95,137.94,-0.99,-0.72,25392.66,347805.549
600519.SH,2013-12-11,136.86,137.6,136.17,136.39,136.95,-0.56,-0.41,19868.16,271716.036
600519.SH,2013-12-12,136.33,137.34,136.2,136.4,136.39,0.01,0.01,18306.95,250384.797
600519.SH,2013-12-13,136.23,137.39,136.22,136.4,136.4,0.0,0.0,19267.26,263371.186
600519.SH,2013-12-16,136.01,136.42,132.87,132.97,136.4,-3.43,-2.51,32869.44,439536.257
600519.SH,2013-12-17,132.95,134.73,132.4,133.21,132.97,0.24,0.18,15641.2,209082.464
600519.SH,2013-12-18,132.99,133.5,132.31,132.49,133.21,-0.72,-0.54,20105.17,266750.697
600519.SH,2013-12-19,133.29,133.4,131.1,131.15,132.49,-1.34,-1.01,17813.45,235156.558
600519.SH,2013-12-20,131.25,131.75,126.0,126.65,131.15,-4.5,-3.43,38556.01,495862.858
600519.SH,2013-12-23,126.43,127.64,126.12,126.51,126.65,-0.14,-0.11,19222.51,243709.867
600519.SH,2013-12-24,127.0,127.7,126.38,126.61,126.51,0.1,0.08,27897.14,354505.538
600519.SH,2013-12-25,127.0,127.37,125.89,126.26,126.61,-0.35,-0.28,18439.45,233016.83
600519.SH,2013-12-26,126.0,126.23,124.14,124.74,126.26,-1.52,-1.2,34156.22,427007.202
600519.SH,2013-12-27,125.2,127.23,124.74,126.2,124.74,1.46,1.17,25455.48,321517.73
600519.SH,2013-12-30,126.45,126.98,123.99,124.46,126.2,-1.74,-1.38,32166.72,401569.202
600519.SH,2013-12-31,124.0,129.31,122.5,128.38,124.46,3.92,3.15,57546.49,730676.611
600519.SH,2014-01-02,127.99,127.99,125.6,125.98,128.38,-2.4,-1.87,21976.66,277430.218
600519.SH,2014-01-03,125.25,125.8,123.23,123.98,125.98,-2.0,-1.59,23341.65,288934.602
600519.SH,2014-01-06,122.88,124.9,120.7,120.73,123.98,-3.25,-2.62,30229.21,367274.761
600519.SH,2014-01-07,120.11,121.35,119.2,120.56,120.73,-0.17,-0.14,18039.46,216936.563
600519.SH,2014-01-08,120.49,121.18,118.01,119.4,120.56,-1.16,-0.96,31989.59,380752.975
600519.SH,2014-01-09,119.0,121.8,118.6,119.34,119.4,-0.06,-0.05,47886.71,575090.339
600519.SH,2014-01-10,119.01,120.43,118.05,119.27,119.34,-0.07,-0.06,21126.63,251742.737
600519.SH,2014-01-13,119.3,122.32,119.08,119.89,119.27,0.62,0.52,37646.46,454274.359
600519.SH,2014-01-14,120.2,121.79,118.9,121.31,119.89,1.42,1.18,23474.99,282925.547
600519.SH,2014-01-15,120.51,121.15,118.05,118.76,121.31,-2.55,-2.1,19720.69,235363.881
600519.SH,2014-01-16,118.85,122.45,118.74,121.99,118.76,3.23,2.72,39119.63,474484.847
600519.SH,2014-01-17,121.8,122.65,120.12,120.3,121.99,-1.69,-1.39,32363.73,393324.788
600519.SH,2014-01-20,121.9,127.3,121.02,126.79,120.3,6.49,5.39,60090.63,751598.256
600519.SH,2014-01-21,126.0,128.71,125.35,126.99,126.79,0.2,0.16,35404.62,451224.694
600519.SH,2014-01-22,126.98,134.81,126.3,134.17,126.99,7.18,5.65,73667.81,975900.199
600519.SH,2014-01-23,134.18,135.4,131.76,134.09,134.17,-0.08,-0.06,40258.48,538497.403
600519.SH,2014-01-24,133.5,135.69,132.51,135.5,134.09,1.41,1.05,35780.7,482834.462
600519.SH,2014-01-27,134.89,143.78,134.66,140.75,135.5,5.25,3.87,83510.84,1170783.93
600519.SH,2014-01-28,140.51,142.0,137.5,139.22,140.75,-1.53,-1.09,36401.15,508739.365
600519.SH,2014-01-29,139.78,141.06,136.49,137.01,139.22,-2.21,-1.59,31520.4,434136.676
600519.SH,2014-01-30,136.5,136.95,131.0,132.2,137.01,-4.81,-3.51,37223.44,496967.643
600519.SH,2014-02-07,132.06,134.62,131.06,133.89,132.2,1.69,1.28,23865.61,317924.201
600519.SH,2014-02-10,134.0,134.4,130.86,132.86,133.89,-1.03,-0.77,36251.74,479835.319
600519.SH,2014-02-11,132.8,135.58,132.1,134.04,132.86,1.18,0.89,43006.94,578123.049
600519.SH,2014-02-12,134.2,134.97,133.31,134.15,134.04,0.11,0.08,19283.48,258332.741
600519.SH,2014-02-13,134.03,138.39,134.01,135.67,134.15,1.52,1.13,38567.47,528398.492
600519.SH,2014-02-14,135.39,143.0,135.39,142.9,135.67,7.23,5.33,67410.37,946589.741
600519.SH,2014-02-17,144.1,150.99,144.1,149.98,142.9,7.08,4.95,87465.17,1301703.98
600519.SH,2014-02-18,149.44,149.44,146.12,147.01,149.98,-2.97,-1.98,33640.35,496116.912
600519.SH,2014-02-19,147.05,151.98,147.05,149.53,147.01,2.52,1.71,31482.66,472702.776
600519.SH,2014-02-20,149.5,151.58,148.0,148.99,149.53,-0.54,-0.36,23188.97,346513.535
600519.SH,2014-02-21,148.0,150.15,147.78,149.08,148.99,0.09,0.06,34125.4,508426.618
600519.SH,2014-02-24,149.1,151.08,145.61,147.62,149.08,-1.46,-0.98,31178.65,463140.9
600519.SH,2014-02-25,148.0,148.4,141.0,142.37,147.62,-5.25,-3.56,46279.93,662701.579
600519.SH,2014-02-26,140.56,144.98,139.05,142.03,142.37,-0.34,-0.24,26513.94,377024.801
600519.SH,2014-02-27,142.15,145.79,140.02,144.95,142.03,2.92,2.06,25646.11,367761.88
600519.SH,2014-02-28,145.0,150.8,144.95,150.02,144.95,5.07,3.5,41926.17,626931.554
600519.SH,2014-03-03,150.0,154.99,148.33,154.93,150.02,4.91,3.27,48816.65,745535.034
600519.SH,2014-03-04,152.12,159.29,152.0,153.4,154.93,-1.53,-0.99,50866.76,795957.015
600519.SH,2014-03-05,154.03,159.99,152.0,159.84,153.4,6.44,4.2,47211.54,741663.988
600519.SH,2014-03-06,160.21,162.3,157.0,162.0,159.84,2.16,1.35,42741.21,684035.158
600519.SH,2014-03-07,162.0,167.2,160.04,165.49,162.0,3.49,2.15,58110.48,952251.168
600519.SH,2014-03-10,164.8,165.8,154.03,156.94,165.49,-8.55,-5.17,49985.48,797666.915
600519.SH,2014-03-11,156.0,163.6,155.1,162.18,156.94,5.24,3.34,38561.41,619885.231
600519.SH,2014-03-12,161.08,163.6,155.78,158.53,162.18,-3.65,-2.25,36763.92,582653.268
600519.SH,2014-03-13,157.6,165.1,157.11,164.87,158.53,6.34,4.0,42637.78,695571.566
600519.SH,2014-03-14,164.06,166.0,161.8,163.87,164.87,-1.0,-0.61,24933.55,407076.138
600519.SH,2014-03-17,165.0,166.66,162.01,166.47,163.87,2.6,1.59,32198.88,529609.724
600519.SH,2014-03-18,168.3,176.2,168.3,171.32,166.47,4.85,2.91,59473.71,1030329.361
600519.SH,2014-03-19,169.9,175.0,169.0,174.37,171.32,3.05,1.78,35365.79,613576.537
600519.SH,2014-03-20,174.3,174.5,169.0,169.18,174.37,-5.19,-2.98,33895.21,579777.921
600519.SH,2014-03-21,168.44,171.98,165.5,171.4,169.18,2.22,1.31,40318.81,680945.758
600519.SH,2014-03-24,171.0,175.73,169.9,171.29,171.4,-0.11,-0.06,26320.92,453477.911
600519.SH,2014-03-25,168.4,168.4,155.59,166.81,171.29,-4.48,-2.62,62403.83,1024298.853
600519.SH,2014-03-26,165.1,166.11,158.36,158.49,166.81,-8.32,-4.99,57376.39,927285.406
600519.SH,2014-03-27,157.66,160.8,156.4,157.66,158.49,-0.83,-0.52,38044.59,603835.726
600519.SH,2014-03-28,157.82,158.99,151.01,152.64,157.66,-5.02,-3.18,48272.96,740132.771
600519.SH,2014-03-31,152.01,157.38,152.0,154.7,152.64,2.06,1.35,30583.6,473939.133
600519.SH,2014-04-01,154.71,162.55,154.4,162.49,154.7,7.79,5.04,34046.89,544622.704
600519.SH,2014-04-02,162.74,169.66,161.03,165.64,162.49,3.15,1.94,46698.33,777378.72
600519.SH,2014-04-03,167.56,167.69,163.5,165.31,165.64,-0.33,-0.2,26918.48,444348.448
600519.SH,2014-04-04,164.65,165.3,161.0,164.06,165.31,-1.25,-0.76,23206.51,377896.957
600519.SH,2014-04-08,163.92,165.42,161.01,164.54,164.06,0.48,0.29,25927.49,423934.5
600519.SH,2014-04-09,165.02,166.63,162.13,163.35,164.54,-1.19,-0.72,21618.89,354031.803
600519.SH,2014-04-10,163.27,171.02,159.5,169.51,163.35,6.16,3.77,54177.87,897611.262
600519.SH,2014-04-11,172.0,179.6,172.0,176.08,169.51,6.57,3.88,90225.79,1593651.865
600519.SH,2014-04-14,174.7,177.31,173.0,174.36,176.08,-1.72,-0.98,26824.36,469646.916
600519.SH,2014-04-15,173.2,175.87,173.2,174.49,174.36,0.13,0.07,25880.21,452432.807
600519.SH,2014-04-16,173.7,174.56,170.19,171.02,174.49,-3.47,-1.99,22040.62,379301.956
600519.SH,2014-04-17,170.8,176.0,170.21,175.2,171.02,4.18,2.44,29744.41,517914.682
600519.SH,2014-04-18,175.0,177.77,173.3,175.31,175.2,0.11,0.06,19601.46,344825.514
600519.SH,2014-04-21,174.01,175.98,172.0,172.05,175.31,-3.26,-1.86,18333.79,318935.964
600519.SH,2014-04-22,172.0,175.13,171.52,172.13,172.05,0.08,0.05,22344.96,387206.385
600519.SH,2014-04-23,172.08,176.49,172.03,176.06,172.13,3.93,2.28,33755.73,592119.543
600519.SH,2014-04-24,176.15,176.71,173.7,175.76,176.06,-0.3,-0.17,12581.35,220213.004
600519.SH,2014-04-25,167.98,168.0,161.79,164.69,175.76,-11.07,-6.3,95877.43,1581409.278
600519.SH,2014-04-28,162.08,164.56,159.81,162.79,164.69,-1.9,-1.15,33028.6,535511.089
600519.SH,2014-04-29,162.8,165.48,162.47,163.59,162.79,0.8,0.49,27996.49,459181.201
600519.SH,2014-04-30,163.95,164.29,162.53,163.88,163.59,0.29,0.18,19220.66,314017.274
600519.SH,2014-05-05,163.5,163.5,157.08,160.25,163.88,-3.63,-2.22,36743.47,585326.687
600519.SH,2014-05-06,160.0,162.7,160.0,160.79,160.25,0.54,0.34,13622.95,219512.505
600519.SH,2014-05-07,161.61,161.61,159.6,160.66,160.79,-0.13,-0.08,11960.73,192090.276
600519.SH,2014-05-08,160.8,162.49,160.42,160.67,160.66,0.01,0.01,14697.86,237490.046
600519.SH,2014-05-09,160.66,162.3,160.3,160.62,160.67,-0.05,-0.03,16721.45,269803.731
600519.SH,2014-05-12,162.29,162.3,159.5,160.91,160.62,0.29,0.18,26194.78,420667.493
600519.SH,2014-05-13,160.77,161.61,159.56,160.74,160.91,-0.17,-0.11,15939.36,256197.646
600519.SH,2014-05-14,159.99,160.93,154.01,155.27,160.74,-5.47,-3.4,34016.55,534826.236
600519.SH,2014-05-15,154.98,157.08,154.5,156.15,155.27,0.88,0.57,16983.38,264995.351
600519.SH,2014-05-16,156.15,157.1,154.67,155.16,156.15,-0.99,-0.63,18467.3,286938.905
600519.SH,2014-05-19,152.5,153.0,147.94,147.98,155.16,-7.18,-4.63,56250.09,838456.335
600519.SH,2014-05-20,148.1,149.44,143.6,144.98,147.98,-3.0,-2.03,46885.91,682615.74
600519.SH,2014-05-21,144.1,151.66,143.95,151.0,144.98,6.02,4.15,38737.87,575063.792
600519.SH,2014-05-22,150.9,153.6,149.65,150.05,151.0,-0.95,-0.63,18678.94,281907.878
600519.SH,2014-05-23,150.0,152.78,149.98,152.3,150.05,2.25,1.5,14009.63,212338.047
600519.SH,2014-05-26,154.9,154.9,152.85,153.57,152.3,1.27,0.83,8910.56,137024.228
600519.SH,2014-05-27,153.0,155.75,152.86,153.2,153.57,-0.37,-0.24,13035.07,201097.681
600519.SH,2014-05-28,152.89,155.0,152.8,153.94,153.2,0.74,0.48,12501.97,192903.907
600519.SH,2014-05-29,153.73,155.93,153.46,154.29,153.94,0.35,0.23,10106.82,156525.431
600519.SH,2014-05-30,154.25,155.28,153.02,153.22,154.29,-1.07,-0.69,9217.65,141927.539
600519.SH,2014-06-03,153.0,154.5,152.25,152.77,153.22,-0.45,-0.29,13048.48,199563.914
600519.SH,2014-06-04,152.99,153.38,150.02,151.15,152.77,-1.62,-1.06,10494.31,158991.999
600519.SH,2014-06-05,151.12,155.0,149.33,154.77,151.15,3.62,2.4,20678.63,314507.72
600519.SH,2014-06-06,154.68,155.65,152.29,153.59,154.77,-1.18,-0.76,9477.45,145936.33
600519.SH,2014-06-09,152.3,154.4,152.3,153.23,153.59,-0.36,-0.23,10034.81,154198.989
600519.SH,2014-06-10,153.25,155.29,153.25,154.8,153.23,1.57,1.02,19305.51,298186.72
600519.SH,2014-06-11,154.75,155.38,153.21,153.94,154.8,-0.86,-0.56,10781.45,166086.241
600519.SH,2014-06-12,154.07,154.07,152.12,152.63,153.94,-1.31,-0.85,11499.6,175855.795
600519.SH,2014-06-13,152.69,153.83,151.16,152.81,152.63,0.18,0.12,16970.46,259337.717
600519.SH,2014-06-16,152.9,154.78,152.4,154.42,152.81,1.61,1.05,16237.9,249568.876
600519.SH,2014-06-17,154.3,154.3,152.2,153.19,154.42,-1.23,-0.8,16364.86,250297.887
600519.SH,2014-06-18,153.8,154.45,153.4,153.58,153.19,0.39,0.25,14024.56,215965.707
600519.SH,2014-06-19,153.56,154.2,152.5,152.73,153.58,-0.85,-0.55,11551.44,176868.338
600519.SH,2014-06-20,152.7,153.6,152.32,153.18,152.73,0.45,0.29,12019.4,183993.516
600519.SH,2014-06-23,153.5,156.38,153.36,156.31,153.18,3.13,2.04,28983.85,449611.781
600519.SH,2014-06-24,156.62,163.8,156.55,163.57,156.31,7.26,4.64,38532.63,621636.108
600519.SH,2014-06-25,145.33,145.33,141.5,142.23,144.72,-2.49,-1.72,38171.11,546556.386
600519.SH,2014-06-26,142.23,142.98,141.41,141.64,142.23,-0.59,-0.41,36348.51,515915.138
600519.SH,2014-06-27,141.42,141.42,139.22,140.38,141.64,-1.26,-0.89,26477.92,371027.132
600519.SH,2014-06-30,141.18,142.89,140.4,141.98,140.38,1.6,1.14,24399.5,345879.987
600519.SH,2014-07-01,142.59,142.59,140.8,141.77,141.98,-0.21,-0.15,11946.68,168987.424
600519.SH,2014-07-02,142.03,142.35,141.0,142.08,141.77,0.31,0.22,12068.48,171127.803
600519.SH,2014-07-03,142.21,143.4,141.4,143.26,142.08,1.18,0.83,19331.67,275808.355
600519.SH,2014-07-04,143.4,144.18,142.72,143.32,143.26,0.06,0.04,15402.8,220860.905
600519.SH,2014-07-07,142.8,144.28,142.21,144.16,143.32,0.84,0.59,22879.87,327900.742
600519.SH,2014-07-08,144.1,144.17,141.02,142.18,144.16,-1.98,-1.37,21091.6,299615.515
600519.SH,2014-07-09,142.0,142.87,141.02,141.24,142.18,-0.94,-0.66,14328.6,203120.918
600519.SH,2014-07-10,141.12,141.83,140.6,141.04,141.24,-0.2,-0.14,12159.88,171762.392
600519.SH,2014-07-11,141.47,143.09,141.12,141.87,141.04,0.83,0.59,18432.86,262292.694
600519.SH,2014-07-14,141.87,150.89,141.5,149.77,141.87,7.9,5.57,46534.81,684819.813
600519.SH,2014-07-15,149.11,158.0,149.11,153.81,149.77,4.04,2.7,58787.98,913284.346
600519.SH,2014-07-16,153.85,156.78,153.85,154.57,153.81,0.76,0.49,24459.33,379071.451
600519.SH,2014-07-17,154.09,155.55,152.0,153.75,154.57,-0.82,-0.53,20191.17,309501.857
600519.SH,2014-07-18,153.59,165.0,152.7,160.98,153.75,7.23,4.7,74896.91,1200093.431
600519.SH,2014-07-21,160.39,162.88,158.59,160.98,160.98,0.0,0.0,30143.22,485174.687
600519.SH,2014-07-22,159.6,164.0,159.6,163.2,160.98,2.22,1.38,29820.62,483906.541
600519.SH,2014-07-23,162.0,165.0,161.6,163.89,163.2,0.69,0.42,27836.33,455655.822
600519.SH,2014-07-24,163.76,169.1,162.3,163.53,163.89,-0.36,-0.22,35682.4,595593.137
600519.SH,2014-07-25,164.0,166.05,161.06,163.88,163.53,0.35,0.21,27833.58,454235.014
600519.SH,2014-07-28,164.23,167.99,162.92,164.25,163.88,0.37,0.23,42968.99,706875.701
600519.SH,2014-07-29,164.3,164.3,160.26,161.06,164.25,-3.19,-1.94,36017.0,580708.806
600519.SH,2014-07-30,160.74,160.74,156.5,158.51,161.06,-2.55,-1.58,54876.29,865210.171
600519.SH,2014-07-31,158.29,160.38,156.96,160.27,158.51,1.76,1.11,25206.31,400860.676
600519.SH,2014-08-01,160.17,164.3,159.62,162.98,160.27,2.71,1.69,43259.99,704961.964
600519.SH,2014-08-04,163.0,165.62,162.29,164.4,162.98,1.42,0.87,38848.2,637175.456
600519.SH,2014-08-05,164.0,166.66,161.67,166.25,164.4,1.85,1.13,38357.97,627210.395
600519.SH,2014-08-06,164.8,165.78,162.0,163.32,166.25,-2.93,-1.76,20317.23,332041.716
600519.SH,2014-08-07,163.1,164.39,160.5,160.6,163.32,-2.72,-1.67,25396.49,411237.176
600519.SH,2014-08-08,161.96,163.33,159.8,162.14,160.6,1.54,0.96,23819.42,384676.138
600519.SH,2014-08-11,162.48,163.2,161.51,163.07,162.14,0.93,0.57,20070.72,326555.328
600519.SH,2014-08-12,161.81,162.75,160.15,162.04,163.07,-1.03,-0.63,19604.36,316255.852
600519.SH,2014-08-13,162.04,164.78,160.8,162.49,162.04,0.45,0.28,34454.03,560675.713
600519.SH,2014-08-14,162.02,163.44,161.28,161.46,162.49,-1.03,-0.63,22958.94,373085.47
600519.SH,2014-08-15,162.2,162.49,161.13,161.54,161.46,0.08,0.05,21802.68,352476.093
600519.SH,2014-08-18,162.0,162.3,159.1,159.75,161.54,-1.79,-1.11,41698.27,667452.065
600519.SH,2014-08-19,159.75,159.75,158.45,158.68,159.75,-1.07,-0.67,32095.77,509709.617
600519.SH,2014-08-20,158.74,162.06,158.5,162.0,158.68,3.32,2.09,37084.95,596509.533
600519.SH,2014-08-21,162.0,162.32,159.0,159.97,162.0,-2.03,-1.25,18872.73,301791.0
600519.SH,2014-08-22,160.0,160.39,158.75,159.27,159.97,-0.7,-0.44,18636.71,297023.432
600519.SH,2014-08-25,159.27,160.15,158.3,158.75,159.27,-0.52,-0.33,15376.72,244745.466
600519.SH,2014-08-26,158.5,159.42,156.96,157.72,158.75,-1.03,-0.65,16589.6,261850.709
600519.SH,2014-08-27,157.72,157.78,156.18,156.37,157.72,-1.35,-0.86,13828.67,216703.37
600519.SH,2014-08-28,156.0,158.36,156.0,156.02,156.37,-0.35,-0.22,17618.03,276811.143
600519.SH,2014-08-29,156.0,158.59,155.0,158.23,156.02,2.21,1.42,23838.83,375517.439
600519.SH,2014-09-01,158.2,159.5,157.71,158.45,158.23,0.22,0.14,16450.24,260760.134
600519.SH,2014-09-02,158.81,162.64,158.03,162.56,158.45,4.11,2.59,41246.13,664712.697
600519.SH,2014-09-03,162.58,167.42,162.56,164.82,162.56,2.26,1.39,42042.25,695551.833
600519.SH,2014-09-04,164.7,165.94,163.68,165.06,164.82,0.24,0.15,23975.87,395280.315
600519.SH,2014-09-05,165.7,168.16,165.21,167.51,165.06,2.45,1.48,34731.95,579714.726
600519.SH,2014-09-09,167.65,167.97,164.0,164.08,167.51,-3.43,-2.05,20562.81,339388.091
600519.SH,2014-09-10,163.7,165.0,163.01,163.91,164.08,-0.17,-0.1,17867.72,293245.987
600519.SH,2014-09-11,163.87,164.82,161.48,161.98,163.91,-1.93,-1.18,31875.54,519406.664
600519.SH,2014-09-12,161.49,162.65,160.32,162.45,161.98,0.47,0.29,17356.01,280548.666
600519.SH,2014-09-15,161.9,161.91,158.8,159.41,162.45,-3.04,-1.87,32543.86,519621.41
600519.SH,2014-09-16,160.5,160.6,157.02,157.46,159.41,-1.95,-1.22,34823.15,551314.386
600519.SH,2014-09-17,158.47,159.54,157.34,158.23,157.46,0.77,0.49,25841.28,408684.99
600519.SH,2014-09-18,158.02,159.38,157.08,159.25,158.23,1.02,0.64,26482.04,418431.987
600519.SH,2014-09-19,159.25,160.98,158.5,160.85,159.25,1.6,1.0,22665.99,362408.981
600519.SH,2014-09-22,160.71,160.71,156.84,156.94,160.85,-3.91,-2.43,37191.54,586709.101
600519.SH,2014-09-23,156.7,157.5,156.36,157.48,156.94,0.54,0.34,34546.11,541705.82
600519.SH,2014-09-24,156.49,160.5,155.6,160.19,157.48,2.71,1.72,43448.96,687426.587
600519.SH,2014-09-25,160.92,163.98,160.9,162.19,160.19,2.0,1.25,56851.44,924878.313
600519.SH,2014-09-26,161.5,163.12,159.2,162.31,162.19,0.12,0.07,22716.65,366907.285
600519.SH,2014-09-29,162.33,163.2,161.39,162.47,162.31,0.16,0.1,23488.59,381683.082
600519.SH,2014-09-30,162.74,162.99,161.2,162.13,162.47,-0.34,-0.21,21574.19,349657.79
600519.SH,2014-10-08,161.0,161.1,157.8,160.73,162.13,-1.4,-0.86,45652.82,725030.231
600519.SH,2014-10-09,159.87,160.25,158.58,160.01,160.73,-0.72,-0.45,36244.91,578151.792
600519.SH,2014-10-10,159.02,159.8,157.7,159.02,160.01,-0.99,-0.62,43147.71,684789.402
600519.SH,2014-10-13,157.81,157.88,153.68,156.1,159.02,-2.92,-1.84,53176.38,826349.742
600519.SH,2014-10-14,155.0,156.99,154.44,154.91,156.1,-1.19,-0.76,28895.94,449942.595
600519.SH,2014-10-15,154.75,157.58,154.71,157.32,154.91,2.41,1.56,22238.05,348033.851
600519.SH,2014-10-16,156.1,158.19,156.1,157.32,157.32,0.0,0.0,23949.69,377655.669
600519.SH,2014-10-17,158.0,159.05,156.9,158.38,157.32,1.06,0.67,30976.59,489885.674
600519.SH,2014-10-20,158.38,158.5,156.4,156.92,158.38,-1.46,-0.92,32910.08,517853.721
600519.SH,2014-10-21,157.0,159.34,156.6,158.46,156.92,1.54,0.98,39911.28,632422.372
600519.SH,2014-10-22,158.44,159.46,157.5,159.08,158.46,0.62,0.39,22836.41,363211.434
600519.SH,2014-10-23,158.57,160.28,157.89,159.05,159.08,-0.03,-0.02,31917.34,508245.989
600519.SH,2014-10-24,158.95,159.89,157.69,158.88,159.05,-0.17,-0.11,19980.07,317073.6
600519.SH,2014-10-27,156.97,159.1,154.89,157.5,158.88,-1.38,-0.87,27970.69,439570.888
600519.SH,2014-10-28,157.32,159.1,157.18,158.74,157.5,1.24,0.79,20548.41,325762.184
600519.SH,2014-10-29,158.8,159.56,157.48,158.3,158.74,-0.44,-0.28,21423.44,339064.782
600519.SH,2014-10-30,158.0,158.0,155.1,155.42,158.3,-2.88,-1.82,49087.02,764742.33
600519.SH,2014-10-31,155.47,156.9,154.35,156.68,155.42,1.26,0.81,36421.7,567067.439
600519.SH,2014-11-03,156.75,156.88,155.45,155.58,156.68,-1.1,-0.7,24670.06,384677.498
600519.SH,2014-11-04,155.49,155.49,151.0,151.39,155.58,-4.19,-2.69,55943.9,854409.063
600519.SH,2014-11-05,151.05,151.05,145.5,146.15,151.39,-5.24,-3.46,76719.79,1131348.484
600519.SH,2014-11-06,146.15,147.49,146.01,147.15,146.15,1.0,0.68,36362.97,533913.212
600519.SH,2014-11-07,147.17,148.3,147.11,148.04,147.15,0.89,0.6,41507.31,613638.074
600519.SH,2014-11-10,150.0,153.78,149.0,153.77,148.04,5.73,3.87,62325.21,945032.808
600519.SH,2014-11-11,154.3,155.2,152.01,153.35,153.77,-0.42,-0.27,47706.89,733026.108
600519.SH,2014-11-12,152.98,153.59,150.2,152.89,153.35,-0.46,-0.3,30823.75,467531.849
600519.SH,2014-11-13,152.72,152.73,149.68,151.58,152.89,-1.31,-0.86,49155.56,739602.881
600519.SH,2014-11-14,151.56,157.63,150.91,157.29,151.58,5.71,3.77,75225.08,1168803.281
600519.SH,2014-11-17,168.0,168.0,160.0,160.05,157.29,2.76,1.75,150416.23,2451673.881
600519.SH,2014-11-18,161.0,161.82,155.0,155.65,160.05,-4.4,-2.75,63497.8,1001883.689
600519.SH,2014-11-19,155.57,155.65,152.61,153.07,155.65,-2.58,-1.66,46290.74,710715.289
600519.SH,2014-11-20,152.88,152.92,150.49,150.68,153.07,-2.39,-1.56,46258.41,698848.962
600519.SH,2014-11-21,150.56,153.2,150.2,153.13,150.68,2.45,1.63,41990.78,638007.382
600519.SH,2014-11-24,153.88,155.0,152.0,153.95,153.13,0.82,0.54,53878.99,828662.51
600519.SH,2014-11-25,153.42,154.85,152.8,154.64,153.95,0.69,0.45,53231.3,816840.942
600519.SH,2014-11-26,154.6,156.36,153.89,155.95,154.64,1.31,0.85,63858.97,990302.232
600519.SH,2014-11-27,155.0,157.22,154.0,156.68,155.95,0.73,0.47,96551.51,1508603.314
600519.SH,2014-11-28,156.57,156.57,153.17,155.84,156.68,-0.84,-0.54,88288.18,1363855.095
600519.SH,2014-12-01,156.57,161.0,156.0,160.06,155.84,4.22,2.71,121740.01,1932844.688
600519.SH,2014-12-02,159.05,161.2,158.25,161.14,160.06,1.08,0.67,99268.19,1588412.356
600519.SH,2014-12-03,162.44,168.3,162.36,164.83,161.14,3.69,2.29,117322.64,1936848.371
600519.SH,2014-12-04,166.5,174.5,166.5,174.13,164.83,9.3,5.64,117781.43,2020248.736
600519.SH,2014-12-05,177.99,178.96,168.6,170.92,174.13,-3.21,-1.84,112901.44,1943937.52
600519.SH,2014-12-08,168.84,176.49,167.2,172.97,170.92,2.05,1.2,100894.31,1731248.492
600519.SH,2014-12-09,172.0,186.62,171.5,172.86,172.97,-0.11,-0.06,151890.28,2713372.288
600519.SH,2014-12-10,175.0,183.5,175.0,179.92,172.86,7.06,4.08,106656.11,1919193.466
600519.SH,2014-12-11,180.0,181.94,175.29,175.89,179.92,-4.03,-2.24,54882.15,975885.692
600519.SH,2014-12-12,176.78,180.99,176.0,176.59,175.89,0.7,0.4,51055.16,911591.087
600519.SH,2014-12-15,176.6,184.1,175.43,184.04,176.59,7.45,4.22,70964.32,1281924.243
600519.SH,2014-12-16,183.7,183.7,178.11,180.63,184.04,-3.41,-1.85,51129.44,918180.186
600519.SH,2014-12-17,179.99,181.45,177.8,179.07,180.63,-1.56,-0.86,60020.47,1071735.185
600519.SH,2014-12-18,179.69,182.2,179.0,179.34,179.07,0.27,0.15,38567.5,695500.784
600519.SH,2014-12-19,179.06,181.98,178.0,180.82,179.34,1.48,0.83,49631.06,892730.64
600519.SH,2014-12-22,179.65,184.29,175.88,184.1,180.82,3.28,1.81,73623.81,1327712.485
600519.SH,2014-12-23,183.78,193.49,182.01,188.86,184.1,4.76,2.59,85650.82,1611272.919
600519.SH,2014-12-24,188.0,191.8,180.68,183.06,188.86,-5.8,-3.07,63554.59,1187206.211
600519.SH,2014-12-25,183.15,186.0,181.01,185.83,183.06,2.77,1.51,44071.68,806958.774
600519.SH,2014-12-26,185.09,189.0,183.0,187.57,185.83,1.74,0.94,42677.49,793340.608
600519.SH,2014-12-29,188.1,190.0,182.0,183.48,187.57,-4.09,-2.18,89838.65,1678243.808
600519.SH,2014-12-30,183.0,187.98,182.48,186.84,183.48,3.36,1.83,56171.1,1043215.631
600519.SH,2014-12-31,185.6,190.0,185.0,189.62,186.84,2.78,1.49,46269.36,871581.692
600519.SH,2015-01-05,189.62,204.24,188.69,202.52,189.62,12.9,6.8,94515.17,1875063.136
600519.SH,2015-01-06,200.0,202.56,196.02,197.83,202.52,-4.69,-2.32,55020.01,1094977.375
600519.SH,2015-01-07,196.04,199.5,189.99,192.94,197.83,-4.89,-2.47,54797.84,1063925.641
600519.SH,2015-01-08,194.0,194.52,190.14,191.76,192.94,-1.18,-0.61,40525.3,777874.67
600519.SH,2015-01-09,190.4,195.77,190.11,190.31,191.76,-1.45,-0.76,53982.2,1039955.153
600519.SH,2015-01-12,190.0,192.59,184.46,186.43,190.31,-3.88,-2.04,49914.59,934643.414
600519.SH,2015-01-13,187.0,188.54,184.6,184.88,186.43,-1.55,-0.83,36708.08,683429.624
600519.SH,2015-01-14,185.0,186.5,180.88,183.18,184.88,-1.7,-0.92,52403.44,965036.184
600519.SH,2015-01-15,183.89,186.4,182.48,186.07,183.18,2.89,1.58,48585.52,895503.097
600519.SH,2015-01-16,186.2,188.0,185.98,186.11,186.07,0.04,0.02,39978.06,746304.289
600519.SH,2015-01-19,181.0,183.2,171.47,175.48,186.11,-10.63,-5.71,64679.37,1151544.267
600519.SH,2015-01-20,176.02,180.5,173.0,178.08,175.48,2.6,1.48,61022.74,1086018.454
600519.SH,2015-01-21,178.27,182.9,177.2,182.36,178.08,4.28,2.4,52674.74,950750.407
600519.SH,2015-01-22,182.37,184.36,180.0,181.23,182.36,-1.13,-0.62,38254.81,696541.254
600519.SH,2015-01-23,180.12,183.28,180.11,181.02,181.23,-0.21,-0.12,33084.55,600627.336
600519.SH,2015-01-26,181.7,183.5,181.05,182.8,181.02,1.78,0.98,35649.06,650642.102
600519.SH,2015-01-27,182.82,182.82,178.0,180.11,182.8,-2.69,-1.47,41883.62,755025.862
600519.SH,2015-01-28,179.0,180.4,177.3,177.47,180.11,-2.64,-1.47,30680.66,547979.157
600519.SH,2015-01-29,176.2,178.0,175.0,176.15,177.47,-1.32,-0.74,32492.54,571553.419
600519.SH,2015-01-30,176.99,181.0,176.5,177.18,176.15,1.03,0.58,47508.34,848744.494
600519.SH,2015-02-02,175.51,176.4,173.5,174.82,177.18,-2.36,-1.33,33983.36,593379.653
600519.SH,2015-02-03,177.48,178.65,176.2,178.37,174.82,3.55,2.03,27792.8,493512.567
600519.SH,2015-02-04,179.15,182.08,177.0,177.25,178.37,-1.12,-0.63,35293.71,634135.328
600519.SH,2015-02-05,178.97,180.9,174.0,174.05,177.25,-3.2,-1.81,41239.62,735861.121
600519.SH,2015-02-06,174.64,176.5,173.6,174.6,174.05,0.55,0.32,37102.38,648205.629
600519.SH,2015-02-09,175.77,185.1,175.0,184.3,174.6,9.7,5.56,87293.58,1584342.294
600519.SH,2015-02-10,184.8,185.2,181.45,182.88,184.3,-1.42,-0.77,53638.87,984795.852
600519.SH,2015-02-11,182.4,184.25,182.08,183.15,182.88,0.27,0.15,22894.79,420358.857
600519.SH,2015-02-12,183.99,184.49,182.01,183.57,183.15,0.42,0.23,25050.98,458818.631
600519.SH,2015-02-13,184.11,184.5,181.4,182.49,183.57,-1.08,-0.59,40127.05,734977.407
600519.SH,2015-02-16,182.54,183.63,181.22,183.31,182.49,0.82,0.45,39521.08,722512.103
600519.SH,2015-02-17,183.55,183.89,181.91,182.22,183.31,-1.09,-0.59,34172.55,624854.087
600519.SH,2015-02-25,183.0,185.7,181.11,183.96,182.22,1.74,0.95,59935.12,1104113.268
600519.SH,2015-02-26,183.8,188.39,183.55,186.64,183.96,2.68,1.46,62297.72,1163369.598
600519.SH,2015-02-27,186.9,194.5,186.8,191.05,186.64,4.41,2.36,63370.94,1217723.178
600519.SH,2015-03-02,190.8,193.8,189.0,190.73,191.05,-0.32,-0.17,31098.7,592027.084
600519.SH,2015-03-03,189.3,192.0,185.16,185.95,190.73,-4.78,-2.51,42999.6,812905.777
600519.SH,2015-03-04,186.99,188.01,184.6,187.19,185.95,1.24,0.67,40662.23,757815.044
600519.SH,2015-03-05,185.01,187.03,184.05,185.52,187.19,-1.67,-0.89,36206.24,670609.773
600519.SH,2015-03-06,185.35,186.48,183.27,183.62,185.52,-1.9,-1.02,25470.66,471454.744
600519.SH,2015-03-09,185.8,192.99,183.8,191.56,183.62,7.94,4.32,43486.03,815432.195
600519.SH,2015-03-10,190.94,191.5,187.28,187.83,191.56,-3.73,-1.95,29637.06,561292.473
600519.SH,2015-03-11,187.83,193.0,187.8,191.98,187.83,4.15,2.21,40583.39,778418.696
600519.SH,2015-03-12,193.0,195.99,191.4,192.75,191.98,0.77,0.4,38496.4,747203.168
600519.SH,2015-03-13,192.7,193.9,188.58,189.91,192.75,-2.84,-1.47,25479.27,486997.365
600519.SH,2015-03-16,190.06,194.5,187.01,193.76,189.91,3.85,2.03,31160.97,597313.674
600519.SH,2015-03-17,194.99,198.69,194.89,196.77,193.76,3.01,1.55,45904.08,903712.736
600519.SH,2015-03-18,196.8,199.99,195.52,199.45,196.77,2.68,1.36,39304.46,778884.998
600519.SH,2015-03-19,198.54,198.99,194.06,195.28,199.45,-4.17,-2.09,33539.77,658535.489
600519.SH,2015-03-20,194.2,194.99,190.88,193.15,195.28,-2.13,-1.09,51373.71,991294.9
600519.SH,2015-03-23,194.67,196.75,193.2,195.08,193.15,1.93,1.0,40979.01,799009.923
600519.SH,2015-03-24,195.3,197.44,192.1,195.69,195.08,0.61,0.31,60079.44,1172628.507
600519.SH,2015-03-25,193.0,195.1,192.06,192.78,195.69,-2.91,-1.49,42240.3,815963.246
600519.SH,2015-03-26,193.55,199.9,192.0,198.56,192.78,5.78,3.0,67105.25,1315872.11
600519.SH,2015-03-27,198.0,198.56,192.95,194.55,198.56,-4.01,-2.02,40144.59,784086.654
600519.SH,2015-03-30,194.68,198.95,193.1,196.77,194.55,2.22,1.14,63451.39,1237889.229
600519.SH,2015-03-31,196.68,200.77,194.02,195.96,196.77,-0.81,-0.41,88130.97,1746870.227
600519.SH,2015-04-01,196.03,197.56,194.48,195.34,195.96,-0.62,-0.32,76875.23,1504959.693
600519.SH,2015-04-02,195.96,197.6,192.88,194.58,195.34,-0.76,-0.39,62981.61,1228604.478
600519.SH,2015-04-03,194.0,197.01,192.78,196.81,194.58,2.23,1.15,51210.88,996536.046
600519.SH,2015-04-07,196.85,201.08,195.8,200.67,196.81,3.86,1.96,59824.33,1189027.078
600519.SH,2015-04-08,202.5,210.68,201.59,204.5,200.67,3.83,1.91,135857.16,2798381.803
600519.SH,2015-04-09,204.48,205.88,199.05,200.0,204.5,-4.5,-2.2,62399.73,1255308.054
600519.SH,2015-04-10,199.99,202.99,199.61,200.22,200.0,0.22,0.11,102019.46,2048914.304
600519.SH,2015-04-13,201.55,204.49,198.94,203.9,200.22,3.68,1.84,91356.09,1840018.389
600519.SH,2015-04-14,204.0,209.28,203.96,206.0,203.9,2.1,1.03,81903.13,1691094.329
600519.SH,2015-04-15,209.1,209.78,204.16,205.7,206.0,-0.3,-0.15,55005.2,1135635.917
600519.SH,2015-04-16,208.55,226.27,207.83,226.27,205.7,20.57,10.0,86014.17,1877332.299
600519.SH,2015-04-17,238.9,248.7,228.28,232.56,226.27,6.29,2.78,192094.91,4577503.916
600519.SH,2015-04-20,230.0,245.7,229.0,234.03,232.56,1.47,0.63,130588.71,3118764.548
600519.SH,2015-04-21,240.0,257.43,240.0,257.43,234.03,23.4,10.0,122401.88,3039243.96
600519.SH,2015-04-22,268.8,269.0,257.11,263.89,257.43,6.46,2.51,134635.06,3543576.711
600519.SH,2015-04-23,264.0,264.17,252.98,256.04,263.89,-7.85,-2.97,86030.12,2214737.651
600519.SH,2015-04-24,251.88,259.68,245.01,258.49,256.04,2.45,0.96,100531.23,2547399.865
600519.SH,2015-04-27,257.58,267.8,252.99,255.79,258.49,-2.7,-1.04,78973.35,2050832.438
600519.SH,2015-04-28,254.0,258.6,247.05,247.89,255.79,-7.9,-3.09,87291.77,2187970.737
600519.SH,2015-04-29,246.1,253.0,246.1,249.78,247.89,1.89,0.76,59300.57,1477767.688
600519.SH,2015-04-30,251.15,254.9,247.75,252.23,249.78,2.45,0.98,64064.07,1610938.043
600519.SH,2015-05-04,252.66,259.0,250.02,254.97,252.23,2.74,1.09,54739.02,1398337.296
600519.SH,2015-05-05,252.0,252.0,239.88,240.95,254.97,-14.02,-5.5,73700.03,1801146.749
600519.SH,2015-05-06,243.98,246.99,240.01,242.68,240.95,1.73,0.72,60324.32,1472597.539
600519.SH,2015-05-07,245.0,251.88,242.56,244.93,242.68,2.25,0.93,68102.9,1693825.898
600519.SH,2015-05-08,246.12,254.88,245.9,254.17,244.93,9.24,3.77,57805.59,1447670.266
600519.SH,2015-05-11,251.5,257.99,250.0,257.44,254.17,3.27,1.29,61345.7,1552417.973
600519.SH,2015-05-12,257.2,257.2,252.0,254.42,257.44,-3.02,-1.17,47031.29,1193035.14
600519.SH,2015-05-13,253.8,262.97,252.5,256.4,254.42,1.98,0.78,58913.41,1520374.556
600519.SH,2015-05-14,256.25,259.5,251.22,251.41,256.4,-4.99,-1.95,41853.29,1062504.725
600519.SH,2015-05-15,251.41,253.49,241.61,245.17,251.41,-6.24,-2.48,54185.07,1333031.173
600519.SH,2015-05-18,245.0,245.0,240.1,241.14,245.17,-4.03,-1.64,35363.24,856505.079
600519.SH,2015-05-19,241.05,250.22,240.2,250.04,241.14,8.9,3.69,47637.77,1174434.448
600519.SH,2015-05-20,252.0,260.0,249.3,253.95,250.04,3.91,1.56,63771.5,1631009.463
600519.SH,2015-05-21,256.0,261.3,254.01,258.59,253.95,4.64,1.83,47669.13,1230234.942
600519.SH,2015-05-22,259.68,276.8,259.59,275.86,258.59,17.27,6.68,66649.06,1779754.347
600519.SH,2015-05-25,270.0,288.49,269.0,286.83,275.86,10.97,3.98,67473.62,1868570.18
600519.SH,2015-05-26,286.6,290.0,283.96,285.54,286.83,-1.29,-0.45,60914.68,1746031.124
600519.SH,2015-05-27,285.52,289.32,273.0,276.9,285.54,-8.64,-3.03,46934.79,1309259.999
600519.SH,2015-05-28,275.25,281.0,260.1,261.11,276.9,-15.79,-5.7,60884.99,1650995.554
600519.SH,2015-05-29,260.01,269.0,259.89,263.83,261.11,2.72,1.04,57783.09,1531805.542
600519.SH,2015-06-01,263.94,272.98,259.8,271.46,263.83,7.63,2.89,65816.7,1747123.649
600519.SH,2015-06-02,270.5,270.5,260.66,266.62,271.46,-4.84,-1.78,64635.6,1708951.665
600519.SH,2015-06-03,265.18,266.62,260.01,262.79,266.62,-3.83,-1.44,46424.03,1218378.716
600519.SH,2015-06-04,262.98,265.0,240.0,258.21,262.79,-4.58,-1.74,92362.73,2332785.391
600519.SH,2015-06-05,258.11,262.1,246.0,253.84,258.21,-4.37,-1.69,85738.23,2188974.566
600519.SH,2015-06-08,251.51,267.54,249.8,264.64,253.84,10.8,4.25,96007.97,2462736.702
600519.SH,2015-06-09,265.0,269.8,256.5,259.03,264.64,-5.61,-2.12,77851.86,2045525.401
600519.SH,2015-06-10,255.64,266.88,253.8,261.05,259.03,2.02,0.78,80462.08,2096832.88
600519.SH,2015-06-11,260.0,264.5,257.77,260.06,261.05,-0.99,-0.38,52954.54,1378413.758
600519.SH,2015-06-12,262.12,273.0,261.0,266.0,260.06,5.94,2.28,90909.52,2438986.511
600519.SH,2015-06-15,266.98,272.0,260.08,260.89,266.0,-5.11,-1.92,100014.22,2664672.586
600519.SH,2015-06-16,259.0,265.8,252.5,253.95,260.89,-6.94,-2.66,69303.84,1789696.036
600519.SH,2015-06-17,253.96,257.76,249.0,255.09,253.95,1.14,0.45,58388.81,1478407.037
600519.SH,2015-06-18,253.02,254.8,240.6,243.97,255.09,-11.12,-4.36,61506.5,1530836.127
600519.SH,2015-06-19,245.87,248.49,234.02,235.31,243.97,-8.66,-3.55,67608.66,1646002.769
600519.SH,2015-06-23,239.8,255.85,234.13,252.25,235.31,16.94,7.2,81247.34,1989068.141
600519.SH,2015-06-24,250.0,265.2,247.65,261.21,252.25,8.96,3.55,95706.94,2463553.858
600519.SH,2015-06-25,261.5,262.03,250.21,251.79,261.21,-9.42,-3.61,66521.66,1707385.606
600519.SH,2015-06-26,250.02,255.75,235.3,242.45,251.79,-9.34,-3.71,99332.01,2451381.599
600519.SH,2015-06-29,248.37,256.5,227.8,246.64,242.45,4.19,1.73,165071.67,4057069.903
600519.SH,2015-06-30,246.64,259.82,246.0,257.65,246.64,11.01,4.46,126298.19,3205285.541
600519.SH,2015-07-01,255.0,268.5,250.98,257.49,257.65,-0.16,-0.06,103326.54,2696026.039
600519.SH,2015-07-02,255.3,282.6,245.01,260.3,257.49,2.81,1.09,118459.72,3011363.68
600519.SH,2015-07-03,255.0,260.5,242.2,249.81,260.3,-10.49,-4.03,109605.31,2772183.16
600519.SH,2015-07-06,267.95,267.99,239.5,254.04,249.81,4.23,1.69,272799.66,7012491.142
600519.SH,2015-07-07,250.0,256.58,239.5,244.18,254.04,-9.86,-3.88,167562.24,4121731.56
600519.SH,2015-07-08,229.0,244.99,219.76,236.86,244.18,-7.32,-3.0,289140.54,6738026.659
600519.SH,2015-07-09,236.86,260.41,233.0,257.94,236.86,21.08,8.9,138203.34,3409950.542
600519.SH,2015-07-10,257.0,283.0,251.96,265.59,257.94,7.65,2.97,256149.3,6888908.351
600519.SH,2015-07-13,258.0,265.58,251.0,257.75,265.59,-7.84,-2.95,148926.16,3838169.457
600519.SH,2015-07-14,255.0,255.18,247.2,249.05,257.75,-8.7,-3.38,96768.3,2425239.239
600519.SH,2015-07-15,247.5,252.7,243.28,251.26,249.05,2.21,0.89,104077.46,2585923.324
600519.SH,2015-07-16,251.26,254.18,248.26,251.59,251.26,0.33,0.13,72814.33,1826618.391
600519.SH,2015-07-17,229.0,229.99,224.74,228.29,224.74,3.55,1.58,56418.53,1284361.191
600519.SH,2015-07-20,227.15,227.9,222.5,225.11,228.29,-3.18,-1.39,67933.55,1531275.688
600519.SH,2015-07-21,221.75,224.2,220.0,221.66,225.11,-3.45,-1.53,51789.96,1148423.253
600519.SH,2015-07-22,220.0,222.0,216.58,217.13,221.66,-4.53,-2.04,70855.1,1552554.839
600519.SH,2015-07-23,217.99,220.6,215.77,219.54,217.13,2.41,1.11,64748.1,1411411.702
600519.SH,2015-07-24,220.5,223.69,218.75,219.21,219.54,-0.33,-0.15,57390.09,1271122.141
600519.SH,2015-07-27,217.0,221.3,201.0,201.52,219.21,-17.69,-8.07,76944.15,1628465.532
600519.SH,2015-07-28,199.86,209.44,197.48,205.83,201.52,4.31,2.14,86703.57,1766521.467
600519.SH,2015-07-29,207.78,210.0,202.13,207.74,205.83,1.91,0.93,66507.43,1364157.58
600519.SH,2015-07-30,208.83,208.83,205.1,205.96,207.74,-1.78,-0.86,41134.0,853284.372
600519.SH,2015-07-31,206.7,206.93,203.0,206.83,205.96,0.87,0.42,40736.64,835374.146
600519.SH,2015-08-03,205.0,209.99,203.0,209.56,206.83,2.73,1.32,54553.03,1117796.04
600519.SH,2015-08-04,209.26,213.98,209.26,211.97,209.56,2.41,1.15,59533.96,1260302.964
600519.SH,2015-08-05,212.93,213.85,206.94,207.19,211.97,-4.78,-2.26,43143.85,907597.376
600519.SH,2015-08-06,206.23,207.5,203.0,204.96,207.19,-2.23,-1.08,39249.8,805358.564
600519.SH,2015-08-07,207.49,208.6,205.6,206.93,204.96,1.97,0.96,39521.34,819022.56
600519.SH,2015-08-10,207.01,213.0,205.13,212.3,206.93,5.37,2.6,56496.43,1182083.559
600519.SH,2015-08-11,212.3,212.41,210.01,210.75,212.3,-1.55,-0.73,50897.05,1076261.224
600519.SH,2015-08-12,209.99,214.29,208.75,209.47,210.75,-1.28,-0.61,45824.34,968610.598
600519.SH,2015-08-13,211.5,211.5,206.0,209.51,209.47,0.04,0.02,35180.25,733202.199
600519.SH,2015-08-14,210.5,211.4,209.25,209.98,209.51,0.47,0.22,30666.9,645849.785
600519.SH,2015-08-17,208.02,208.82,204.0,206.22,209.98,-3.76,-1.79,53858.32,1108212.041
600519.SH,2015-08-18,206.98,207.5,200.35,201.06,206.22,-5.16,-2.5,51285.52,1047896.516
600519.SH,2015-08-19,199.75,202.16,198.18,201.62,201.06,0.56,0.28,50261.8,1004394.398
600519.SH,2015-08-20,200.83,201.0,194.9,195.07,201.62,-6.55,-3.25,39645.03,788892.224
600519.SH,2015-08-21,191.52,194.86,186.12,186.33,195.07,-8.74,-4.48,75620.61,1433277.975
600519.SH,2015-08-24,181.0,181.5,168.2,169.64,186.33,-16.69,-8.96,89812.84,1559048.775
600519.SH,2015-08-25,167.46,182.51,166.2,176.59,169.64,6.95,4.1,123080.58,2165823.577
600519.SH,2015-08-26,176.76,188.5,175.0,183.88,176.59,7.29,4.13,91572.53,1663612.844
600519.SH,2015-08-27,190.0,199.9,184.89,197.07,183.88,13.19,7.17,87052.01,1663248.886
600519.SH,2015-08-28,195.0,195.29,187.13,192.65,197.07,-4.42,-2.24,89925.83,1720106.859
600519.SH,2015-08-31,189.34,195.5,185.18,195.37,192.65,2.72,1.41,62730.19,1198185.023
600519.SH,2015-09-01,191.82,195.0,188.0,194.37,195.37,-1.0,-0.51,87432.69,1688392.993
600519.SH,2015-09-02,190.11,195.0,189.2,194.61,194.37,0.24,0.12,106945.46,2052413.262
600519.SH,2015-09-07,192.6,194.0,188.65,188.71,194.61,-5.9,-3.03,32216.42,615819.752
600519.SH,2015-09-08,188.46,190.47,185.0,189.32,188.71,0.61,0.32,33098.58,621914.336
600519.SH,2015-09-09,190.14,193.87,190.14,191.86,189.32,2.54,1.34,35215.16,676337.501
600519.SH,2015-09-10,190.38,193.3,189.14,193.21,191.86,1.35,0.7,26852.48,514766.384
600519.SH,2015-09-11,191.88,194.1,191.05,192.91,193.21,-0.3,-0.16,16932.14,326277.629
600519.SH,2015-09-14,192.43,202.8,187.9,202.53,192.91,9.62,4.99,86175.55,1678995.779
600519.SH,2015-09-15,198.01,202.02,195.12,202.0,202.53,-0.53,-0.26,51884.34,1035493.477
600519.SH,2015-09-16,200.01,209.54,197.73,204.55,202.0,2.55,1.26,37198.02,753188.784
600519.SH,2015-09-17,202.6,205.8,197.61,198.0,204.55,-6.55,-3.2,26423.0,533638.541
600519.SH,2015-09-18,198.6,200.89,198.0,199.43,198.0,1.43,0.72,15642.76,312040.97
600519.SH,2015-09-21,198.01,200.7,198.0,199.3,199.43,-0.13,-0.07,16527.67,329196.735
600519.SH,2015-09-22,200.77,201.18,198.98,199.27,199.3,-0.03,-0.02,16457.4,329161.941
600519.SH,2015-09-23,197.15,198.99,194.1,194.72,199.27,-4.55,-2.28,22344.32,438412.337
600519.SH,2015-09-24,195.8,196.28,192.8,194.0,194.72,-0.72,-0.37,13886.74,269653.188
600519.SH,2015-09-25,193.99,194.9,189.5,193.46,194.0,-0.54,-0.28,24455.97,470411.106
600519.SH,2015-09-28,191.48,192.3,189.23,191.38,193.46,-2.08,-1.08,12341.1,235369.401
600519.SH,2015-09-29,189.55,191.37,188.3,190.17,191.38,-1.21,-0.63,18409.82,348759.19
600519.SH,2015-09-30,190.23,191.48,190.17,190.31,190.17,0.14,0.07,11634.63,222178.053
600519.SH,2015-10-08,198.78,201.58,197.0,197.52,190.31,7.21,3.79,34391.79,684138.047
600519.SH,2015-10-09,198.78,198.9,196.5,196.95,197.52,-0.57,-0.29,15721.74,310187.702
600519.SH,2015-10-12,199.0,204.49,197.85,198.09,196.95,1.14,0.58,49030.0,982174.156
600519.SH,2015-10-13,198.09,200.09,198.09,198.74,198.09,0.65,0.33,15751.13,313495.454
600519.SH,2015-10-14,198.98,199.5,197.01,197.83,198.74,-0.91,-0.46,15213.39,301666.756
600519.SH,2015-10-15,198.16,200.37,197.56,199.99,197.83,2.16,1.09,16550.13,329836.775
600519.SH,2015-10-16,201.22,202.4,199.41,200.74,199.99,0.75,0.38,19238.43,386383.069
600519.SH,2015-10-19,204.94,204.94,201.9,202.72,200.74,1.98,0.99,26121.45,531101.872
600519.SH,2015-10-20,202.02,202.88,201.18,201.97,202.72,-0.75,-0.37,14784.29,298284.287
600519.SH,2015-10-21,202.08,202.55,197.01,200.31,201.97,-1.66,-0.82,22349.14,447195.037
600519.SH,2015-10-22,200.24,202.73,199.43,202.53,200.31,2.22,1.11,23720.3,478632.748
600519.SH,2015-10-23,205.8,217.6,205.55,210.98,202.53,8.45,4.17,56277.34,1189746.955
600519.SH,2015-10-26,212.0,218.3,208.0,217.73,210.98,6.75,3.2,43346.26,932490.839
600519.SH,2015-10-27,217.1,217.68,212.58,215.25,217.73,-2.48,-1.14,22572.79,484597.005
600519.SH,2015-10-28,214.99,214.99,211.9,212.44,215.25,-2.81,-1.31,16559.22,353020.506
600519.SH,2015-10-29,212.0,214.79,212.0,213.0,212.44,0.56,0.26,13454.35,287688.318
600519.SH,2015-10-30,212.95,215.8,212.12,213.86,213.0,0.86,0.4,12257.91,263117.287
600519.SH,2015-11-02,214.6,215.86,212.5,212.56,213.86,-1.3,-0.61,15298.2,328246.682
600519.SH,2015-11-03,212.92,215.76,208.4,209.71,212.56,-2.85,-1.34,23173.29,493565.252
600519.SH,2015-11-04,210.58,216.0,210.11,214.98,209.71,5.27,2.51,30809.72,659118.997
600519.SH,2015-11-05,214.6,223.28,213.5,216.56,214.98,1.58,0.74,49982.58,1087812.237
600519.SH,2015-11-06,217.35,218.6,215.56,218.42,216.56,1.86,0.86,21695.71,471929.422
600519.SH,2015-11-09,222.0,224.66,219.0,220.83,218.42,2.41,1.1,40527.29,900398.639
600519.SH,2015-11-10,220.0,224.12,219.16,222.38,220.83,1.55,0.7,28729.76,639416.128
600519.SH,2015-11-11,222.01,223.0,218.6,220.15,222.38,-2.23,-1.0,23815.5,524296.324
600519.SH,2015-11-12,220.23,223.0,219.38,220.01,220.15,-0.14,-0.06,16180.85,357408.916
600519.SH,2015-11-13,218.1,219.5,214.83,215.11,220.01,-4.9,-2.23,28397.18,614644.801
600519.SH,2015-11-16,212.5,216.5,212.0,213.78,215.11,-1.33,-0.62,23916.7,511461.32
600519.SH,2015-11-17,214.72,217.5,213.14,214.36,213.78,0.58,0.27,21986.35,473813.948
600519.SH,2015-11-18,213.59,216.0,213.59,214.66,214.36,0.3,0.14,19725.54,423815.322
600519.SH,2015-11-19,214.0,216.0,213.9,215.03,214.66,0.37,0.17,15262.76,327777.826
600519.SH,2015-11-20,215.14,215.78,213.1,213.72,215.03,-1.31,-0.61,22274.23,476413.651
600519.SH,2015-11-23,213.0,213.84,212.51,212.62,213.72,-1.1,-0.51,20994.73,446996.434
600519.SH,2015-11-24,212.39,213.28,210.0,211.69,212.62,-0.93,-0.44,20469.02,431548.236
600519.SH,2015-11-25,211.7,213.0,210.4,212.98,211.69,1.29,0.61,24249.81,512351.419
600519.SH,2015-11-26,213.49,213.79,211.83,212.84,212.98,-0.14,-0.07,18804.53,400523.684
600519.SH,2015-11-27,212.49,212.54,206.63,207.74,212.84,-5.1,-2.4,16220.72,339061.425
600519.SH,2015-11-30,208.04,214.78,207.79,214.31,207.74,6.57,3.16,33440.03,702029.94
600519.SH,2015-12-01,213.0,213.95,211.0,213.8,214.31,-0.51,-0.24,18877.54,400895.906
600519.SH,2015-12-02,214.48,227.0,212.0,221.58,213.8,7.78,3.64,47891.45,1055325.951
600519.SH,2015-12-03,219.0,221.4,216.7,220.2,221.58,-1.38,-0.62,22386.83,489928.569
600519.SH,2015-12-04,219.96,219.96,215.01,215.31,220.2,-4.89,-2.22,20848.71,452200.743
600519.SH,2015-12-07,215.0,216.98,213.2,214.51,215.31,-0.8,-0.37,19255.09,413697.607
600519.SH,2015-12-08,214.55,214.55,211.46,211.94,214.51,-2.57,-1.2,17393.68,370510.935
600519.SH,2015-12-09,211.58,215.05,211.5,214.47,211.94,2.53,1.19,14119.77,302039.607
600519.SH,2015-12-10,215.0,216.2,211.99,212.96,214.47,-1.51,-0.7,13786.71,295297.553
600519.SH,2015-12-11,212.5,212.5,210.5,211.41,212.96,-1.55,-0.73,13035.48,275655.733
600519.SH,2015-12-14,210.19,214.88,209.0,214.1,211.41,2.69,1.27,20701.34,439584.116
600519.SH,2015-12-15,213.8,214.59,212.08,214.51,214.1,0.41,0.19,15088.39,321828.819
600519.SH,2015-12-16,214.41,214.64,212.59,213.91,214.51,-0.6,-0.28,20144.8,430371.563
600519.SH,2015-12-17,214.39,216.88,214.0,215.86,213.91,1.95,0.91,24253.21,523818.38
600519.SH,2015-12-18,215.5,219.15,215.11,216.88,215.86,1.02,0.47,28460.2,618897.538
600519.SH,2015-12-21,218.0,229.18,218.0,227.03,216.88,10.15,4.68,59391.89,1341466.585
600519.SH,2015-12-22,226.8,226.8,223.28,225.03,227.03,-2.0,-0.88,28402.45,638684.794
600519.SH,2015-12-23,225.45,226.69,222.7,223.0,225.03,-2.03,-0.9,22374.97,501438.271
600519.SH,2015-12-24,223.98,225.68,223.2,224.78,223.0,1.78,0.8,15577.88,350137.309
600519.SH,2015-12-25,225.0,225.66,222.88,224.5,224.78,-0.28,-0.12,11542.95,258870.006
600519.SH,2015-12-28,225.48,226.0,219.0,219.12,224.5,-5.38,-2.4,25594.52,569404.122
600519.SH,2015-12-29,218.62,220.44,218.51,219.83,219.12,0.71,0.32,15774.33,345982.477
600519.SH,2015-12-30,220.18,220.66,217.52,218.86,219.83,-0.97,-0.44,20147.66,440489.185
600519.SH,2015-12-31,218.22,219.5,217.82,218.19,218.86,-0.67,-0.31,19673.87,429872.169
600519.SH,2016-01-04,218.0,218.0,209.99,210.02,218.19,-8.17,-3.74,17349.69,371909.829
600519.SH,2016-01-05,210.0,213.97,207.51,212.82,210.02,2.8,1.33,31908.91,672596.329
600519.SH,2016-01-06,212.78,213.66,209.3,212.18,212.82,-0.64,-0.3,23760.9,502483.565
600519.SH,2016-01-07,208.99,208.99,200.03,202.23,212.18,-9.95,-4.69,8148.68,167829.92
600519.SH,2016-01-08,204.17,208.0,200.0,204.63,202.23,2.4,1.19,44510.09,911812.833
600519.SH,2016-01-11,203.16,203.79,199.4,199.86,204.63,-4.77,-2.33,29702.58,596838.948
600519.SH,2016-01-12,201.1,202.1,196.0,196.79,199.86,-3.07,-1.54,40287.23,801495.583
600519.SH,2016-01-13,199.1,206.0,198.6,199.78,196.79,2.99,1.52,29201.98,592420.624
600519.SH,2016-01-14,197.11,205.98,195.51,204.82,199.78,5.04,2.52,34776.06,699341.426
600519.SH,2016-01-15,204.75,206.18,198.0,199.0,204.82,-5.82,-2.84,26681.19,537750.009
600519.SH,2016-01-18,198.0,202.4,197.2,199.43,199.0,0.43,0.22,27371.23,548614.385
600519.SH,2016-01-19,201.0,210.33,200.01,210.24,199.43,10.81,5.42,59110.22,1224859.286
600519.SH,2016-01-20,207.0,210.16,201.01,202.32,210.24,-7.92,-3.77,40968.66,835946.965
600519.SH,2016-01-21,201.26,204.59,199.9,200.26,202.32,-2.06,-1.02,21832.29,439737.651
600519.SH,2016-01-22,203.11,203.4,198.81,202.74,200.26,2.48,1.24,22733.48,456952.021
600519.SH,2016-01-25,203.0,203.49,201.5,202.77,202.74,0.03,0.01,13750.45,278273.547
600519.SH,2016-01-26,200.99,204.47,198.5,199.01,202.77,-3.76,-1.85,22280.92,448487.464
600519.SH,2016-01-27,199.98,200.89,195.7,199.93,199.01,0.92,0.46,29840.41,589842.577
600519.SH,2016-01-28,199.75,199.75,195.62,196.64,199.93,-3.29,-1.65,17903.0,353744.037
600519.SH,2016-01-29,197.48,202.5,197.0,200.65,196.64,4.01,2.04,23090.24,461975.279
600519.SH,2016-02-01,202.1,202.8,199.89,201.29,200.65,0.64,0.32,19178.02,386028.337
600519.SH,2016-02-02,202.0,204.8,200.64,204.55,201.29,3.26,1.62,17842.08,362596.993
600519.SH,2016-02-03,202.58,204.56,201.5,203.66,204.55,-0.89,-0.44,15156.99,307933.687
600519.SH,2016-02-04,204.8,205.88,203.54,204.99,203.66,1.33,0.65,16624.75,340315.128
600519.SH,2016-02-05,204.99,205.18,202.53,203.87,204.99,-1.12,-0.55,14227.67,290691.678
600519.SH,2016-02-15,200.0,203.0,199.6,200.41,203.87,-3.46,-1.7,19470.18,390748.384
600519.SH,2016-02-16,200.56,208.0,200.56,203.92,200.41,3.51,1.75,19223.16,393326.285
600519.SH,2016-02-17,203.74,204.92,200.51,202.3,203.92,-1.62,-0.79,20349.11,411126.979
600519.SH,2016-02-18,203.2,203.6,201.1,201.71,202.3,-0.59,-0.29,18892.56,381696.249
600519.SH,2016-02-19,201.62,203.18,201.13,203.11,201.71,1.4,0.69,14238.46,287755.552
600519.SH,2016-02-22,206.0,208.32,206.0,207.8,203.11,4.69,2.31,27759.86,574540.624
600519.SH,2016-02-23,207.77,214.98,207.02,212.41,207.8,4.61,2.22,37460.89,795824.522
600519.SH,2016-02-24,212.2,218.03,211.01,217.74,212.41,5.33,2.51,33129.02,717612.347
600519.SH,2016-02-25,218.8,220.48,212.13,212.41,217.74,-5.33,-2.45,39480.65,855036.777
600519.SH,2016-02-26,213.1,219.25,211.26,216.84,212.41,4.43,2.09,28332.71,609924.298
600519.SH,2016-02-29,218.99,220.88,206.8,214.91,216.84,-1.93,-0.89,47712.46,1022532.377
600519.SH,2016-03-01,215.96,220.3,210.4,218.42,214.91,3.51,1.63,34004.59,736088.847
600519.SH,2016-03-02,219.0,225.5,218.67,224.22,218.42,5.8,2.66,47942.66,1073462.814
600519.SH,2016-03-03,225.0,231.98,221.66,227.81,224.22,3.59,1.6,40193.28,914557.333
600519.SH,2016-03-04,226.88,240.16,225.01,238.78,227.81,10.97,4.82,85838.69,2007278.355
600519.SH,2016-03-07,238.11,240.0,231.05,233.64,238.78,-5.14,-2.15,39345.55,924016.283
600519.SH,2016-03-08,233.3,233.3,227.0,229.21,233.64,-4.43,-1.9,26147.22,600938.828
600519.SH,2016-03-09,227.0,232.65,226.1,227.44,229.21,-1.77,-0.77,16402.6,375804.071
600519.SH,2016-03-10,228.99,233.7,228.0,228.06,227.44,0.62,0.27,25727.46,593953.294
600519.SH,2016-03-11,226.54,231.88,225.5,228.05,228.06,-0.01,0.0,16320.08,373343.712
600519.SH,2016-03-14,230.76,233.5,222.2,224.57,228.05,-3.48,-1.53,45277.83,1029457.824
600519.SH,2016-03-15,224.8,234.39,224.34,231.92,224.57,7.35,3.27,36356.33,832373.597
600519.SH,2016-03-16,230.22,232.5,225.0,228.61,231.92,-3.31,-1.43,24250.97,555358.085
600519.SH,2016-03-17,230.0,234.1,228.3,229.56,228.61,0.95,0.42,28820.95,665454.446
600519.SH,2016-03-18,232.0,232.26,225.78,226.0,229.56,-3.56,-1.55,70568.94,1613934.123
600519.SH,2016-03-21,226.66,232.02,226.65,231.98,226.0,5.98,2.65,38547.45,885665.711
600519.SH,2016-03-22,232.26,238.18,231.5,234.49,231.98,2.51,1.08,41766.61,981582.397
600519.SH,2016-03-23,235.2,237.0,232.68,234.97,234.49,0.48,0.2,21412.06,503035.65
600519.SH,2016-03-24,235.0,245.4,231.3,242.66,234.97,7.69,3.27,62068.02,1487290.878
600519.SH,2016-03-25,242.5,249.79,241.02,244.98,242.66,2.32,0.96,44756.16,1100326.15
600519.SH,2016-03-28,244.98,253.38,244.98,249.58,244.98,4.6,1.88,48337.65,1207751.715
600519.SH,2016-03-29,249.6,251.0,244.44,248.11,249.58,-1.47,-0.59,36688.05,911522.995
600519.SH,2016-03-30,249.0,250.4,245.48,248.66,248.11,0.55,0.22,27782.6,688591.402
600519.SH,2016-03-31,249.84,250.3,246.99,247.64,248.66,-1.02,-0.41,19457.34,483196.895
600519.SH,2016-04-01,248.95,250.49,244.54,245.09,247.64,-2.55,-1.03,25146.07,620149.506
600519.SH,2016-04-05,243.0,247.5,243.0,245.52,245.09,0.43,0.18,25047.85,615354.327
600519.SH,2016-04-06,245.8,257.6,245.8,257.21,245.52,11.69,4.76,48424.92,1225137.02
600519.SH,2016-04-07,256.89,257.48,252.62,254.11,257.21,-3.1,-1.21,25536.39,650128.766
600519.SH,2016-04-08,252.0,255.89,248.2,249.86,254.11,-4.25,-1.67,23156.02,583704.015
600519.SH,2016-04-11,250.5,255.18,243.5,243.72,249.86,-6.14,-2.46,119284.68,2930751.132
600519.SH,2016-04-12,243.7,245.0,242.1,244.92,243.72,1.2,0.49,23339.09,568663.727
600519.SH,2016-04-13,245.4,248.63,241.7,242.24,244.92,-2.68,-1.09,54274.25,1328412.389
600519.SH,2016-04-14,242.38,244.83,241.0,242.76,242.24,0.52,0.21,28664.37,696651.874
600519.SH,2016-04-15,242.64,244.98,241.2,244.9,242.76,2.14,0.88,19029.26,463404.859
600519.SH,2016-04-18,242.8,246.0,242.5,243.68,244.9,-1.22,-0.5,18593.04,453989.128
600519.SH,2016-04-19,244.59,245.19,241.45,243.18,243.68,-0.5,-0.21,14236.68,345816.837
600519.SH,2016-04-20,243.19,244.4,235.8,238.44,243.18,-4.74,-1.95,33708.5,808354.333
600519.SH,2016-04-21,240.5,242.3,238.3,240.37,238.44,1.93,0.81,29672.22,713190.665
600519.SH,2016-04-22,241.0,247.88,240.37,247.4,240.37,7.03,2.92,35459.38,869560.47
600519.SH,2016-04-25,247.12,248.1,243.3,244.52,247.4,-2.88,-1.16,24990.28,614481.805
600519.SH,2016-04-26,244.95,246.88,243.0,243.86,244.52,-0.66,-0.27,15156.68,370224.914
600519.SH,2016-04-27,244.5,245.48,243.49,244.88,243.86,1.02,0.42,13915.1,340092.448
600519.SH,2016-04-28,245.83,246.74,244.0,246.44,244.88,1.56,0.64,17156.55,421012.81
600519.SH,2016-04-29,247.39,252.43,247.39,251.2,246.44,4.76,1.93,46079.49,1155915.396
600519.SH,2016-05-03,250.55,262.28,250.55,260.0,251.2,8.8,3.5,56474.86,1463972.63
600519.SH,2016-05-04,260.0,262.39,255.99,256.21,260.0,-3.79,-1.46,28636.26,743425.17
600519.SH,2016-05-05,256.5,258.15,255.5,257.77,256.21,1.56,0.61,13517.89,347050.356
600519.SH,2016-05-06,257.31,258.52,251.12,252.22,257.77,-5.55,-2.15,27173.69,689911.421
600519.SH,2016-05-09,250.13,252.8,249.01,250.82,252.22,-1.4,-0.56,27799.18,696784.543
600519.SH,2016-05-10,249.5,254.0,249.11,252.08,250.82,1.26,0.5,33505.89,843441.777
600519.SH,2016-05-11,252.35,260.48,252.35,256.87,252.08,4.79,1.9,49277.13,1268594.578
600519.SH,2016-05-12,254.02,256.56,252.0,255.96,256.87,-0.91,-0.35,18894.11,480711.461
600519.SH,2016-05-13,255.98,258.9,250.5,250.96,255.96,-5.0,-1.95,28145.61,714915.405
600519.SH,2016-05-16,250.86,251.8,247.3,251.63,250.96,0.67,0.27,22202.73,553627.499
600519.SH,2016-05-17,251.01,252.4,249.83,250.03,251.63,-1.6,-0.64,11785.69,295827.986
600519.SH,2016-05-18,249.08,251.85,243.1,244.44,250.03,-5.59,-2.24,28380.34,700172.115
600519.SH,2016-05-19,245.16,248.5,244.5,245.77,244.44,1.33,0.54,20889.43,514050.851
600519.SH,2016-05-20,246.84,252.18,244.32,251.26,245.77,5.49,2.23,25501.57,638079.261
600519.SH,2016-05-23,249.72,254.99,249.72,254.2,251.26,2.94,1.17,18706.18,474832.79
600519.SH,2016-05-24,254.41,255.21,250.1,251.94,254.2,-2.26,-0.89,11674.4,294383.661
600519.SH,2016-05-25,254.48,254.94,251.01,251.86,251.94,-0.08,-0.03,17785.34,450815.932
600519.SH,2016-05-26,251.99,253.8,249.2,252.71,251.86,0.85,0.34,18120.26,454859.062
600519.SH,2016-05-27,252.72,254.69,251.38,252.44,252.71,-0.27,-0.11,13230.44,334258.004
600519.SH,2016-05-30,251.5,256.5,250.0,256.13,252.44,3.69,1.46,29806.92,756013.047
600519.SH,2016-05-31,256.0,266.62,255.2,264.47,256.13,8.34,3.26,53949.65,1418668.247
600519.SH,2016-06-01,265.4,265.5,263.0,263.79,264.47,-0.68,-0.26,21876.69,578184.009
600519.SH,2016-06-02,263.01,268.68,263.01,267.74,263.79,3.95,1.5,24760.76,660335.572
600519.SH,2016-06-03,267.0,286.74,266.4,283.89,267.74,16.15,6.03,64798.13,1806172.759
600519.SH,2016-06-06,282.0,283.0,275.0,276.05,283.89,-7.84,-2.76,37261.66,1034692.86
600519.SH,2016-06-07,276.5,278.49,275.01,277.85,276.05,1.8,0.65,18753.53,518246.021
600519.SH,2016-06-08,276.4,277.86,273.5,274.28,277.85,-3.57,-1.28,23882.09,656530.776
600519.SH,2016-06-13,273.35,276.66,266.25,267.06,274.28,-7.22,-2.63,37775.06,1030012.79
600519.SH,2016-06-14,267.71,273.8,267.71,272.75,267.06,5.69,2.13,25587.29,696446.744
600519.SH,2016-06-15,270.71,277.8,270.21,276.49,272.75,3.74,1.37,27322.01,752172.235
600519.SH,2016-06-16,274.86,277.8,273.78,274.02,276.49,-2.47,-0.89,19643.57,540824.57
600519.SH,2016-06-17,273.6,282.49,273.6,278.26,274.02,4.24,1.55,24705.18,689165.054
600519.SH,2016-06-20,279.77,279.86,274.0,276.11,278.26,-2.15,-0.77,19019.26,523759.587
600519.SH,2016-06-21,277.04,277.94,273.0,273.81,276.11,-2.3,-0.83,16749.33,460067.364
600519.SH,2016-06-22,273.77,279.36,272.77,278.44,273.81,4.63,1.69,20884.48,577353.686
600519.SH,2016-06-23,279.97,279.97,274.88,276.44,278.44,-2.0,-0.72,13984.51,386801.287
600519.SH,2016-06-24,275.28,277.0,267.2,273.77,276.44,-2.67,-0.97,20129.51,550877.435
600519.SH,2016-06-27,275.0,292.3,275.0,287.68,273.77,13.91,5.08,63642.69,1823624.051
600519.SH,2016-06-28,287.02,289.66,286.32,288.21,287.68,0.53,0.18,24282.23,699351.511
600519.SH,2016-06-29,287.55,289.45,284.2,288.18,288.21,-0.03,-0.01,28147.6,805690.468
600519.SH,2016-06-30,290.02,298.2,290.02,291.92,288.18,3.74,1.3,38022.4,1116195.906
600519.SH,2016-07-01,287.2,291.88,284.0,286.17,285.75,0.42,0.15,26014.95,746622.842
600519.SH,2016-07-04,287.0,295.4,286.0,293.9,286.17,7.73,2.7,29488.64,859625.1
600519.SH,2016-07-05,295.03,303.1,295.03,300.58,293.9,6.68,2.27,41707.73,1252985.739
600519.SH,2016-07-06,299.8,318.0,299.01,317.19,300.58,16.61,5.53,47347.7,1463885.917
600519.SH,2016-07-07,315.8,326.8,312.08,316.91,317.19,-0.28,-0.09,50725.2,1619384.207
600519.SH,2016-07-08,313.53,315.5,306.16,309.91,316.91,-7.0,-2.21,45545.63,1412963.905
600519.SH,2016-07-11,309.03,324.0,309.03,315.14,309.91,5.23,1.69,57481.67,1825388.22
600519.SH,2016-07-12,315.76,326.6,315.0,324.73,315.14,9.59,3.04,53119.45,1712151.169
600519.SH,2016-07-13,323.03,324.73,315.05,317.19,324.73,-7.54,-2.32,53448.28,1697002.627
600519.SH,2016-07-14,316.09,320.8,315.2,317.09,317.19,-0.1,-0.03,29230.85,928017.845
600519.SH,2016-07-15,317.12,318.03,315.06,317.52,317.09,0.43,0.14,26811.01,848676.195
600519.SH,2016-07-18,317.5,319.5,315.66,316.21,317.52,-1.31,-0.41,23352.89,741065.232
600519.SH,2016-07-19,315.5,316.3,305.55,308.11,316.21,-8.1,-2.56,41431.66,1282256.493
600519.SH,2016-07-20,308.62,310.87,307.5,308.56,308.11,0.45,0.15,17733.84,548187.889
600519.SH,2016-07-21,310.15,317.6,309.0,314.38,308.56,5.82,1.89,33009.49,1041004.812
600519.SH,2016-07-22,312.9,315.2,307.38,307.92,314.38,-6.46,-2.05,28871.45,893047.922
600519.SH,2016-07-25,307.6,314.19,307.0,311.26,307.92,3.34,1.08,23623.53,736751.814
600519.SH,2016-07-26,309.01,319.5,308.5,319.04,311.26,7.78,2.5,35555.67,1121135.548
600519.SH,2016-07-27,319.85,320.6,308.3,314.01,319.04,-5.03,-1.58,39228.06,1235833.182
600519.SH,2016-07-28,312.0,319.3,311.5,316.05,314.01,2.04,0.65,39643.99,1254912.053
600519.SH,2016-07-29,315.08,318.88,313.0,313.15,316.05,-2.9,-0.92,29007.37,913987.191
600519.SH,2016-08-01,313.0,313.95,305.0,306.96,313.15,-6.19,-1.98,31701.85,980681.835
600519.SH,2016-08-02,307.25,310.5,302.85,306.21,306.96,-0.75,-0.24,26541.42,812078.461
600519.SH,2016-08-03,307.0,307.9,304.15,306.82,306.21,0.61,0.2,24039.07,735080.442
600519.SH,2016-08-04,306.85,308.33,304.22,306.3,306.82,-0.52,-0.17,21793.64,666165.432
600519.SH,2016-08-05,306.49,308.37,305.03,305.93,306.3,-0.37,-0.12,20308.48,622324.412
600519.SH,2016-08-08,306.15,308.3,303.06,308.1,305.93,2.17,0.71,22007.4,672724.165
600519.SH,2016-08-09,308.17,317.67,306.42,315.75,308.1,7.65,2.48,39289.67,1230571.98
600519.SH,2016-08-10,315.05,316.5,313.33,313.81,315.75,-1.94,-0.61,20944.71,659451.04
600519.SH,2016-08-11,314.38,321.57,314.01,316.77,313.81,2.96,0.94,31939.72,1016399.255
600519.SH,2016-08-12,317.4,317.4,314.01,316.97,316.77,0.2,0.06,23352.83,737487.495
600519.SH,2016-08-15,315.8,321.69,314.15,318.78,316.97,1.81,0.57,34110.13,1084418.386
600519.SH,2016-08-16,322.0,322.48,308.0,309.52,318.78,-9.26,-2.9,88378.69,2755749.508
600519.SH,2016-08-17,309.6,310.97,306.5,308.16,309.52,-1.36,-0.44,43754.06,1347397.784
600519.SH,2016-08-18,307.95,309.65,305.13,306.43,308.16,-1.73,-0.56,31005.99,951674.783
600519.SH,2016-08-19,305.8,307.45,304.8,306.48,306.43,0.05,0.02,19140.91,585467.699
600519.SH,2016-08-22,306.13,309.58,306.0,307.32,306.48,0.84,0.27,20812.7,640455.2
600519.SH,2016-08-23,307.33,309.04,305.8,306.88,307.32,-0.44,-0.14,19914.26,612752.8
600519.SH,2016-08-24,307.02,307.49,303.83,305.28,306.88,-1.6,-0.52,22779.42,695005.299
600519.SH,2016-08-25,305.2,305.38,300.07,303.01,305.28,-2.27,-0.74,25362.58,766099.099
600519.SH,2016-08-26,303.14,304.55,300.4,301.45,303.01,-1.56,-0.51,21436.45,648346.749
600519.SH,2016-08-29,308.0,308.8,305.2,307.53,301.45,6.08,2.02,38055.57,1169052.449
600519.SH,2016-08-30,307.0,308.5,304.67,305.86,307.53,-1.67,-0.54,21170.52,649198.656
600519.SH,2016-08-31,306.7,310.76,305.54,310.19,305.86,4.33,1.42,40401.44,1250762.22
600519.SH,2016-09-01,309.7,312.0,308.25,308.71,310.19,-1.48,-0.48,17185.97,532785.268
600519.SH,2016-09-02,308.0,309.45,304.88,305.78,308.71,-2.93,-0.95,18572.24,570909.575
600519.SH,2016-09-05,306.2,309.0,305.81,308.5,305.78,2.72,0.89,19138.7,589626.257
600519.SH,2016-09-06,308.5,310.36,308.35,309.94,308.5,1.44,0.47,20625.83,638681.582
600519.SH,2016-09-07,309.68,309.68,305.5,306.6,309.94,-3.34,-1.08,29645.15,908976.239
600519.SH,2016-09-08,305.21,306.5,304.41,305.82,306.6,-0.78,-0.25,16705.78,509979.664
600519.SH,2016-09-09,306.65,306.86,304.0,304.63,305.82,-1.19,-0.39,16222.51,494663.72
600519.SH,2016-09-12,302.0,304.0,297.77,298.06,304.63,-6.57,-2.16,38238.81,1148690.134
600519.SH,2016-09-13,299.95,300.97,299.3,300.43,298.06,2.37,0.8,16255.88,488095.08
600519.SH,2016-09-14,300.1,302.2,298.01,299.57,300.43,-0.86,-0.29,18527.65,556106.069
600519.SH,2016-09-19,300.05,301.57,299.88,300.13,299.57,0.56,0.19,12852.1,385804.38
600519.SH,2016-09-20,300.78,300.8,294.0,294.96,300.13,-5.17,-1.72,34892.6,1031649.944
600519.SH,2016-09-21,295.06,295.39,289.11,294.05,294.96,-0.91,-0.31,39037.23,1139374.18
600519.SH,2016-09-22,294.3,299.98,294.01,296.98,294.05,2.93,1.0,29606.17,879666.027
600519.SH,2016-09-23,297.02,298.95,295.4,297.68,296.98,0.7,0.24,12671.9,376554.085
600519.SH,2016-09-26,297.0,297.01,288.55,288.73,297.68,-8.95,-3.01,37176.08,1080278.313
600519.SH,2016-09-27,288.88,291.98,288.76,291.17,288.73,2.44,0.85,17915.82,520513.707
600519.SH,2016-09-28,291.79,291.79,287.56,288.41,291.17,-2.76,-0.95,22360.01,648736.325
600519.SH,2016-09-29,287.85,293.0,287.85,290.98,288.41,2.57,0.89,23705.69,688873.467
600519.SH,2016-09-30,290.0,299.63,290.0,297.91,290.98,6.93,2.38,29603.5,880477.802
600519.SH,2016-10-10,298.51,303.86,298.51,302.96,297.91,5.05,1.7,21103.62,637178.86
600519.SH,2016-10-11,304.0,309.0,303.0,308.92,302.96,5.96,1.97,41736.75,1279755.341
600519.SH,2016-10-12,308.5,308.5,304.9,305.82,308.92,-3.1,-1.0,19286.02,590793.82
600519.SH,2016-10-13,306.8,306.94,303.51,303.89,305.82,-1.93,-0.63,16143.98,491591.611
600519.SH,2016-10-14,303.47,306.0,303.2,305.6,303.89,1.71,0.56,12690.92,386317.907
600519.SH,2016-10-17,305.45,305.5,301.5,302.45,305.6,-3.15,-1.03,18957.03,574503.34
600519.SH,2016-10-18,302.5,308.5,302.0,307.16,302.45,4.71,1.56,30389.31,932443.506
600519.SH,2016-10-19,308.5,308.75,305.1,306.45,307.16,-0.71,-0.23,14123.28,433658.685
600519.SH,2016-10-20,307.39,307.39,304.8,305.48,306.45,-0.97,-0.32,14079.92,429896.204
600519.SH,2016-10-21,305.08,305.48,302.59,304.19,305.48,-1.29,-0.42,11483.32,349209.701
600519.SH,2016-10-24,302.6,307.0,302.6,306.93,304.19,2.74,0.9,26246.52,802002.34
600519.SH,2016-10-25,307.39,313.0,307.39,312.94,306.93,6.01,1.96,43762.39,1363211.035
600519.SH,2016-10-26,313.0,318.31,311.65,313.68,312.94,0.74,0.24,46813.07,1475976.854
600519.SH,2016-10-27,312.99,318.22,311.01,316.87,313.68,3.19,1.02,32951.62,1039017.332
600519.SH,2016-10-28,317.5,318.43,314.0,317.05,316.87,0.18,0.06,20137.33,637478.016
600519.SH,2016-10-31,319.0,322.8,316.8,317.95,317.05,0.9,0.28,43596.1,1394967.912
600519.SH,2016-11-01,317.95,319.0,315.55,316.68,317.95,-1.27,-0.4,19512.39,617880.127
600519.SH,2016-11-02,316.09,317.16,313.68,315.18,316.68,-1.5,-0.47,20636.42,650629.063
600519.SH,2016-11-03,315.0,316.46,314.15,315.86,315.18,0.68,0.22,18690.81,589861.356
600519.SH,2016-11-04,315.99,318.25,313.98,314.82,315.86,-1.04,-0.33,20619.27,650489.997
600519.SH,2016-11-07,315.0,317.0,313.2,315.33,314.82,0.51,0.16,16047.8,505304.908
600519.SH,2016-11-08,316.5,322.18,315.68,320.0,315.33,4.67,1.48,34193.83,1093003.608
600519.SH,2016-11-09,320.0,321.97,313.8,316.81,320.0,-3.19,-1.0,30004.49,951077.199
600519.SH,2016-11-10,319.1,321.0,317.73,319.13,316.81,2.32,0.73,17804.96,568571.581
600519.SH,2016-11-11,317.99,318.3,314.8,315.08,319.13,-4.05,-1.27,35902.65,1133744.319
600519.SH,2016-11-14,315.55,315.87,309.99,310.99,315.08,-4.09,-1.3,39920.49,1246340.872
600519.SH,2016-11-15,310.03,315.65,310.03,314.01,310.99,3.02,0.97,24470.55,766112.493
600519.SH,2016-11-16,313.81,315.4,312.0,313.15,314.01,-0.86,-0.27,13399.81,419672.477
600519.SH,2016-11-17,312.08,313.0,310.53,311.04,313.15,-2.11,-0.67,18337.76,570642.087
600519.SH,2016-11-18,311.16,311.8,309.88,310.0,311.04,-1.04,-0.33,19377.69,601883.505
600519.SH,2016-11-21,311.02,311.66,308.37,309.5,310.0,-0.5,-0.16,26083.84,807014.528
600519.SH,2016-11-22,310.3,310.45,308.37,308.87,309.5,-0.63,-0.2,26424.27,816561.74
600519.SH,2016-11-23,311.0,313.0,309.11,312.95,308.87,4.08,1.32,34015.04,1058266.299
600519.SH,2016-11-24,313.2,317.0,311.42,316.93,312.95,3.98,1.27,39078.7,1227937.711
600519.SH,2016-11-25,317.04,318.0,313.42,316.89,316.93,-0.04,-0.01,22369.67,706042.467
600519.SH,2016-11-28,317.55,320.18,316.6,319.5,316.89,2.61,0.82,49253.01,1568882.892
600519.SH,2016-11-29,320.7,330.45,319.41,323.96,319.5,4.46,1.4,58830.62,1911874.428
600519.SH,2016-11-30,321.22,323.3,318.45,319.08,323.96,-4.88,-1.51,26752.37,855564.591
600519.SH,2016-12-01,320.0,324.59,318.68,321.02,319.08,1.94,0.61,27941.82,896065.026
600519.SH,2016-12-02,321.0,323.2,319.0,321.77,321.02,0.75,0.23,30628.33,984836.869
600519.SH,2016-12-05,319.2,324.54,315.82,315.93,321.77,-5.84,-1.82,42060.81,1342647.367
600519.SH,2016-12-06,316.23,326.58,316.23,326.42,315.93,10.49,3.32,38923.09,1251764.484
600519.SH,2016-12-07,327.12,328.5,323.97,327.45,326.42,1.03,0.32,25271.74,825849.253
600519.SH,2016-12-08,328.01,340.0,327.0,337.71,327.45,10.26,3.13,54475.78,1825332.444
600519.SH,2016-12-09,337.2,339.42,334.02,337.76,337.71,0.05,0.01,34495.59,1162079.79
600519.SH,2016-12-12,337.7,340.0,325.7,326.86,337.76,-10.9,-3.23,50332.44,1667557.014
600519.SH,2016-12-13,326.84,335.0,325.5,333.01,326.86,6.15,1.88,41780.0,1384533.791
600519.SH,2016-12-14,333.0,334.07,328.5,332.27,333.01,-0.74,-0.22,32029.02,1062697.134
600519.SH,2016-12-15,332.46,332.99,325.58,328.05,332.27,-4.22,-1.27,39202.75,1285279.911
600519.SH,2016-12-16,327.0,329.88,323.58,327.58,328.05,-0.47,-0.14,25051.26,818412.412
600519.SH,2016-12-19,326.0,334.37,325.61,325.96,327.58,-1.62,-0.49,30471.87,1002365.465
600519.SH,2016-12-20,326.04,327.0,321.81,326.48,325.96,0.52,0.16,30831.59,1001345.157
600519.SH,2016-12-21,326.9,329.29,323.56,328.66,326.48,2.18,0.67,24711.24,807548.103
600519.SH,2016-12-22,328.0,328.46,324.88,325.2,328.66,-3.46,-1.05,14678.13,478750.707
600519.SH,2016-12-23,323.55,324.5,319.13,320.03,325.2,-5.17,-1.59,31095.55,1001068.078
600519.SH,2016-12-26,319.03,324.99,316.2,324.48,320.03,4.45,1.39,26001.43,835811.094
600519.SH,2016-12-27,324.51,328.8,323.5,326.16,324.48,1.68,0.52,20062.29,655887.935
600519.SH,2016-12-28,326.99,328.0,323.33,323.72,326.16,-2.44,-0.75,17878.11,581648.979
600519.SH,2016-12-29,324.0,327.87,323.0,327.31,323.72,3.59,1.11,21225.12,690986.078
600519.SH,2016-12-30,326.61,335.29,326.61,334.15,327.31,6.84,2.09,34687.67,1152982.239
600519.SH,2017-01-03,334.28,337.0,332.81,334.56,334.15,0.41,0.12,20763.89,695005.298
600519.SH,2017-01-04,334.62,352.17,334.6,351.91,334.56,17.35,5.19,65257.38,2245051.865
600519.SH,2017-01-05,350.0,351.45,345.44,346.74,351.91,-5.17,-1.47,41704.48,1449077.676
600519.SH,2017-01-06,346.64,359.78,346.1,350.76,346.74,4.02,1.16,68095.62,2402546.296
600519.SH,2017-01-09,347.8,352.88,346.54,348.51,350.76,-2.25,-0.64,35405.0,1233977.973
600519.SH,2017-01-10,348.45,352.0,346.6,349.0,348.51,0.49,0.14,31727.64,1108100.804
600519.SH,2017-01-11,348.0,348.0,343.5,345.45,349.0,-3.55,-1.02,23598.51,814074.636
600519.SH,2017-01-12,346.55,347.4,344.51,347.05,345.45,1.6,0.46,17779.4,614822.051
600519.SH,2017-01-13,346.98,347.39,343.88,344.87,347.05,-2.18,-0.63,18282.48,631734.939
600519.SH,2017-01-16,344.13,344.8,338.8,341.47,344.87,-3.4,-0.99,36855.45,1259384.863
600519.SH,2017-01-17,342.6,351.5,342.0,349.13,341.47,7.66,2.24,35188.38,1223967.88
600519.SH,2017-01-18,348.88,356.77,347.21,355.08,349.13,5.95,1.7,46005.7,1622110.97
600519.SH,2017-01-19,355.0,358.48,351.7,354.72,355.08,-0.36,-0.1,28523.92,1011320.058
600519.SH,2017-01-20,354.9,357.4,353.03,354.99,354.72,0.27,0.08,21344.17,758415.995
600519.SH,2017-01-23,356.88,359.8,349.46,351.22,354.99,-3.77,-1.06,32581.18,1151869.289
600519.SH,2017-01-24,351.27,352.8,346.75,350.31,351.22,-0.91,-0.26,26914.58,939129.474
600519.SH,2017-01-25,349.98,349.98,346.2,347.63,350.31,-2.68,-0.77,22990.36,799259.963
600519.SH,2017-01-26,348.14,348.8,341.3,344.42,347.63,-3.21,-0.92,37826.17,1303262.151
600519.SH,2017-02-03,346.0,349.18,345.0,346.85,344.42,2.43,0.71,20936.43,727140.789
600519.SH,2017-02-06,348.49,348.89,344.96,346.85,346.85,0.0,0.0,15680.79,543401.899
600519.SH,2017-02-07,346.84,347.4,343.14,343.58,346.85,-3.27,-0.94,20519.83,707114.116
600519.SH,2017-02-08,343.76,345.5,342.67,344.21,343.58,0.63,0.18,19088.54,656786.314
600519.SH,2017-02-09,345.0,348.79,344.61,347.61,344.21,3.4,0.99,23324.38,808958.183
600519.SH,2017-02-10,348.62,349.82,345.0,345.08,347.61,-2.53,-0.73,24056.59,835679.322
600519.SH,2017-02-13,344.0,351.9,341.92,349.75,345.08,4.67,1.35,53587.9,1869148.354
600519.SH,2017-02-14,349.54,352.6,349.1,350.21,349.75,0.46,0.13,26558.68,931733.735
600519.SH,2017-02-15,351.5,352.44,347.2,348.53,350.21,-1.68,-0.48,26256.96,917475.854
600519.SH,2017-02-16,348.5,348.62,345.51,348.09,348.53,-0.44,-0.13,17642.3,612607.282
600519.SH,2017-02-17,348.9,354.44,347.5,350.56,348.09,2.47,0.71,29102.34,1022647.971
600519.SH,2017-02-20,350.41,362.32,350.01,361.29,350.56,10.73,3.06,61853.4,2215563.601
600519.SH,2017-02-21,361.88,362.43,357.18,358.74,361.29,-2.55,-0.71,27705.77,994112.865
600519.SH,2017-02-22,360.61,366.52,360.0,361.89,358.74,3.15,0.88,37130.31,1347469.102
600519.SH,2017-02-23,360.97,365.48,359.76,361.7,361.89,-0.19,-0.05,23328.06,844123.194
600519.SH,2017-02-24,362.0,362.89,360.05,362.62,361.7,0.92,0.25,17692.78,639123.205
600519.SH,2017-02-27,362.49,362.85,356.8,357.2,362.62,-5.42,-1.49,25400.46,912927.183
600519.SH,2017-02-28,357.0,359.2,353.58,354.66,357.2,-2.54,-0.71,27473.51,975788.668
600519.SH,2017-03-01,355.1,358.2,355.0,356.61,354.66,1.95,0.55,21944.2,782349.009
600519.SH,2017-03-02,356.71,357.0,354.53,356.82,356.61,0.21,0.06,22103.62,785560.42
600519.SH,2017-03-03,355.0,358.22,355.0,356.54,356.82,-0.28,-0.08,14153.55,505108.556
600519.SH,2017-03-06,357.66,359.54,356.55,358.96,356.54,2.42,0.68,22818.84,818625.871
600519.SH,2017-03-07,358.03,368.88,358.03,367.2,358.96,8.24,2.3,46286.98,1694198.549
600519.SH,2017-03-08,367.18,368.49,365.5,367.28,367.2,0.08,0.02,16037.7,588667.675
600519.SH,2017-03-09,367.0,369.98,365.56,369.9,367.28,2.62,0.71,23406.06,860084.024
600519.SH,2017-03-10,369.92,377.0,368.36,369.85,369.9,-0.05,-0.01,40951.05,1524343.094
600519.SH,2017-03-13,370.05,374.33,367.53,371.55,369.85,1.7,0.46,27674.32,1027592.8
600519.SH,2017-03-14,371.55,373.85,368.34,369.5,371.55,-2.05,-0.55,20416.49,756359.624
600519.SH,2017-03-15,369.5,375.15,369.01,374.68,369.5,5.18,1.4,25155.26,935994.827
600519.SH,2017-03-16,376.56,378.3,372.8,374.77,374.68,0.09,0.02,25022.6,938231.439
600519.SH,2017-03-17,373.1,384.45,373.1,378.48,374.77,3.71,0.99,34700.26,1315336.843
600519.SH,2017-03-20,380.5,386.71,378.88,386.41,378.48,7.93,2.1,31545.94,1209603.913
600519.SH,2017-03-21,386.55,396.5,386.5,394.01,386.41,7.6,1.97,48460.96,1901883.74
600519.SH,2017-03-22,390.53,394.6,385.0,394.48,394.01,0.47,0.12,45532.71,1775217.767
600519.SH,2017-03-23,392.03,393.99,386.6,389.79,394.48,-4.69,-1.19,34504.81,1345058.757
600519.SH,2017-03-24,392.32,393.22,385.0,386.82,389.79,-2.97,-0.76,33287.72,1292313.386
600519.SH,2017-03-27,386.03,389.26,378.39,378.82,386.82,-8.0,-2.07,53690.28,2054742.982
600519.SH,2017-03-28,379.95,381.15,376.66,380.26,378.82,1.44,0.38,41187.17,1558258.565
600519.SH,2017-03-29,381.01,385.8,379.9,383.65,380.26,3.39,0.89,37299.67,1429610.961
600519.SH,2017-03-30,383.0,386.89,382.6,386.14,383.65,2.49,0.65,31612.99,1216016.529
600519.SH,2017-03-31,386.2,388.0,384.18,386.36,386.14,0.22,0.06,24474.22,945503.282
600519.SH,2017-04-05,385.66,394.99,385.0,389.66,386.36,3.3,0.85,40789.98,1594997.313
600519.SH,2017-04-06,389.01,393.0,386.63,391.91,389.66,2.25,0.58,28857.2,1125204.238
600519.SH,2017-04-07,392.99,394.0,389.6,392.87,391.91,0.96,0.25,24097.23,945589.197
600519.SH,2017-04-10,394.0,394.0,388.0,389.2,392.87,-3.67,-0.93,28869.48,1126296.265
600519.SH,2017-04-11,388.05,390.7,380.6,385.29,389.2,-3.91,-1.0,43530.72,1679537.545
600519.SH,2017-04-12,385.29,391.0,384.8,390.23,385.29,4.94,1.28,27002.91,1049245.582
600519.SH,2017-04-13,390.78,398.59,390.51,398.39,390.23,8.16,2.09,45648.35,1805008.871
600519.SH,2017-04-14,399.43,399.88,395.0,395.45,398.39,-2.94,-0.74,23646.56,938378.987
600519.SH,2017-04-17,391.0,398.28,388.55,395.79,395.45,0.34,0.09,28793.71,1136763.705
600519.SH,2017-04-18,394.6,406.55,394.6,404.65,395.79,8.86,2.24,49581.0,1987661.267
600519.SH,2017-04-19,403.0,409.1,402.86,405.74,404.65,1.09,0.27,37550.11,1521983.651
600519.SH,2017-04-20,406.09,420.43,406.09,415.31,405.74,9.57,2.36,50457.68,2091241.453
600519.SH,2017-04-21,415.0,415.6,400.0,400.53,415.31,-14.78,-3.56,49332.92,2015062.634
600519.SH,2017-04-24,400.62,405.0,389.0,398.55,400.53,-1.98,-0.49,50037.97,1986424.986
600519.SH,2017-04-25,404.8,420.17,404.8,418.89,398.55,20.34,5.1,76192.71,3143136.343
600519.SH,2017-04-26,418.85,428.68,413.01,417.96,418.89,-0.93,-0.22,56624.12,2384125.12
600519.SH,2017-04-27,415.53,421.97,410.43,421.44,417.96,3.48,0.83,28240.71,1180494.894
600519.SH,2017-04-28,421.99,423.0,409.9,413.48,421.44,-7.96,-1.89,49505.87,2052093.809
600519.SH,2017-05-02,411.6,415.0,409.18,412.08,413.48,-1.4,-0.34,23291.68,960137.243
600519.SH,2017-05-03,411.0,417.66,411.0,417.61,412.08,5.53,1.34,20267.91,842560.358
600519.SH,2017-05-04,414.63,418.48,414.63,416.0,417.61,-1.61,-0.39,26709.15,1111200.116
600519.SH,2017-05-05,416.2,422.78,415.1,416.19,416.0,0.19,0.05,37437.11,1566063.418
600519.SH,2017-05-08,416.18,417.0,404.72,405.48,416.19,-10.71,-2.57,40721.65,1671035.538
600519.SH,2017-05-09,404.44,409.88,398.0,408.76,405.48,3.28,0.81,52801.92,2126236.509
600519.SH,2017-05-10,408.4,414.44,407.02,410.09,408.76,1.33,0.33,26039.38,1070652.714
600519.SH,2017-05-11,408.4,414.7,406.51,412.16,410.09,2.07,0.5,30467.64,1254053.012
600519.SH,2017-05-12,413.59,415.3,410.01,413.47,412.16,1.31,0.32,22337.42,921621.377
600519.SH,2017-05-15,413.12,420.35,413.12,419.55,413.47,6.08,1.47,33447.35,1398908.2
600519.SH,2017-05-16,419.6,431.22,418.26,430.12,419.55,10.57,2.52,50164.9,2145037.948
600519.SH,2017-05-17,429.0,430.19,424.88,426.6,430.12,-3.52,-0.82,27515.21,1174696.177
600519.SH,2017-05-18,425.05,430.7,425.01,429.54,426.6,2.94,0.69,24300.8,1040535.48
600519.SH,2017-05-19,429.57,441.8,429.57,440.82,429.54,11.28,2.63,38310.83,1672948.423
600519.SH,2017-05-22,439.04,446.01,436.2,441.78,440.82,0.96,0.22,35321.49,1560087.945
600519.SH,2017-05-23,442.25,454.47,442.25,454.2,441.78,12.42,2.81,48454.39,2178738.025
600519.SH,2017-05-24,452.9,456.48,446.0,450.32,454.2,-3.88,-0.85,40226.18,1812513.084
600519.SH,2017-05-25,448.71,452.96,447.5,450.6,450.32,0.28,0.06,28898.42,1299628.591
600519.SH,2017-05-26,450.82,455.6,448.0,451.92,450.6,1.32,0.29,27386.64,1237323.135
600519.SH,2017-05-31,450.0,450.5,440.11,442.94,451.92,-8.98,-1.99,44312.25,1968887.174
600519.SH,2017-06-01,442.5,449.95,441.01,449.28,442.94,6.34,1.43,40604.78,1808305.713
600519.SH,2017-06-02,450.0,450.95,445.6,447.31,449.28,-1.97,-0.44,21785.26,974893.318
600519.SH,2017-06-05,448.04,449.0,442.35,444.41,447.31,-2.9,-0.65,19241.2,854876.925
600519.SH,2017-06-06,444.97,449.0,444.2,448.82,444.41,4.41,0.99,20402.44,912438.705
600519.SH,2017-06-07,449.12,460.0,449.12,459.37,448.82,10.55,2.35,38834.3,1774212.484
600519.SH,2017-06-08,461.32,464.4,458.5,464.31,459.37,4.94,1.08,28951.11,1338443.407
600519.SH,2017-06-09,464.24,470.8,463.0,465.74,464.31,1.43,0.31,31430.76,1467836.835
600519.SH,2017-06-12,467.0,475.44,465.0,472.88,465.74,7.14,1.53,35109.16,1654501.999
600519.SH,2017-06-13,473.05,474.5,467.0,473.04,472.88,0.16,0.03,24237.98,1141536.364
600519.SH,2017-06-14,472.79,477.5,470.48,474.39,473.04,1.35,0.29,33768.63,1600846.629
600519.SH,2017-06-15,475.0,475.48,464.0,464.3,474.39,-10.09,-2.13,50202.8,2347172.38
600519.SH,2017-06-16,461.5,467.49,461.26,462.63,464.3,-1.67,-0.36,33331.8,1544955.944
600519.SH,2017-06-19,461.96,470.39,461.96,470.17,462.63,7.54,1.63,38536.68,1803585.246
600519.SH,2017-06-20,473.0,474.88,465.66,466.3,470.17,-3.87,-0.82,34505.39,1614858.151
600519.SH,2017-06-21,469.55,473.0,466.03,472.71,466.3,6.41,1.37,42038.54,1974672.846
600519.SH,2017-06-22,473.02,477.93,471.2,472.75,472.71,0.04,0.01,38242.34,1815684.37
600519.SH,2017-06-23,472.86,474.88,468.33,472.73,472.75,-0.02,0.0,31303.62,1473803.782
600519.SH,2017-06-26,473.01,485.0,472.0,484.68,472.73,11.95,2.53,52932.57,2536430.501
600519.SH,2017-06-27,482.82,485.0,480.85,484.1,484.68,-0.58,-0.12,27980.78,1350476.765
600519.SH,2017-06-28,484.09,484.09,473.0,475.3,484.1,-8.8,-1.82,37728.74,1799676.818
600519.SH,2017-06-29,476.3,477.35,470.0,473.01,475.3,-2.29,-0.48,35092.72,1657994.404
600519.SH,2017-06-30,471.51,474.16,467.8,471.85,473.01,-1.16,-0.25,22427.17,1056424.784
600519.SH,2017-07-03,474.2,474.2,457.9,460.37,471.85,-11.48,-2.43,49628.53,2298656.458
600519.SH,2017-07-04,458.96,460.0,449.0,451.92,460.37,-8.45,-1.84,56488.95,2563886.39
600519.SH,2017-07-05,453.01,460.33,453.01,460.13,451.92,8.21,1.82,37540.32,1718844.532
600519.SH,2017-07-06,458.11,460.2,450.6,455.98,460.13,-4.15,-0.9,42044.39,1913037.511
600519.SH,2017-07-07,451.05,451.1,441.2,445.97,449.19,-3.22,-0.72,37796.47,1681450.715
600519.SH,2017-07-10,446.88,454.9,442.97,454.47,445.97,8.5,1.91,36624.09,1648443.67
600519.SH,2017-07-11,454.5,464.58,454.0,463.13,454.47,8.66,1.91,44601.82,2054854.503
600519.SH,2017-07-12,465.8,465.99,455.0,457.47,463.13,-5.66,-1.22,28950.72,1330327.923
600519.SH,2017-07-13,455.35,461.91,453.68,456.16,457.47,-1.31,-0.29,25951.35,1183440.452
600519.SH,2017-07-14,456.25,458.76,453.05,456.41,456.16,0.25,0.05,17726.57,806510.274
600519.SH,2017-07-17,457.04,458.04,446.28,450.07,456.41,-6.34,-1.39,35263.68,1595292.99
600519.SH,2017-07-18,451.99,453.99,448.0,452.55,450.07,2.48,0.55,30684.49,1384468.254
600519.SH,2017-07-19,454.0,463.62,452.8,456.86,452.55,4.31,0.95,56259.94,2574934.655
600519.SH,2017-07-20,455.86,466.89,455.86,466.47,456.86,9.61,2.1,46634.87,2160731.54
600519.SH,2017-07-21,466.96,475.01,463.66,473.2,466.47,6.73,1.44,46792.41,2207195.747
600519.SH,2017-07-24,474.88,485.35,474.88,477.8,473.2,4.6,0.97,42716.43,2052709.805
600519.SH,2017-07-25,482.2,482.8,476.1,477.96,477.8,0.16,0.03,21929.99,1051446.103
600519.SH,2017-07-26,478.05,481.63,466.56,471.63,477.96,-6.33,-1.32,31470.18,1487729.148
600519.SH,2017-07-27,471.63,475.85,471.1,473.87,471.63,2.24,0.47,19595.03,928077.23
600519.SH,2017-07-28,471.0,484.07,467.71,483.92,473.87,10.05,2.12,46618.77,2235811.533
600519.SH,2017-07-31,484.0,487.96,481.0,481.22,483.92,-2.7,-0.56,38412.18,1861154.799
600519.SH,2017-08-01,481.0,483.0,477.4,480.24,481.22,-0.98,-0.2,27501.54,1318453.67
600519.SH,2017-08-02,480.04,484.88,478.51,482.84,480.24,2.6,0.54,26774.22,1289564.021
600519.SH,2017-08-03,483.68,486.85,475.63,477.22,482.84,-5.62,-1.16,31768.39,1522998.147
600519.SH,2017-08-04,477.0,478.98,472.6,473.64,477.22,-3.58,-0.75,18681.14,887074.164
600519.SH,2017-08-07,472.5,482.4,471.13,481.56,473.64,7.92,1.67,23099.37,1104715.336
600519.SH,2017-08-08,482.0,484.22,479.5,482.58,481.56,1.02,0.21,16051.58,773408.185
600519.SH,2017-08-09,484.84,492.98,482.03,490.85,482.58,8.27,1.71,41794.47,2045888.052
600519.SH,2017-08-10,491.09,499.6,489.0,491.63,490.85,0.78,0.16,35364.38,1747693.641
600519.SH,2017-08-11,489.0,496.55,483.48,484.06,491.63,-7.57,-1.54,36572.57,1785149.162
600519.SH,2017-08-14,485.21,500.1,485.21,499.83,484.06,15.77,3.26,39331.47,1952353.92
600519.SH,2017-08-15,500.11,501.1,495.01,495.97,499.83,-3.86,-0.77,27163.22,1350104.673
600519.SH,2017-08-16,498.0,498.8,493.0,496.49,495.97,0.52,0.1,18587.22,921412.991
600519.SH,2017-08-17,497.6,497.6,489.8,492.69,496.49,-3.8,-0.77,25846.73,1272341.257
600519.SH,2017-08-18,492.8,494.44,488.0,489.65,492.69,-3.04,-0.62,23857.75,1169732.673
600519.SH,2017-08-21,488.0,494.4,486.94,489.73,489.65,0.08,0.02,23546.62,1153168.712
600519.SH,2017-08-22,487.4,489.48,476.0,487.22,489.73,-2.51,-0.51,42457.03,2051271.355
600519.SH,2017-08-23,485.45,494.63,484.32,494.01,487.22,6.79,1.39,27214.99,1337347.647
600519.SH,2017-08-24,493.99,496.4,492.02,492.81,494.01,-1.2,-0.24,18156.78,896861.683
600519.SH,2017-08-25,493.45,494.25,489.32,492.99,492.81,0.18,0.04,17297.88,850598.725
600519.SH,2017-08-28,493.0,497.29,491.03,492.04,492.99,-0.95,-0.19,29021.07,1432545.548
600519.SH,2017-08-29,493.02,494.88,488.01,489.44,492.04,-2.6,-0.53,25176.62,1234431.719
600519.SH,2017-08-30,489.7,493.75,489.16,492.97,489.44,3.53,0.72,18503.64,910133.939
600519.SH,2017-08-31,494.04,494.88,489.8,491.15,492.97,-1.82,-0.37,18736.86,921659.704
600519.SH,2017-09-01,490.2,496.28,490.03,495.18,491.15,4.03,0.82,31451.0,1554634.575
600519.SH,2017-09-04,495.18,496.66,491.27,492.42,495.18,-2.76,-0.56,18931.62,932954.81
600519.SH,2017-09-05,492.88,493.99,489.5,489.99,492.42,-2.43,-0.49,22622.15,1112006.392
600519.SH,2017-09-06,490.0,492.77,484.84,484.98,489.99,-5.01,-1.02,33006.5,1608066.103
600519.SH,2017-09-07,485.31,486.9,480.06,481.27,484.98,-3.71,-0.77,33320.16,1605408.576
600519.SH,2017-09-08,478.25,480.5,474.0,474.37,481.27,-6.9,-1.43,41173.27,1962989.43
600519.SH,2017-09-11,471.09,482.22,469.98,478.32,474.37,3.95,0.83,45374.4,2161657.241
600519.SH,2017-09-12,479.5,486.0,478.4,484.91,478.32,6.59,1.38,34341.63,1661294.228
600519.SH,2017-09-13,485.0,492.2,481.38,491.63,484.91,6.72,1.39,33075.7,1618956.527
600519.SH,2017-09-14,492.99,494.03,488.99,490.71,491.63,-0.92,-0.19,19399.49,953145.166
600519.SH,2017-09-15,492.5,492.5,488.0,489.84,490.71,-0.87,-0.18,16039.46,786562.205
600519.SH,2017-09-18,490.14,500.5,490.14,498.97,489.84,9.13,1.86,42206.81,2101680.376
600519.SH,2017-09-19,500.3,502.5,496.01,496.95,498.97,-2.02,-0.4,23054.81,1151152.851
600519.SH,2017-09-20,496.9,500.02,496.0,496.2,496.95,-0.75,-0.15,17318.16,862024.944
600519.SH,2017-09-21,495.94,500.58,492.88,498.77,496.2,2.57,0.52,19402.68,963615.276
600519.SH,2017-09-22,496.9,500.18,495.8,499.93,498.77,1.16,0.23,16343.53,815718.865
600519.SH,2017-09-25,500.31,508.2,500.3,507.24,499.93,7.31,1.46,32697.56,1649582.919
600519.SH,2017-09-26,506.69,510.0,503.6,509.29,507.24,2.05,0.4,25470.49,1292872.632
600519.SH,2017-09-27,508.92,511.03,506.07,508.21,509.29,-1.08,-0.21,16671.11,847627.355
600519.SH,2017-09-28,507.2,520.2,507.15,518.46,508.21,10.25,2.02,25969.85,1340236.075
600519.SH,2017-09-29,516.0,525.88,515.5,517.64,518.46,-0.82,-0.16,22436.22,1166403.112
600519.SH,2017-10-09,524.54,535.55,520.1,527.77,517.64,10.13,1.96,34891.29,1844481.6
600519.SH,2017-10-10,527.05,540.49,527.01,540.06,527.77,12.29,2.33,31006.44,1662690.453
600519.SH,2017-10-11,538.1,551.25,538.1,545.54,540.06,5.48,1.01,33406.43,1824898.708
600519.SH,2017-10-12,545.0,547.5,540.18,544.09,545.54,-1.45,-0.27,19646.22,1067464.518
600519.SH,2017-10-13,545.0,556.6,542.01,556.15,544.09,12.06,2.22,27858.42,1534212.916
600519.SH,2017-10-16,559.99,566.66,555.87,560.69,556.15,4.54,0.82,29909.01,1676809.992
600519.SH,2017-10-17,560.97,560.97,554.0,556.73,560.69,-3.96,-0.71,20977.12,1168943.28
600519.SH,2017-10-18,554.2,562.59,554.2,560.72,556.73,3.99,0.72,19178.65,1072237.528
600519.SH,2017-10-19,561.0,585.15,560.72,582.6,560.72,21.88,3.9,40658.82,2338901.855
600519.SH,2017-10-20,581.0,581.0,571.76,574.33,582.6,-8.27,-1.42,31534.33,1812957.242
600519.SH,2017-10-23,574.92,580.5,568.0,573.41,574.33,-0.92,-0.16,23771.82,1362900.409
600519.SH,2017-10-24,572.0,573.8,563.61,567.33,573.41,-6.08,-1.06,31274.28,1775645.971
600519.SH,2017-10-25,569.75,571.68,562.06,565.67,567.33,-1.66,-0.29,25076.0,1418395.221
600519.SH,2017-10-26,605.0,613.0,591.91,605.09,565.67,39.42,6.97,115434.97,6957625.411
600519.SH,2017-10-27,602.11,655.0,600.03,649.63,605.09,44.54,7.36,84383.79,5284485.766
600519.SH,2017-10-30,643.05,644.0,621.0,622.08,649.63,-27.55,-4.24,81007.86,5099041.747
600519.SH,2017-10-31,622.01,627.6,611.88,618.03,622.08,-4.05,-0.65,51875.68,3206280.6
600519.SH,2017-11-01,620.88,631.54,619.22,623.01,618.03,4.98,0.81,43435.25,2712016.939
600519.SH,2017-11-02,626.95,629.78,621.0,626.92,623.01,3.91,0.63,34249.73,2144671.943
600519.SH,2017-11-03,628.65,643.44,628.65,639.17,626.92,12.25,1.95,48188.97,3075651.167
600519.SH,2017-11-06,641.5,657.62,640.2,653.06,639.17,13.89,2.17,48513.98,3153638.704
600519.SH,2017-11-07,650.58,657.15,638.18,642.07,653.06,-10.99,-1.68,55564.85,3592238.407
600519.SH,2017-11-08,642.33,654.5,642.33,650.38,642.07,8.31,1.29,43951.94,2855374.07
600519.SH,2017-11-09,648.0,654.15,644.61,650.07,650.38,-0.31,-0.05,33641.13,2183815.39
600519.SH,2017-11-10,650.43,683.4,650.43,677.95,650.07,27.88,4.29,74078.6,4967970.73
600519.SH,2017-11-13,680.0,692.78,675.8,687.88,677.95,9.93,1.46,49869.84,3402794.002
600519.SH,2017-11-14,687.14,687.22,677.35,678.75,687.88,-9.13,-1.33,46366.71,3159112.664
600519.SH,2017-11-15,678.75,689.99,674.0,688.08,678.75,9.33,1.37,45036.33,3074244.081
600519.SH,2017-11-16,686.01,719.96,686.01,719.11,688.08,31.03,4.51,60716.32,4299283.186
600519.SH,2017-11-17,696.0,709.0,677.77,690.25,719.11,-28.86,-4.01,123861.24,8548747.991
600519.SH,2017-11-20,676.8,685.6,660.0,679.15,690.25,-11.1,-1.61,88305.82,5954131.851
600519.SH,2017-11-21,669.0,688.8,662.02,677.25,679.15,-1.9,-0.28,96016.51,6491134.446
600519.SH,2017-11-22,677.0,688.0,650.0,650.52,677.25,-26.73,-3.95,128498.26,8528143.403
600519.SH,2017-11-23,642.0,646.0,630.22,633.73,650.52,-16.79,-2.58,109599.13,6984097.475
600519.SH,2017-11-24,635.9,642.5,622.23,630.04,633.73,-3.69,-0.58,76541.94,4835808.966
600519.SH,2017-11-27,634.0,636.33,613.01,621.29,630.04,-8.75,-1.39,63548.46,3975262.024
600519.SH,2017-11-28,625.06,648.88,624.0,648.23,621.29,26.94,4.34,70291.83,4491543.613
600519.SH,2017-11-29,649.94,651.97,634.01,638.12,648.23,-10.11,-1.56,46763.72,3005733.412
600519.SH,2017-11-30,635.51,648.48,626.0,631.0,638.12,-7.12,-1.12,38019.62,2419959.854
600519.SH,2017-12-01,638.01,638.99,620.13,622.35,631.0,-8.65,-1.37,47192.74,2959772.009
600519.SH,2017-12-04,623.95,644.1,616.72,637.79,622.35,15.44,2.48,54267.71,3436687.377
600519.SH,2017-12-05,634.0,647.4,630.13,632.96,637.79,-4.83,-0.76,47465.76,3026076.465
600519.SH,2017-12-06,631.5,644.1,620.0,625.01,632.96,-7.95,-1.26,58174.09,3657236.582
600519.SH,2017-12-07,624.95,624.99,615.26,616.69,625.01,-8.32,-1.33,51032.62,3155212.01
600519.SH,2017-12-08,615.42,628.85,615.42,627.28,616.69,10.59,1.72,45503.39,2842464.437
600519.SH,2017-12-11,631.0,651.95,631.0,650.99,627.28,23.71,3.78,72849.17,4702239.221
600519.SH,2017-12-12,658.7,658.77,651.02,651.32,650.99,0.33,0.05,47889.31,3138650.306
600519.SH,2017-12-13,654.99,670.0,650.72,668.21,651.32,16.89,2.59,48502.48,3197982.045
600519.SH,2017-12-14,669.98,671.3,660.5,664.55,668.21,-3.66,-0.55,31967.94,2126665.894
600519.SH,2017-12-15,664.0,667.95,650.78,653.79,664.55,-10.76,-1.62,32255.95,2126579.404
600519.SH,2017-12-18,660.0,669.8,658.58,665.77,653.79,11.98,1.83,39162.28,2599749.872
600519.SH,2017-12-19,663.0,672.44,661.0,667.09,665.77,1.32,0.2,44072.21,2944470.867
600519.SH,2017-12-20,669.9,686.86,664.03,684.91,667.09,17.82,2.67,63601.31,4321305.755
600519.SH,2017-12-21,683.0,687.42,675.5,681.74,684.91,-3.17,-0.46,46680.38,3178595.839
600519.SH,2017-12-22,680.0,685.9,677.01,682.92,681.74,1.18,0.17,28317.01,1930315.469
600519.SH,2017-12-25,686.0,696.3,683.72,688.12,682.92,5.2,0.76,36214.28,2497653.982
600519.SH,2017-12-26,688.18,692.99,676.5,680.81,688.12,-7.31,-1.06,31867.66,2174103.282
600519.SH,2017-12-27,684.86,684.86,662.5,664.18,680.81,-16.63,-2.44,37722.05,2539720.696
600519.SH,2017-12-28,687.0,719.9,671.32,718.69,664.18,54.51,8.21,124141.07,8656875.718
600519.SH,2017-12-29,718.0,726.5,691.6,697.49,718.69,-21.2,-2.95,76038.87,5372514.665
600519.SH,2018-01-02,700.0,710.16,689.89,703.85,697.49,6.36,0.91,49612.48,3482407.646
600519.SH,2018-01-03,701.5,721.4,699.74,715.86,703.85,12.01,1.71,52019.41,3713523.701
600519.SH,2018-01-04,721.4,743.5,719.33,737.07,715.86,21.21,2.96,72205.08,5309890.21
600519.SH,2018-01-05,741.0,746.03,728.22,738.36,737.07,1.29,0.18,39989.07,2946493.013
600519.SH,2018-01-08,735.02,756.5,735.02,752.13,738.36,13.77,1.86,52204.56,3899951.72
600519.SH,2018-01-09,752.21,783.0,752.21,782.52,752.13,30.39,4.04,64591.95,5001164.506
600519.SH,2018-01-10,785.0,788.88,773.48,785.71,782.52,3.19,0.41,47714.24,3731993.154
600519.SH,2018-01-11,787.0,788.0,772.0,774.81,785.71,-10.9,-1.39,50656.07,3942075.854
600519.SH,2018-01-12,773.77,788.8,767.02,788.42,774.81,13.61,1.76,45988.24,3577281.776
600519.SH,2018-01-15,793.46,799.06,779.02,785.37,788.42,-3.05,-0.39,52473.13,4136645.487
600519.SH,2018-01-16,780.48,788.61,768.0,772.94,785.37,-12.43,-1.58,65428.33,5084966.063
600519.SH,2018-01-17,770.0,774.0,738.51,747.93,772.94,-25.01,-3.24,90709.54,6835580.477
600519.SH,2018-01-18,747.93,765.0,744.09,750.74,747.93,2.81,0.38,58978.51,4443031.234
600519.SH,2018-01-19,752.9,758.9,739.02,750.18,750.74,-0.56,-0.07,50925.56,3818021.99
600519.SH,2018-01-22,751.81,774.0,751.81,773.64,750.18,23.46,3.13,67126.75,5129674.653
600519.SH,2018-01-23,777.81,780.0,768.6,773.78,773.64,0.14,0.02,49549.18,3836387.69
600519.SH,2018-01-24,776.44,776.46,758.6,764.46,773.78,-9.32,-1.2,43298.81,3311348.774
600519.SH,2018-01-25,761.0,776.0,751.0,769.16,764.46,4.7,0.61,50040.72,3821875.04
600519.SH,2018-01-26,767.24,777.4,764.0,777.22,769.16,8.06,1.05,43978.33,3389953.777
600519.SH,2018-01-29,778.76,779.67,735.0,736.32,777.22,-40.9,-5.26,74535.51,5637041.971
600519.SH,2018-01-30,736.0,748.77,730.02,742.08,736.32,5.76,0.78,51911.03,3852705.098
600519.SH,2018-01-31,739.0,771.71,739.0,764.54,742.08,22.46,3.03,60402.41,4601994.781
600519.SH,2018-02-01,767.0,767.3,752.92,757.73,764.54,-6.81,-0.89,50582.61,3846421.613
600519.SH,2018-02-02,752.22,753.23,725.0,740.4,757.73,-17.33,-2.29,75420.82,5583742.782
600519.SH,2018-02-05,727.22,729.96,705.6,718.23,740.4,-22.17,-2.99,98995.85,7104095.616
600519.SH,2018-02-06,703.0,722.6,703.0,708.86,718.23,-9.37,-1.3,88168.71,6270888.575
600519.SH,2018-02-07,720.0,723.88,682.01,683.43,708.86,-25.43,-3.59,88289.98,6231141.116
600519.SH,2018-02-08,682.2,718.0,682.2,700.99,683.43,17.56,2.57,83409.43,5860233.484
600519.SH,2018-02-09,680.0,689.89,658.0,683.43,700.99,-17.56,-2.51,105578.26,7160206.33
600519.SH,2018-02-12,691.0,705.5,685.2,697.48,683.43,14.05,2.06,64179.55,4466343.242
600519.SH,2018-02-13,705.02,714.82,704.5,711.98,697.48,14.5,2.08,53389.18,3793782.378
600519.SH,2018-02-14,720.0,720.0,712.22,718.45,711.98,6.47,0.91,30652.6,2198728.707
600519.SH,2018-02-22,727.3,744.0,723.24,742.45,718.45,24.0,3.34,50764.69,3717469.267
600519.SH,2018-02-23,747.0,756.56,737.0,742.48,742.45,0.03,0.0,38158.77,2844936.758
600519.SH,2018-02-26,746.88,752.05,733.02,743.51,742.48,1.03,0.14,43658.24,3243216.345
600519.SH,2018-02-27,749.0,756.0,737.22,737.98,743.51,-5.53,-0.74,42601.54,3181778.842
600519.SH,2018-02-28,732.0,742.3,719.0,725.62,737.98,-12.36,-1.67,48330.67,3522004.686
600519.SH,2018-03-01,728.0,746.85,723.77,741.97,725.62,16.35,2.25,44794.65,3303604.159
600519.SH,2018-03-02,738.0,743.56,730.0,736.41,741.97,-5.56,-0.75,25991.9,1912613.83
600519.SH,2018-03-05,738.18,742.0,717.03,720.11,736.41,-16.3,-2.21,37234.7,2703926.955
600519.SH,2018-03-06,725.0,727.6,697.13,718.26,720.11,-1.85,-0.26,64570.36,4581658.583
600519.SH,2018-03-07,715.0,724.0,708.99,710.04,718.26,-8.22,-1.14,34595.94,2480929.043
600519.SH,2018-03-08,714.0,724.0,708.0,722.76,710.04,12.72,1.79,35349.3,2540452.0
600519.SH,2018-03-09,727.55,732.57,723.5,728.2,722.76,5.44,0.75,30171.0,2199081.672
600519.SH,2018-03-12,729.55,733.92,722.77,723.95,728.2,-4.25,-0.58,39888.41,2900950.557
600519.SH,2018-03-13,723.0,726.6,710.0,710.35,723.95,-13.6,-1.88,38577.09,2764426.996
600519.SH,2018-03-14,709.67,728.08,707.22,726.88,710.35,16.53,2.33,37355.76,2683830.11
600519.SH,2018-03-15,728.02,747.0,728.02,746.47,726.88,19.59,2.7,56148.79,4161645.76
600519.SH,2018-03-16,747.6,753.98,738.88,739.85,746.47,-6.62,-0.89,35855.52,2676682.524
600519.SH,2018-03-19,743.97,753.99,739.0,753.48,739.85,13.63,1.84,38666.58,2897348.542
600519.SH,2018-03-20,750.0,752.0,740.0,747.73,753.48,-5.75,-0.76,28877.2,2154897.794
600519.SH,2018-03-21,750.11,753.11,740.0,742.0,747.73,-5.73,-0.77,26742.71,1996584.261
600519.SH,2018-03-22,744.0,748.0,724.01,726.08,742.0,-15.92,-2.15,37486.97,2748721.669
600519.SH,2018-03-23,701.0,723.49,700.08,711.06,726.08,-15.02,-2.07,52546.77,3727044.98
600519.SH,2018-03-26,708.0,715.06,701.88,713.49,711.06,2.43,0.34,46256.11,3276880.07
600519.SH,2018-03-27,723.0,725.88,704.0,714.74,713.49,1.25,0.18,47548.44,3399900.239
600519.SH,2018-03-28,699.97,703.0,669.0,682.05,714.74,-32.69,-4.57,113539.72,7786098.263
600519.SH,2018-03-29,682.2,697.85,658.41,689.1,682.05,7.05,1.03,79081.96,5362890.034
600519.SH,2018-03-30,686.0,693.5,679.88,683.62,689.1,-5.48,-0.8,36540.28,2502696.336
600519.SH,2018-04-02,680.0,691.0,674.11,680.06,683.62,-3.56,-0.52,32039.08,2185060.765
600519.SH,2018-04-03,678.0,687.0,675.39,677.91,680.06,-2.15,-0.32,40235.58,2737509.485
600519.SH,2018-04-04,682.0,700.43,680.38,694.01,677.91,16.1,2.37,56891.31,3948712.791
600519.SH,2018-04-09,697.1,705.43,690.15,698.3,694.01,4.29,0.62,30833.05,2149178.951
600519.SH,2018-04-10,704.8,708.5,698.46,708.02,698.3,9.72,1.39,32043.25,2252069.676
600519.SH,2018-04-11,710.0,714.78,703.02,705.36,708.02,-2.66,-0.38,25723.18,1822237.882
600519.SH,2018-04-12,704.0,706.88,692.22,694.2,705.36,-11.16,-1.58,30713.61,2139139.504
600519.SH,2018-04-13,698.5,701.0,685.08,686.86,694.2,-7.34,-1.06,27549.52,1904051.062
600519.SH,2018-04-16,680.58,686.85,677.0,681.38,686.86,-5.48,-0.8,32939.67,2241463.093
600519.SH,2018-04-17,685.0,685.38,665.6,666.2,681.38,-15.18,-2.23,35172.76,2377407.817
600519.SH,2018-04-18,671.0,671.0,645.0,655.64,666.2,-10.56,-1.59,62616.6,4104175.827
600519.SH,2018-04-19,659.85,680.0,656.66,679.96,655.64,24.32,3.71,44207.57,2976468.492
600519.SH,2018-04-20,681.0,694.0,668.23,670.26,679.96,-9.7,-1.43,41511.68,2831559.751
600519.SH,2018-04-23,666.01,680.33,666.01,674.01,670.26,3.75,0.56,32659.2,2196761.047
600519.SH,2018-04-24,676.0,693.5,675.0,689.88,674.01,15.87,2.35,47282.56,3252280.969
600519.SH,2018-04-25,689.0,692.0,683.02,690.97,689.88,1.09,0.16,25252.22,1738767.067
600519.SH,2018-04-26,692.0,692.28,673.0,678.23,690.97,-12.74,-1.84,35047.9,2378744.475
600519.SH,2018-04-27,685.25,688.36,655.0,662.53,678.23,-15.7,-2.31,57915.21,3866680.412
600519.SH,2018-05-02,660.0,668.99,645.06,667.83,662.53,5.3,0.8,70259.11,4589885.607
600519.SH,2018-05-03,666.0,673.68,658.0,670.88,667.83,3.05,0.46,36326.53,2426248.236
600519.SH,2018-05-04,670.98,674.83,660.57,662.87,670.88,-8.01,-1.19,37375.84,2492610.223
600519.SH,2018-05-07,659.95,701.88,657.77,698.17,662.87,35.3,5.33,85591.43,5858519.223
600519.SH,2018-05-08,698.03,712.13,698.03,708.83,698.17,10.66,1.53,62497.83,4414037.853
600519.SH,2018-05-09,709.08,712.3,697.12,701.95,708.83,-6.88,-0.97,32331.06,2267880.036
600519.SH,2018-05-10,703.5,716.0,703.5,714.19,701.95,12.24,1.74,39293.8,2794919.589
600519.SH,2018-05-11,718.69,730.5,715.7,718.02,714.19,3.83,0.54,39141.65,2826877.192
600519.SH,2018-05-14,724.0,743.0,724.0,742.41,718.02,24.39,3.4,51014.71,3753818.029
600519.SH,2018-05-15,746.0,746.44,734.0,743.06,742.41,0.65,0.09,38055.8,2811622.722
600519.SH,2018-05-16,740.0,745.66,733.28,734.52,743.06,-8.54,-1.15,30795.2,2275092.45
600519.SH,2018-05-17,735.12,737.5,724.0,727.38,734.52,-7.14,-0.97,28517.93,2077476.64
600519.SH,2018-05-18,723.99,741.0,721.19,739.32,727.38,11.94,1.64,29255.17,2140724.039
600519.SH,2018-05-21,744.0,747.3,732.48,734.82,739.32,-4.5,-0.61,29059.58,2150582.003
600519.SH,2018-05-22,735.22,739.84,730.02,739.57,734.82,4.75,0.65,16998.96,1250693.946
600519.SH,2018-05-23,740.0,740.0,723.58,723.78,739.57,-15.79,-2.14,28268.71,2061375.201
600519.SH,2018-05-24,720.0,728.66,713.0,715.4,723.78,-8.38,-1.16,30416.34,2191695.815
600519.SH,2018-05-25,712.0,727.0,712.0,716.86,715.4,1.46,0.2,26511.46,1908701.139
600519.SH,2018-05-28,718.0,740.66,715.12,740.4,716.86,23.54,3.28,42805.23,3129960.293
600519.SH,2018-05-29,738.8,750.0,731.28,731.43,740.4,-8.97,-1.21,40820.27,3029700.817
600519.SH,2018-05-30,727.22,737.3,720.05,725.87,731.43,-5.56,-0.76,37147.1,2706486.799
600519.SH,2018-05-31,730.25,751.62,730.24,751.13,725.87,25.26,3.48,71852.87,5356222.572
600519.SH,2018-06-01,751.13,754.98,738.76,745.11,751.13,-6.02,-0.8,36177.63,2694415.012
600519.SH,2018-06-04,752.35,782.9,745.88,781.97,745.11,36.86,4.95,73805.97,5697540.359
600519.SH,2018-06-05,786.5,794.7,777.23,788.05,781.97,6.08,0.78,52629.67,4136578.583
600519.SH,2018-06-06,788.0,800.95,782.3,785.75,788.05,-2.3,-0.29,48969.48,3870616.725
600519.SH,2018-06-07,789.98,795.55,778.9,780.97,785.75,-4.78,-0.61,39167.78,3078137.471
600519.SH,2018-06-08,780.0,785.9,770.0,777.95,780.97,-3.02,-0.39,34958.46,2712363.711
600519.SH,2018-06-11,776.05,786.0,768.33,775.73,777.95,-2.22,-0.29,36547.55,2837404.005
600519.SH,2018-06-12,778.0,803.5,776.5,799.19,775.73,23.46,3.02,55287.08,4385043.27
600519.SH,2018-06-13,800.0,802.62,788.88,790.33,799.19,-8.86,-1.11,35244.37,2803441.679
600519.SH,2018-06-14,790.0,793.8,775.18,786.13,790.33,-4.2,-0.53,36159.61,2830514.231
600519.SH,2018-06-15,773.2,778.58,769.1,773.33,775.13,-1.8,-0.23,31707.73,2455441.877
600519.SH,2018-06-19,769.0,769.0,737.0,738.0,773.33,-35.33,-4.57,60195.87,4535664.03
600519.SH,2018-06-20,741.0,765.0,741.0,763.59,738.0,25.59,3.47,45838.02,3454583.693
600519.SH,2018-06-21,765.22,778.89,758.77,759.32,763.59,-4.27,-0.56,39182.55,3013867.644
600519.SH,2018-06-22,754.0,767.0,750.0,766.53,759.32,7.21,0.95,28854.81,2190055.865
600519.SH,2018-06-25,766.0,778.97,764.9,765.56,766.53,-0.97,-0.13,32934.16,2543272.262
600519.SH,2018-06-26,765.31,769.88,747.0,754.8,765.56,-10.76,-1.41,46577.98,3516945.435
600519.SH,2018-06-27,752.0,757.0,721.0,722.44,754.8,-32.36,-4.29,57298.01,4194739.085
600519.SH,2018-06-28,714.0,719.0,697.0,710.93,722.44,-11.51,-1.59,50833.94,3610842.734
600519.SH,2018-06-29,712.3,732.3,705.0,731.46,710.93,20.53,2.89,32929.27,2378884.218
600519.SH,2018-07-02,734.52,739.33,703.0,711.55,731.46,-19.91,-2.72,37558.11,2709882.026
600519.SH,2018-07-03,709.76,715.78,678.23,694.92,711.55,-16.63,-2.34,82837.1,5743330.241
600519.SH,2018-07-04,692.0,700.0,688.0,690.91,694.92,-4.01,-0.58,37990.75,2637494.71
600519.SH,2018-07-05,700.0,716.2,700.0,702.39,690.91,11.48,1.66,47123.8,3333680.083
600519.SH,2018-07-06,707.0,720.93,699.26,714.12,702.39,11.73,1.67,44156.61,3140922.35
600519.SH,2018-07-09,720.03,729.86,719.73,727.24,714.12,13.12,1.84,40572.66,2944655.287
600519.SH,2018-07-10,729.0,731.5,713.33,725.76,727.24,-1.48,-0.2,29010.47,2096683.487
600519.SH,2018-07-11,710.0,724.0,702.22,719.58,725.76,-6.18,-0.85,24278.45,1736875.98
600519.SH,2018-07-12,718.0,741.17,718.0,737.54,719.58,17.96,2.5,40170.04,2947129.14
600519.SH,2018-07-13,742.3,748.1,735.12,746.99,737.54,9.45,1.28,28907.04,2152944.602
600519.SH,2018-07-16,752.3,764.11,751.03,754.68,746.99,7.69,1.03,32474.87,2454501.604
600519.SH,2018-07-17,757.0,757.0,736.02,742.43,754.68,-12.25,-1.62,27806.03,2064190.615
600519.SH,2018-07-18,742.43,749.69,735.0,737.44,742.43,-4.99,-0.67,24521.71,1818760.392
600519.SH,2018-07-19,739.0,743.95,735.02,740.95,737.44,3.51,0.48,18078.5,1337080.011
600519.SH,2018-07-20,741.5,743.13,728.0,741.13,740.95,0.18,0.0243,30548.5,2249792.135
600519.SH,2018-07-23,736.0,741.15,720.01,732.07,741.13,-9.06,-1.2225,35969.89,2621763.717
600519.SH,2018-07-24,732.68,747.3,723.0,745.4,732.07,13.33,1.8209,41808.6,3091209.135
600519.SH,2018-07-25,746.95,749.88,740.01,743.81,745.4,-1.59,-0.2133,21743.88,1618737.612
600519.SH,2018-07-26,748.9,748.9,734.23,735.62,743.81,-8.19,-1.1011,23067.26,1707662.628
600519.SH,2018-07-27,736.0,744.3,730.0,738.56,735.62,2.94,0.3997,20913.6,1546655.26
600519.SH,2018-07-30,738.9,740.66,715.0,719.21,738.56,-19.35,-2.62,42171.66,3058614.52
600519.SH,2018-07-31,720.3,727.88,719.21,726.44,719.21,7.23,1.0053,20683.46,1499353.469
600519.SH,2018-08-01,731.4,732.3,714.11,714.94,726.44,-11.5,-1.5831,25237.88,1821933.661
600519.SH,2018-08-02,715.97,715.97,687.88,695.84,714.94,-19.1,-2.6716,55001.43,3840134.516
600519.SH,2018-08-03,695.0,695.0,676.2,678.99,695.84,-16.85,-2.4215,47336.99,3230239.085
600519.SH,2018-08-06,677.0,684.0,662.25,669.68,678.99,-9.31,-1.3712,45248.12,3039091.096
600519.SH,2018-08-07,672.3,687.83,662.02,686.28,669.68,16.6,2.4788,39085.59,2645263.31
600519.SH,2018-08-08,687.02,689.0,671.87,676.22,686.28,-10.06,-1.4659,29685.44,2016438.669
600519.SH,2018-08-09,671.0,694.5,670.12,691.88,676.22,15.66,2.3158,34485.75,2368461.339
600519.SH,2018-08-10,691.88,694.77,684.2,687.18,691.88,-4.7,-0.6793,23817.67,1643993.563
600519.SH,2018-08-13,683.0,683.0,666.68,679.22,687.18,-7.96,-1.1584,34570.41,2329262.063
600519.SH,2018-08-14,679.22,684.5,673.51,680.13,679.22,0.91,0.134,21696.83,1474124.248
600519.SH,2018-08-15,679.8,680.0,661.0,662.8,680.13,-17.33,-2.548,34997.09,2336994.709
600519.SH,2018-08-16,652.0,668.5,640.0,648.44,662.8,-14.36,-2.1666,59939.85,3908421.566
600519.SH,2018-08-17,657.5,657.5,630.01,634.86,648.44,-13.58,-2.0943,46574.57,3001465.861
600519.SH,2018-08-20,632.45,645.55,616.86,644.79,634.86,9.93,1.5641,48852.34,3081035.729
600519.SH,2018-08-21,647.0,672.3,647.0,671.49,644.79,26.7,4.1409,52249.02,3460897.975
600519.SH,2018-08-22,671.0,673.2,663.0,667.7,671.49,-3.79,-0.5644,20675.51,1381418.422
600519.SH,2018-08-23,671.7,678.5,665.18,670.21,667.7,2.51,0.3759,27357.27,1836880.236
600519.SH,2018-08-24,669.0,669.0,656.46,660.3,670.21,-9.91,-1.4786,26090.26,1725516.32
600519.SH,2018-08-27,662.0,687.3,662.0,687.3,660.3,27.0,4.0891,48016.92,3261483.99
600519.SH,2018-08-28,693.0,693.78,678.55,681.0,687.3,-6.3,-0.9166,32488.9,2222697.903
600519.SH,2018-08-29,682.0,688.88,679.1,685.85,681.0,4.85,0.7122,27404.03,1877474.37
600519.SH,2018-08-30,688.21,692.6,679.01,680.4,685.85,-5.45,-0.7946,33788.33,2312993.223
600519.SH,2018-08-31,676.25,677.0,656.5,659.19,680.4,-21.21,-3.1173,58980.93,3911486.18
600519.SH,2018-09-03,652.0,667.67,650.8,666.21,659.19,7.02,1.0649,30179.84,1992654.934
600519.SH,2018-09-04,666.8,676.0,661.6,675.04,666.21,8.83,1.3254,21540.48,1441658.194
600519.SH,2018-09-05,675.0,676.99,657.0,657.79,675.04,-17.25,-2.5554,28983.42,1927600.143
600519.SH,2018-09-06,652.0,659.26,640.0,644.0,657.79,-13.79,-2.0964,42370.58,2744204.071
600519.SH,2018-09-07,645.5,658.03,645.14,650.97,644.0,6.97,1.0823,29240.06,1903829.724
600519.SH,2018-09-10,652.2,653.81,640.7,644.8,650.97,-6.17,-0.9478,21202.2,1369296.442
600519.SH,2018-09-11,645.57,650.97,640.63,646.0,644.8,1.2,0.1861,19496.87,1258466.309
600519.SH,2018-09-12,643.0,644.87,628.01,630.0,646.0,-16.0,-2.4768,41157.37,2612360.007
600519.SH,2018-09-13,638.0,642.0,620.0,631.98,630.0,1.98,0.3143,47713.16,3004019.091
600519.SH,2018-09-14,633.98,649.78,628.53,642.9,631.98,10.92,1.7279,40900.19,2617626.839
600519.SH,2018-09-17,645.0,652.96,641.06,645.81,642.9,2.91,0.4526,29112.95,1884188.491
600519.SH,2018-09-18,643.0,668.0,642.22,666.7,645.81,20.89,3.2347,37858.68,2480477.388
600519.SH,2018-09-19,666.58,686.0,666.0,681.42,666.7,14.72,2.2079,48221.84,3277470.608
600519.SH,2018-09-20,685.2,686.9,677.36,678.55,681.42,-2.87,-0.4212,27519.48,1878075.359
600519.SH,2018-09-21,682.0,700.01,680.01,700.01,678.55,21.46,3.1626,42617.2,2945196.257
600519.SH,2018-09-25,695.0,705.77,693.26,697.02,700.01,-2.99,-0.4271,30639.91,2142679.11
600519.SH,2018-09-26,702.1,732.68,701.99,724.93,697.02,27.91,4.0042,72287.77,5200777.033
600519.SH,2018-09-27,727.5,728.0,715.4,724.0,724.93,-0.93,-0.1283,40508.53,2918965.007
600519.SH,2018-09-28,726.7,733.2,718.88,730.0,724.0,6.0,0.8287,35089.8,2551115.844
600519.SH,2018-10-08,715.41,719.0,686.15,686.15,730.0,-43.85,-6.0068,82745.02,5798721.501
600519.SH,2018-10-09,686.9,698.71,685.9,695.0,686.15,8.85,1.2898,40222.83,2785526.957
600519.SH,2018-10-10,697.26,698.0,669.69,670.92,695.0,-24.08,-3.4647,63098.2,4288785.948
600519.SH,2018-10-11,635.01,668.94,635.01,644.99,670.92,-25.93,-3.8648,91581.96,5953169.079
600519.SH,2018-10-12,651.0,672.68,650.58,668.0,644.99,23.01,3.5675,54472.56,3599837.217
600519.SH,2018-10-15,669.49,671.95,660.03,666.9,668.0,-1.1,-0.1647,35607.3,2372056.68
600519.SH,2018-10-16,665.98,679.53,662.01,667.14,666.9,0.24,0.036,26393.6,1766613.793
600519.SH,2018-10-17,675.0,677.3,649.9,665.72,667.14,-1.42,-0.2128,43077.07,2846537.063
600519.SH,2018-10-18,660.0,660.0,644.97,645.94,665.72,-19.78,-2.9712,52156.07,3394332.712
600519.SH,2018-10-19,638.0,675.0,635.08,670.0,645.94,24.06,3.7248,76199.38,4973381.203
600519.SH,2018-10-22,675.0,702.02,675.0,693.0,670.0,23.0,3.4328,73108.57,5036971.569
600519.SH,2018-10-23,689.0,689.0,635.0,641.74,693.0,-51.26,-7.3968,123112.73,8076618.589
600519.SH,2018-10-24,628.11,650.0,620.0,636.99,641.74,-4.75,-0.7402,76112.82,4818473.584
600519.SH,2018-10-25,620.0,622.5,608.58,619.0,636.99,-17.99,-2.8242,75568.38,4657019.123
600519.SH,2018-10-26,619.0,625.0,607.98,610.1,619.0,-8.9,-1.4378,55327.38,3388947.805
600519.SH,2018-10-29,549.09,549.09,549.09,549.09,610.1,-61.01,-10.0,49076.0,2694714.084
600519.SH,2018-10-30,510.0,543.0,509.02,524.0,549.09,-25.09,-4.5694,204396.67,10663392.394
600519.SH,2018-10-31,527.0,555.0,522.0,548.9,524.0,24.9,4.7519,96884.82,5239853.122
600519.SH,2018-11-01,555.0,585.5,551.25,563.0,548.9,14.1,2.5688,98106.72,5581027.253
600519.SH,2018-11-02,585.0,600.0,572.24,599.9,563.0,36.9,6.5542,89156.96,5227695.093
600519.SH,2018-11-05,593.0,593.0,571.77,575.8,599.9,-24.1,-4.0173,75517.08,4373994.135
600519.SH,2018-11-06,574.0,574.16,558.01,566.0,575.8,-9.8,-1.702,45566.14,2572068.93
600519.SH,2018-11-07,569.0,574.95,562.01,566.4,566.0,0.4,0.0707,38107.78,2165679.706
600519.SH,2018-11-08,574.0,577.0,568.0,570.34,566.4,3.94,0.6956,33763.74,1933594.956
600519.SH,2018-11-09,567.22,569.0,562.0,562.0,570.34,-8.34,-1.4623,24336.82,1374731.688
600519.SH,2018-11-12,553.0,554.2,536.8,552.0,562.0,-10.0,-1.7794,67824.22,3709848.786
600519.SH,2018-11-13,546.12,570.0,543.0,570.0,552.0,18.0,3.2609,66429.05,3695850.099
600519.SH,2018-11-14,569.96,569.96,552.55,555.1,570.0,-14.9,-2.614,41766.83,2331999.884
600519.SH,2018-11-15,558.8,564.8,555.5,559.7,555.1,4.6,0.8287,30833.4,1728199.015
600519.SH,2018-11-16,561.0,566.0,558.03,560.0,559.7,0.3,0.0536,28938.79,1625453.517
600519.SH,2018-11-19,560.3,572.0,559.11,569.02,560.0,9.02,1.6107,36179.25,2052509.531
600519.SH,2018-11-20,565.0,568.0,560.0,561.6,569.02,-7.42,-1.304,26943.26,1514353.125
600519.SH,2018-11-21,554.0,568.9,553.68,564.7,561.6,3.1,0.552,27107.3,1527915.052
600519.SH,2018-11-22,565.15,567.33,558.0,564.5,564.7,-0.2,-0.0354,21213.33,1193347.565
600519.SH,2018-11-23,564.0,567.3,556.9,556.9,564.5,-7.6,-1.3463,20126.21,1126652.921
600519.SH,2018-11-26,558.0,560.2,552.0,552.11,556.9,-4.79,-0.8601,19120.19,1063536.979
600519.SH,2018-11-27,552.0,554.99,546.5,548.1,552.11,-4.01,-0.7263,20233.82,1112920.631
600519.SH,2018-11-28,550.85,559.19,545.5,557.0,548.1,8.9,1.6238,27737.93,1535544.366
600519.SH,2018-11-29,566.03,569.8,549.01,551.6,557.0,-5.4,-0.9695,45069.45,2524752.31
600519.SH,2018-11-30,557.0,568.89,553.0,565.0,551.6,13.4,2.4293,49010.46,2762808.219
600519.SH,2018-12-03,589.0,605.0,584.77,601.2,565.0,36.2,6.4071,83414.68,4964130.146
600519.SH,2018-12-04,602.99,604.26,595.0,602.23,601.2,1.03,0.1713,31473.88,1888148.735
600519.SH,2018-12-05,597.5,616.5,595.0,610.1,602.23,7.87,1.3068,41588.19,2523641.849
600519.SH,2018-12-06,600.0,605.98,590.36,591.8,610.1,-18.3,-2.9995,37758.07,2250440.655
600519.SH,2018-12-07,595.6,598.86,584.7,587.0,591.8,-4.8,-0.8111,26841.67,1583970.32
600519.SH,2018-12-10,576.0,587.5,574.18,577.23,587.0,-9.77,-1.6644,24640.68,1427993.218
600519.SH,2018-12-11,577.0,586.55,577.0,582.99,577.23,5.76,0.9979,16316.6,949962.155
600519.SH,2018-12-12,588.79,589.2,582.8,589.0,582.99,6.01,1.0309,19921.54,1168089.518
600519.SH,2018-12-13,590.0,606.88,589.6,601.75,589.0,12.75,2.1647,40399.41,2427823.194
600519.SH,2018-12-14,598.01,599.8,592.0,592.96,601.75,-8.79,-1.4607,24554.48,1461585.126
600519.SH,2018-12-17,592.57,595.97,585.01,590.52,592.96,-2.44,-0.4115,24895.85,1466942.952
600519.SH,2018-12-18,585.88,591.54,585.0,590.94,590.52,0.42,0.0711,19222.18,1130221.286
600519.SH,2018-12-19,589.0,590.99,576.03,577.8,590.94,-13.14,-2.2236,25715.96,1501321.336
600519.SH,2018-12-20,576.22,581.5,568.89,574.5,577.8,-3.3,-0.5711,26940.98,1549600.76
600519.SH,2018-12-21,571.0,573.45,562.21,567.41,574.5,-7.09,-1.2341,30640.43,1736537.277
600519.SH,2018-12-24,563.5,570.91,558.0,568.0,567.41,0.59,0.104,19109.86,1080787.424
600519.SH,2018-12-25,562.22,567.5,553.61,565.79,568.0,-2.21,-0.3891,26592.86,1490157.587
600519.SH,2018-12-26,563.81,568.4,558.0,560.08,565.79,-5.71,-1.0092,17866.2,1005617.678
600519.SH,2018-12-27,570.0,571.85,562.22,563.0,560.08,2.92,0.5214,29493.57,1670211.285
600519.SH,2018-12-28,563.3,596.4,560.0,590.01,563.0,27.01,4.7975,63678.37,3705150.49
600519.SH,2019-01-02,609.98,612.0,595.01,598.98,590.01,8.97,1.5203,62286.49,3754387.984
600519.SH,2019-01-03,599.97,601.66,585.8,590.0,598.98,-8.98,-1.4992,30977.35,1838179.174
600519.SH,2019-01-04,587.28,607.67,582.02,602.0,590.0,12.0,2.0339,37683.47,2258501.484
600519.SH,2019-01-07,608.0,612.0,602.22,605.49,602.0,3.49,0.5797,34750.13,2105981.461
600519.SH,2019-01-08,605.5,612.0,600.28,604.79,605.49,-0.7,-0.1156,28838.13,1750413.219
600519.SH,2019-01-09,609.99,626.16,609.04,616.12,604.79,11.33,1.8734,49892.27,3084214.779
600519.SH,2019-01-10,617.13,624.88,610.25,618.77,616.12,2.65,0.4301,29043.9,1797683.134
600519.SH,2019-01-11,625.0,637.0,618.75,635.88,618.77,17.11,2.7652,38884.21,2445929.483
600519.SH,2019-01-14,633.0,635.89,621.55,624.6,635.88,-11.28,-1.7739,25648.9,1606308.126
600519.SH,2019-01-15,627.86,661.5,625.0,659.98,624.6,35.38,5.6644,55764.85,3613919.068
600519.SH,2019-01-16,658.0,665.65,653.6,661.1,659.98,1.12,0.1697,42083.64,2775103.93
600519.SH,2019-01-17,663.0,669.7,655.8,659.25,661.1,-1.85,-0.2798,30284.76,2004454.115
600519.SH,2019-01-18,665.0,690.2,661.5,683.61,659.25,24.36,3.6951,68609.18,4647515.824
600519.SH,2019-01-21,690.0,698.88,681.88,686.98,683.61,3.37,0.493,47051.93,3242615.722
600519.SH,2019-01-22,686.0,686.0,665.22,671.0,686.98,-15.98,-2.3261,42122.21,2834735.031
600519.SH,2019-01-23,667.22,674.5,663.13,665.66,671.0,-5.34,-0.7958,33624.81,2247371.221
600519.SH,2019-01-24,670.3,677.83,664.68,672.5,665.66,6.84,1.0276,29155.27,1960227.058
600519.SH,2019-01-25,675.88,684.9,669.93,679.7,672.5,7.2,1.0706,28986.35,1966232.09
600519.SH,2019-01-28,684.0,693.98,676.03,677.0,679.7,-2.7,-0.3972,36102.87,2476277.972
600519.SH,2019-01-29,677.5,688.0,668.0,685.0,677.0,8.0,1.1817,30342.59,2069407.513
600519.SH,2019-01-30,684.99,686.22,676.0,676.0,685.0,-9.0,-1.3139,22699.96,1545353.573
600519.SH,2019-01-31,680.0,689.6,677.56,689.6,676.0,13.6,2.0118,36696.57,2515374.97
600519.SH,2019-02-01,697.04,699.0,689.61,692.67,689.6,3.07,0.4452,30520.62,2121326.14
600519.SH,2019-02-11,695.0,729.5,688.18,725.3,692.67,32.63,4.7108,58140.75,4143849.806
600519.SH,2019-02-12,723.0,725.49,715.2,717.92,725.3,-7.38,-1.0175,35091.43,2521840.124
600519.SH,2019-02-13,723.0,736.16,717.22,735.25,717.92,17.33,2.4139,35677.06,2589623.528
600519.SH,2019-02-14,731.2,743.66,730.14,737.16,735.25,1.91,0.2598,32258.13,2375987.077
600519.SH,2019-02-15,734.88,734.88,723.02,724.78,737.16,-12.38,-1.6794,23237.98,1691515.518
600519.SH,2019-02-18,731.0,744.95,731.0,740.0,724.78,15.22,2.0999,37745.89,2787522.993
600519.SH,2019-02-19,740.96,742.5,726.66,730.76,740.0,-9.24,-1.2486,29501.5,2164408.781
600519.SH,2019-02-20,735.0,735.0,716.06,722.0,730.76,-8.76,-1.1988,37882.37,2742919.644
600519.SH,2019-02-21,720.0,730.48,717.0,720.25,722.0,-1.75,-0.2424,29850.4,2163554.333
600519.SH,2019-02-22,717.0,728.49,714.1,726.01,720.25,5.76,0.7997,25908.77,1867253.93
600519.SH,2019-02-25,730.75,744.44,717.99,742.33,726.01,16.32,2.2479,82622.59,6034261.367
600519.SH,2019-02-26,747.8,749.18,726.0,727.35,742.33,-14.98,-2.018,57964.66,4265279.124
600519.SH,2019-02-27,733.0,758.02,731.0,740.7,727.35,13.35,1.8354,65942.27,4908445.127
600519.SH,2019-02-28,737.9,763.42,736.95,755.01,740.7,14.31,1.932,56986.25,4289145.218
600519.SH,2019-03-01,761.5,790.0,761.0,789.3,755.01,34.29,4.5417,63840.23,4952509.171
600519.SH,2019-03-04,795.0,798.33,777.22,781.86,789.3,-7.44,-0.9426,84585.96,6661386.571
600519.SH,2019-03-05,785.0,789.55,775.88,779.78,781.86,-2.08,-0.266,44830.56,3501155.936
600519.SH,2019-03-06,775.0,779.5,765.88,768.0,779.78,-11.78,-1.5107,46731.37,3602140.487
600519.SH,2019-03-07,762.22,762.22,745.56,748.6,768.0,-19.4,-2.526,60180.53,4526351.877
600519.SH,2019-03-08,737.9,746.83,733.65,737.5,748.6,-11.1,-1.4828,52275.25,3868415.483
600519.SH,2019-03-11,740.04,766.95,740.04,758.54,737.5,21.04,2.8529,53057.24,4001728.73
600519.SH,2019-03-12,763.82,763.83,739.0,745.01,758.54,-13.53,-1.7837,52510.01,3946382.127
600519.SH,2019-03-13,745.5,760.75,745.5,754.0,745.01,8.99,1.2067,40561.36,3058080.906
600519.SH,2019-03-14,757.0,785.0,754.0,778.0,754.0,24.0,3.183,62172.56,4808607.656
600519.SH,2019-03-15,776.0,787.5,764.85,777.3,778.0,-0.7,-0.09,52400.71,4084798.328
600519.SH,2019-03-18,778.8,814.53,777.0,810.09,777.3,32.79,4.2184,81318.8,6499566.987
600519.SH,2019-03-19,803.0,807.92,792.3,792.61,810.09,-17.48,-2.1578,40634.93,3244967.39
600519.SH,2019-03-20,790.0,802.3,785.0,792.8,792.61,0.19,0.024,31117.52,2470811.128
600519.SH,2019-03-21,788.0,792.8,781.5,785.75,792.8,-7.05,-0.8893,32573.28,2558222.913
600519.SH,2019-03-22,788.22,799.98,785.0,794.0,785.75,8.25,1.05,30517.5,2420497.823
600519.SH,2019-03-25,786.0,788.0,773.3,775.6,794.0,-18.4,-2.3174,37270.46,2903744.159
600519.SH,2019-03-26,780.0,785.94,764.1,773.0,775.6,-2.6,-0.3352,37595.69,2914112.997
600519.SH,2019-03-27,781.0,793.88,775.0,788.5,773.0,15.5,2.0052,42807.39,3366132.247
600519.SH,2019-03-28,793.43,814.48,785.68,806.8,788.5,18.3,2.3209,57566.76,4615969.704
600519.SH,2019-03-29,835.0,866.68,830.17,853.99,806.8,47.19,5.849,90933.96,7702154.797
600519.SH,2019-04-01,860.0,868.95,851.0,859.0,853.99,5.01,0.5867,60934.61,5228521.999
600519.SH,2019-04-02,859.99,859.99,836.06,850.0,859.0,-9.0,-1.0477,53227.05,4496538.849
600519.SH,2019-04-03,840.12,851.74,834.21,844.5,850.0,-5.5,-0.6471,43056.8,3629854.319
600519.SH,2019-04-04,840.0,865.8,836.2,865.0,844.5,20.5,2.4275,55772.36,4763897.857
600519.SH,2019-04-08,900.0,908.0,890.12,900.2,865.0,35.2,4.0694,66251.93,5944780.639
600519.SH,2019-04-09,903.0,908.2,892.51,905.0,900.2,4.8,0.5332,47989.8,4308645.696
600519.SH,2019-04-10,903.0,951.9,900.0,947.99,905.0,42.99,4.7503,67814.38,6331858.748
600519.SH,2019-04-11,948.0,950.0,905.55,925.2,947.99,-22.79,-2.404,61102.54,5643817.564
600519.SH,2019-04-12,909.0,919.99,900.01,914.0,925.2,-11.2,-1.2105,48612.17,4419349.981
600519.SH,2019-04-15,931.0,939.0,907.0,907.0,914.0,-7.0,-0.7659,45522.64,4205548.308
600519.SH,2019-04-16,904.9,939.9,901.22,939.9,907.0,32.9,3.6273,46423.44,4297385.218
600519.SH,2019-04-17,938.0,955.51,925.0,952.0,939.9,12.1,1.2874,40761.02,3848216.557
600519.SH,2019-04-18,945.41,954.68,936.22,945.5,952.0,-6.5,-0.6828,19598.52,1853076.08
600519.SH,2019-04-19,943.96,960.95,931.31,952.56,945.5,7.06,0.7467,32379.78,3064971.032
600519.SH,2019-04-22,959.5,978.89,940.61,949.2,952.56,-3.36,-0.3527,40627.96,3897168.684
600519.SH,2019-04-23,951.0,981.22,949.2,974.95,949.2,25.75,2.7128,48852.05,4725480.295
600519.SH,2019-04-24,979.88,990.0,951.22,970.0,974.95,-4.95,-0.5077,45227.0,4383873.128
600519.SH,2019-04-25,968.79,973.99,951.22,952.37,970.0,-17.63,-1.8175,39801.34,3822767.525
600519.SH,2019-04-26,946.3,959.88,945.0,945.0,952.37,-7.37,-0.7739,43277.68,4119727.292
600519.SH,2019-04-29,945.0,989.0,935.0,971.97,945.0,26.97,2.854,52572.3,5086408.528
600519.SH,2019-04-30,968.0,984.96,963.11,974.0,971.97,2.03,0.2089,35943.18,3503937.512
600519.SH,2019-05-06,925.5,935.0,893.0,906.0,974.0,-68.0,-6.9815,135099.68,12299395.806
600519.SH,2019-05-07,893.28,913.94,870.22,890.0,906.0,-16.0,-1.766,100837.26,9045117.765
600519.SH,2019-05-08,860.0,901.8,860.0,884.4,890.0,-5.6,-0.6292,81882.98,7217709.507
600519.SH,2019-05-09,875.0,879.87,842.5,858.81,884.4,-25.59,-2.8935,91545.15,7863312.116
600519.SH,2019-05-10,875.66,910.78,868.19,907.12,858.81,48.31,5.6252,79907.38,7121198.718
600519.SH,2019-05-13,898.86,910.98,884.0,892.0,907.12,-15.12,-1.6668,46637.18,4179329.433
600519.SH,2019-05-14,885.0,906.0,873.0,886.57,892.0,-5.43,-0.6087,59983.12,5349455.647
600519.SH,2019-05-15,890.24,933.0,890.24,927.0,886.57,40.43,4.5603,63124.25,5778791.845
600519.SH,2019-05-16,919.0,932.0,905.0,929.91,927.0,2.91,0.3139,44540.12,4108281.95
600519.SH,2019-05-17,927.02,932.3,900.1,906.79,929.91,-23.12,-2.4863,49841.61,4551116.799
600519.SH,2019-05-20,900.0,900.0,871.0,884.96,906.79,-21.83,-2.4074,44407.99,3931645.928
600519.SH,2019-05-21,885.0,910.0,872.02,895.0,884.96,10.04,1.1345,42385.65,3791406.204
600519.SH,2019-05-22,894.98,904.0,880.0,888.0,895.0,-7.0,-0.7821,32041.58,2853872.828
600519.SH,2019-05-23,881.0,883.98,856.22,861.0,888.0,-27.0,-3.0405,58058.63,5062812.286
600519.SH,2019-05-24,865.0,885.0,864.44,878.5,861.0,17.5,2.0325,44034.09,3858962.204
600519.SH,2019-05-27,879.1,882.99,860.05,879.0,878.5,0.5,0.0569,39161.91,3417213.669
600519.SH,2019-05-28,877.99,907.49,875.02,888.0,879.0,9.0,1.0239,74772.77,6670856.081
600519.SH,2019-05-29,888.01,924.95,888.01,911.91,888.0,23.91,2.6926,65646.96,5963755.397
600519.SH,2019-05-30,910.0,919.99,891.22,905.3,911.91,-6.61,-0.7249,40247.2,3634187.681
600519.SH,2019-05-31,900.53,906.99,890.0,890.0,905.3,-15.3,-1.69,35793.8,3211384.923
600519.SH,2019-06-03,892.0,901.35,886.28,892.0,890.0,2.0,0.2247,34479.24,3076922.33
600519.SH,2019-06-04,895.0,895.43,871.0,875.3,892.0,-16.7,-1.8722,39689.48,3481384.251
600519.SH,2019-06-05,884.0,886.26,870.0,871.6,875.3,-3.7,-0.4227,34067.36,2988114.67
600519.SH,2019-06-06,875.62,875.77,858.0,862.13,871.6,-9.47,-1.0865,34786.85,3009567.792
600519.SH,2019-06-10,857.98,878.95,840.0,871.08,862.13,8.95,1.0381,55502.46,4790052.574
600519.SH,2019-06-11,876.0,915.61,875.0,910.89,871.08,39.81,4.5702,80106.44,7209086.88
600519.SH,2019-06-12,906.22,910.99,894.0,906.7,910.89,-4.19,-0.46,37747.4,3420899.273
600519.SH,2019-06-13,910.0,912.3,897.0,910.0,906.7,3.3,0.364,32917.42,2984741.685
600519.SH,2019-06-14,911.0,932.3,910.02,913.0,910.0,3.0,0.3297,42455.04,3905679.105
600519.SH,2019-06-17,907.0,926.94,906.02,911.6,913.0,-1.4,-0.1533,32769.03,3001512.189
600519.SH,2019-06-18,917.0,920.0,902.6,917.0,911.6,5.4,0.5924,29441.38,2687679.912
600519.SH,2019-06-19,940.0,946.7,932.01,932.01,917.0,15.01,1.6369,53726.4,5051192.622
600519.SH,2019-06-20,932.5,975.5,932.2,975.0,932.01,42.99,4.6126,67271.97,6468666.073
600519.SH,2019-06-21,969.97,984.49,964.5,976.3,975.0,1.3,0.1333,45926.75,4482726.902
600519.SH,2019-06-24,978.3,999.69,975.0,987.1,976.3,10.8,1.1062,45779.2,4532526.991
600519.SH,2019-06-25,992.0,999.0,967.0,982.98,987.1,-4.12,-0.4174,51295.95,5035624.42
600519.SH,2019-06-26,985.0,985.0,971.22,979.86,982.98,-3.12,-0.3174,29588.18,2896585.581
600519.SH,2019-06-27,985.0,1001.0,981.12,996.35,979.86,16.49,1.6829,47978.45,4772724.089
600519.SH,2019-06-28,985.99,988.88,971.33,984.0,981.81,2.19,0.2231,31088.4,3050739.277
600519.SH,2019-07-01,1004.52,1035.6,1000.22,1031.86,984.0,47.86,4.8638,52337.23,5325575.854
600519.SH,2019-07-02,1025.0,1029.5,1016.0,1025.0,1031.86,-6.86,-0.6648,39061.09,3989722.046
600519.SH,2019-07-03,1020.0,1023.0,981.5,987.9,1025.0,-37.1,-3.6195,67139.32,6717755.678
600519.SH,2019-07-04,985.8,990.8,971.22,981.2,987.9,-6.7,-0.6782,46216.68,4531686.001
600519.SH,2019-07-05,986.0,1006.0,976.3,999.82,981.2,18.62,1.8977,50032.71,4968920.475
600519.SH,2019-07-08,995.05,997.9,975.0,984.86,999.82,-14.96,-1.4963,33613.52,3313713.091
600519.SH,2019-07-09,979.3,989.0,968.35,976.06,984.86,-8.8,-0.8935,31723.32,3103986.405
600519.SH,2019-07-10,980.93,990.58,977.0,982.52,976.06,6.46,0.6618,28166.7,2774054.724
600519.SH,2019-07-11,989.96,998.38,976.0,981.5,982.52,-1.02,-0.1038,30514.19,3011117.079
600519.SH,2019-07-12,981.3,991.5,980.01,986.09,981.5,4.59,0.4677,28173.85,2778937.975
600519.SH,2019-07-15,967.8,980.1,951.13,975.93,986.09,-10.16,-1.0303,59870.4,5785726.59
600519.SH,2019-07-16,975.45,982.3,965.0,968.0,975.93,-7.93,-0.8126,33245.24,3226755.644
600519.SH,2019-07-17,968.0,972.99,962.13,963.5,968.0,-4.5,-0.4649,25468.87,2459954.487
600519.SH,2019-07-18,961.5,963.0,947.18,947.5,963.5,-16.0,-1.6606,39252.95,3748507.464
600519.SH,2019-07-19,955.0,960.8,948.0,955.87,947.5,8.37,0.8834,28014.81,2679887.449
600519.SH,2019-07-22,960.0,964.0,950.25,957.02,955.87,1.15,0.1203,28125.49,2695084.029
600519.SH,2019-07-23,962.3,962.59,943.86,953.98,957.02,-3.04,-0.3177,32483.95,3087319.264
600519.SH,2019-07-24,958.31,959.9,944.69,946.36,953.98,-7.62,-0.7988,46771.2,4450509.786
600519.SH,2019-07-25,945.97,963.36,938.15,963.0,946.36,16.64,1.7583,38255.7,3633246.146
600519.SH,2019-07-26,961.97,971.0,958.55,965.03,963.0,2.03,0.2108,26467.59,2556208.822
600519.SH,2019-07-29,962.03,979.5,960.01,976.41,965.03,11.38,1.1792,26981.33,2626793.557
600519.SH,2019-07-30,976.5,983.0,971.0,978.93,976.41,2.52,0.2581,19537.97,1911965.179
600519.SH,2019-07-31,975.0,981.77,966.59,972.6,978.93,-6.33,-0.6466,22526.2,2191909.987
600519.SH,2019-08-01,976.51,977.0,953.02,959.3,972.6,-13.3,-1.3675,35089.52,3385045.858
600519.SH,2019-08-02,944.0,957.98,943.0,954.45,959.3,-4.85,-0.5056,39719.4,3772328.947
600519.SH,2019-08-05,945.0,954.0,940.0,942.43,954.45,-12.02,-1.2594,36774.31,3473341.317
600519.SH,2019-08-06,931.0,948.0,923.8,946.3,942.43,3.87,0.4106,43991.16,4121445.01
600519.SH,2019-08-07,949.5,955.53,945.0,945.0,946.3,-1.3,-0.1374,26869.98,2553463.419
600519.SH,2019-08-08,953.5,974.0,952.0,971.68,945.0,26.68,2.8233,38808.13,3755086.99
600519.SH,2019-08-09,978.5,980.95,958.99,962.03,971.68,-9.65,-0.9931,28461.7,2760764.357
600519.SH,2019-08-12,1010.31,1020.1,995.01,1018.63,962.03,56.6,5.8834,81498.95,8208540.716
600519.SH,2019-08-13,1016.16,1026.0,1010.68,1017.95,1018.63,-0.68,-0.0668,30329.7,3088013.76
600519.SH,2019-08-14,1030.02,1051.9,1030.02,1043.33,1017.95,25.38,2.4932,41410.95,4327071.299
600519.SH,2019-08-15,1028.0,1046.48,1028.0,1044.9,1043.33,1.57,0.1505,27237.39,2821331.12
600519.SH,2019-08-16,1049.84,1075.58,1041.0,1054.6,1044.9,9.7,0.9283,36086.73,3822488.363
600519.SH,2019-08-19,1061.0,1069.98,1049.05,1055.88,1054.6,1.28,0.1214,32867.58,3471558.016
600519.SH,2019-08-20,1055.0,1073.68,1050.0,1070.0,1055.88,14.12,1.3373,28602.13,3038219.263
600519.SH,2019-08-21,1070.1,1076.97,1061.66,1066.0,1070.0,-4.0,-0.3738,25066.62,2678841.887
600519.SH,2019-08-22,1072.99,1104.0,1070.0,1104.0,1066.0,38.0,3.5647,37590.78,4099045.126
600519.SH,2019-08-23,1105.0,1133.56,1095.62,1130.1,1104.0,26.1,2.3641,40192.3,4495782.91
600519.SH,2019-08-26,1113.0,1128.0,1096.68,1102.95,1130.1,-27.15,-2.4024,48497.89,5382792.365
600519.SH,2019-08-27,1117.0,1131.31,1109.0,1109.0,1102.95,6.05,0.5485,52164.21,5830617.878
600519.SH,2019-08-28,1109.0,1123.19,1083.01,1100.11,1109.0,-8.89,-0.8016,47009.67,5169778.985
600519.SH,2019-08-29,1105.0,1118.18,1092.5,1113.1,1100.11,12.99,1.1808,29330.42,3247704.307
600519.SH,2019-08-30,1125.0,1146.0,1123.0,1142.0,1113.1,28.9,2.5964,44890.77,5093877.152
600519.SH,2019-09-02,1139.99,1144.98,1129.0,1138.76,1142.0,-3.24,-0.2837,28234.33,3210850.606
600519.SH,2019-09-03,1140.0,1151.02,1128.56,1140.0,1138.76,1.24,0.1089,29485.09,3358578.409
600519.SH,2019-09-04,1140.8,1142.91,1120.11,1125.01,1140.0,-14.99,-1.3149,33600.22,3785904.728
600519.SH,2019-09-05,1129.0,1144.9,1128.0,1144.0,1125.01,18.99,1.688,32930.84,3746608.087
600519.SH,2019-09-06,1144.5,1146.15,1131.0,1142.49,1144.0,-1.51,-0.132,26176.59,2978155.822
600519.SH,2019-09-09,1145.0,1148.0,1135.0,1136.52,1142.49,-5.97,-0.5225,29379.34,3346080.774
600519.SH,2019-09-10,1134.3,1135.0,1120.01,1123.85,1136.52,-12.67,-1.1148,26227.07,2952753.655
600519.SH,2019-09-11,1119.22,1119.97,1068.0,1069.52,1123.85,-54.33,-4.8343,81716.54,8904690.56
600519.SH,2019-09-12,1066.0,1109.98,1066.0,1099.0,1069.52,29.48,2.7564,41211.33,4498210.332
600519.SH,2019-09-16,1083.0,1103.95,1083.0,1099.0,1099.0,0.0,0.0,31371.8,3432292.113
600519.SH,2019-09-17,1094.0,1106.66,1087.0,1094.01,1099.0,-4.99,-0.454,25196.93,2767385.769
600519.SH,2019-09-18,1108.5,1150.0,1108.18,1148.9,1094.01,54.89,5.0173,69314.47,7899560.194
600519.SH,2019-09-19,1148.0,1150.0,1137.1,1145.0,1148.9,-3.9,-0.3395,24479.8,2800064.436
600519.SH,2019-09-20,1151.0,1160.0,1147.59,1157.42,1145.0,12.42,1.0847,37626.66,4346138.244
600519.SH,2019-09-23,1157.0,1157.0,1131.0,1149.0,1157.42,-8.42,-0.7275,30026.33,3431058.973
600519.SH,2019-09-24,1155.0,1184.9,1152.0,1184.0,1149.0,35.0,3.0461,36269.13,4259833.998
600519.SH,2019-09-25,1180.0,1188.87,1170.5,1174.0,1184.0,-10.0,-0.8446,24024.58,2832308.42
600519.SH,2019-09-26,1174.94,1183.35,1158.81,1167.0,1174.0,-7.0,-0.5963,26081.94,3050478.322
600519.SH,2019-09-27,1164.0,1183.0,1153.0,1174.75,1167.0,7.75,0.6641,22826.61,2671754.323
600519.SH,2019-09-30,1163.0,1169.43,1150.0,1150.0,1174.75,-24.75,-2.1068,30825.14,3565988.675
600519.SH,2019-10-08,1153.0,1180.0,1152.01,1167.1,1150.0,17.1,1.487,31045.27,3631091.491
600519.SH,2019-10-09,1166.2,1166.2,1135.05,1146.81,1167.1,-20.29,-1.7385,35788.57,4105282.379
600519.SH,2019-10-10,1127.0,1158.93,1109.02,1155.0,1146.81,8.19,0.7142,41173.7,4685560.483
600519.SH,2019-10-11,1157.0,1175.0,1152.21,1174.6,1155.0,19.6,1.697,28689.25,3343559.812
600519.SH,2019-10-14,1186.0,1187.66,1170.0,1180.0,1174.6,5.4,0.4597,27187.51,3209362.988
600519.SH,2019-10-15,1180.0,1215.68,1177.03,1211.0,1180.0,31.0,2.6271,40034.73,4806856.333
600519.SH,2019-10-16,1168.0,1187.5,1160.0,1170.0,1211.0,-41.0,-3.3856,59150.59,6935972.684
600519.SH,2019-10-17,1176.0,1186.66,1162.5,1183.33,1170.0,13.33,1.1393,30508.7,3578144.114
600519.SH,2019-10-18,1179.0,1189.99,1171.69,1175.79,1183.33,-7.54,-0.6372,28291.61,3335011.086
600519.SH,2019-10-21,1171.86,1178.9,1163.3,1168.5,1175.79,-7.29,-0.62,25274.67,2955023.935
600519.SH,2019-10-22,1178.0,1181.5,1163.89,1170.8,1168.5,2.3,0.1968,19309.43,2262188.262
600519.SH,2019-10-23,1168.0,1178.0,1156.11,1158.91,1170.8,-11.89,-1.0155,23080.21,2684922.174
600519.SH,2019-10-24,1164.95,1166.0,1147.16,1150.27,1158.91,-8.64,-0.7455,26178.44,3025245.582
600519.SH,2019-10-25,1153.3,1172.5,1143.03,1171.35,1150.27,21.08,1.8326,25998.45,3015928.985
600519.SH,2019-10-28,1166.01,1181.01,1165.0,1178.29,1171.35,6.94,0.5925,22485.99,2644563.044
600519.SH,2019-10-29,1181.11,1199.96,1177.77,1193.0,1178.29,14.71,1.2484,27803.71,3314271.728
600519.SH,2019-10-30,1190.0,1192.7,1176.0,1183.8,1193.0,-9.2,-0.7712,21254.75,2516524.166
600519.SH,2019-10-31,1196.0,1198.0,1176.15,1180.01,1183.8,-3.79,-0.3202,25909.27,3068884.874
600519.SH,2019-11-01,1181.0,1191.95,1172.5,1185.0,1180.01,4.99,0.4229,22811.96,2697638.375
600519.SH,2019-11-04,1190.0,1209.99,1189.0,1199.59,1185.0,14.59,1.2312,26737.98,3209264.033
600519.SH,2019-11-05,1199.5,1205.0,1192.0,1199.0,1199.59,-0.59,-0.0492,22254.72,2667596.023
600519.SH,2019-11-06,1197.0,1204.0,1188.88,1193.0,1199.0,-6.0,-0.5004,19737.51,2362005.422
600519.SH,2019-11-07,1196.51,1201.88,1189.0,1201.37,1193.0,8.37,0.7016,16167.88,1933203.877
600519.SH,2019-11-08,1205.0,1215.65,1201.51,1205.0,1201.37,3.63,0.3022,24512.11,2964133.776
600519.SH,2019-11-11,1201.5,1206.2,1193.51,1199.0,1205.0,-6.0,-0.4979,17342.46,2082060.83
600519.SH,2019-11-12,1204.0,1209.6,1198.21,1201.6,1199.0,2.6,0.2168,19150.55,2303205.539
600519.SH,2019-11-13,1207.0,1227.8,1200.0,1224.0,1201.6,22.4,1.8642,31977.04,3890666.569
600519.SH,2019-11-14,1227.0,1240.0,1222.0,1230.0,1224.0,6.0,0.4902,23521.12,2898399.7
600519.SH,2019-11-15,1230.0,1232.91,1221.5,1224.9,1230.0,-5.1,-0.4146,16340.72,2003665.313
600519.SH,2019-11-18,1225.12,1229.45,1218.0,1227.28,1224.9,2.38,0.1943,18037.66,2204546.132
600519.SH,2019-11-19,1228.0,1241.61,1225.02,1232.32,1227.28,5.04,0.4107,20623.75,2542105.913
600519.SH,2019-11-20,1230.0,1239.51,1228.06,1233.75,1232.32,1.43,0.116,15280.53,1884957.278
600519.SH,2019-11-21,1231.0,1235.51,1221.06,1231.3,1233.75,-2.45,-0.1986,19187.39,2356277.766
600519.SH,2019-11-22,1223.0,1229.0,1185.0,1194.0,1231.3,-37.3,-3.0293,47054.28,5677646.465
600519.SH,2019-11-25,1188.05,1194.0,1172.06,1182.06,1194.0,-11.94,-1.0,38281.75,4518778.939
600519.SH,2019-11-26,1186.68,1198.6,1183.0,1185.0,1182.06,2.94,0.2487,40239.61,4794179.893
600519.SH,2019-11-27,1192.8,1196.62,1184.51,1189.95,1185.0,4.95,0.4177,19848.81,2363839.726
600519.SH,2019-11-28,1194.97,1197.51,1169.02,1175.8,1189.95,-14.15,-1.1891,28844.99,3405325.549
600519.SH,2019-11-29,1165.5,1165.5,1112.89,1129.0,1175.8,-46.8,-3.9803,82397.32,9338326.554
600519.SH,2019-12-02,1118.2,1140.02,1118.2,1133.0,1129.0,4.0,0.3543,30784.41,3479717.421
600519.SH,2019-12-03,1133.0,1133.0,1117.74,1118.0,1133.0,-15.0,-1.3239,27340.93,3066695.648
600519.SH,2019-12-04,1140.0,1144.66,1118.0,1122.33,1118.0,4.33,0.3873,35283.08,3980511.004
600519.SH,2019-12-05,1125.0,1132.01,1118.0,1129.8,1122.33,7.47,0.6656,21338.79,2402503.47
600519.SH,2019-12-06,1135.97,1170.0,1130.1,1170.0,1129.8,40.2,3.5582,39506.26,4565643.688
600519.SH,2019-12-09,1175.0,1176.0,1156.1,1158.7,1170.0,-11.3,-0.9658,21824.12,2543532.527
600519.SH,2019-12-10,1159.6,1165.0,1151.0,1164.4,1158.7,5.7,0.4919,15086.58,1749356.289
600519.SH,2019-12-11,1168.0,1170.75,1155.55,1158.98,1164.4,-5.42,-0.4655,14567.99,1689987.674
600519.SH,2019-12-12,1156.0,1159.94,1130.08,1137.0,1158.98,-21.98,-1.8965,29409.16,3362699.683
600519.SH,2019-12-13,1146.0,1165.0,1146.0,1163.0,1137.0,26.0,2.2867,30000.59,3473927.971
600519.SH,2019-12-16,1163.0,1163.0,1137.94,1147.92,1163.0,-15.08,-1.2966,30936.42,3554133.64
600519.SH,2019-12-17,1149.7,1173.6,1143.03,1169.98,1147.92,22.06,1.9217,42616.96,4937041.95
600519.SH,2019-12-18,1174.0,1175.2,1164.0,1168.0,1169.98,-1.98,-0.1692,19640.09,2295963.803
600519.SH,2019-12-19,1163.0,1163.0,1152.0,1157.4,1168.0,-10.6,-0.9075,19552.3,2262598.597
600519.SH,2019-12-20,1162.18,1162.18,1141.5,1146.3,1157.4,-11.1,-0.959,23563.84,2703612.358
600519.SH,2019-12-23,1139.0,1162.5,1136.0,1149.3,1146.3,3.0,0.2617,25919.18,2981937.538
600519.SH,2019-12-24,1153.0,1155.0,1145.0,1148.0,1149.3,-1.3,-0.1131,11823.1,1358536.199
600519.SH,2019-12-25,1143.0,1143.0,1130.01,1133.7,1148.0,-14.3,-1.2456,24305.97,2755735.164
600519.SH,2019-12-26,1132.0,1141.98,1119.99,1135.1,1133.7,1.4,0.1235,22877.27,2585996.501
600519.SH,2019-12-27,1150.0,1172.0,1150.0,1163.0,1135.1,27.9,2.4579,47066.28,5486452.901
600519.SH,2019-12-30,1170.2,1195.5,1170.2,1185.8,1163.0,22.8,1.9604,40760.66,4827682.057
600519.SH,2019-12-31,1183.0,1188.0,1176.51,1183.0,1185.8,-2.8,-0.2361,22588.81,2666705.1
600519.SH,2020-01-02,1128.0,1145.06,1116.0,1130.0,1183.0,-53.0,-4.4801,148099.16,16696837.095
600519.SH,2020-01-03,1117.0,1117.0,1076.9,1078.56,1130.0,-51.44,-4.5522,130318.78,14266380.596
600519.SH,2020-01-06,1070.86,1092.9,1067.3,1077.99,1078.56,-0.57,-0.0528,63414.78,6853917.601
600519.SH,2020-01-07,1077.5,1099.0,1076.4,1094.53,1077.99,16.54,1.5343,47853.59,5220697.068
600519.SH,2020-01-08,1085.05,1095.5,1082.58,1088.14,1094.53,-6.39,-0.5838,25008.25,2720371.915
600519.SH,2020-01-09,1094.0,1105.39,1090.0,1102.7,1088.14,14.56,1.3381,37405.87,4110949.814
600519.SH,2020-01-10,1109.0,1115.99,1102.5,1112.5,1102.7,9.8,0.8887,35975.87,3993457.118
600519.SH,2020-01-13,1112.5,1129.2,1112.0,1124.27,1112.5,11.77,1.058,38515.75,4325687.959
600519.SH,2020-01-14,1124.2,1124.89,1103.0,1107.4,1124.27,-16.87,-1.5005,35144.65,3916300.79
600519.SH,2020-01-15,1109.01,1121.6,1105.0,1112.13,1107.4,4.73,0.4271,26029.11,2895603.674
600519.SH,2020-01-16,1118.87,1118.87,1102.58,1107.0,1112.13,-5.13,-0.4613,23191.65,2571593.141
600519.SH,2020-01-17,1110.0,1112.78,1101.01,1107.5,1107.0,0.5,0.0452,23472.75,2599645.144
600519.SH,2020-01-20,1111.86,1111.86,1082.0,1091.0,1107.5,-16.5,-1.4898,35391.3,3858246.844
600519.SH,2020-01-21,1081.0,1087.0,1072.3,1075.3,1091.0,-15.7,-1.439,32874.05,3542441.308
600519.SH,2020-01-22,1070.0,1084.0,1055.38,1075.51,1075.3,0.21,0.0195,36200.04,3875275.065
600519.SH,2020-01-23,1076.0,1076.0,1037.0,1052.8,1075.51,-22.71,-2.1116,53468.43,5638945.742
600519.SH,2020-02-03,985.0,1010.68,980.0,1003.92,1052.8,-48.88,-4.6429,123442.88,12314991.759
600519.SH,2020-02-04,1015.0,1057.0,1011.01,1038.01,1003.92,34.09,3.3957,62624.18,6490469.043
600519.SH,2020-02-05,1050.0,1054.0,1033.03,1049.99,1038.01,11.98,1.1541,47418.24,4956355.235
600519.SH,2020-02-06,1059.43,1075.0,1052.02,1071.0,1049.99,21.01,2.001,47171.21,5011246.407
600519.SH,2020-02-07,1070.01,1077.0,1061.02,1076.0,1071.0,5.0,0.4669,31278.71,3348894.576
600519.SH,2020-02-10,1062.0,1074.6,1057.2,1066.49,1076.0,-9.51,-0.8838,30533.42,3251908.506
600519.SH,2020-02-11,1063.0,1099.68,1062.8,1098.0,1066.49,31.51,2.9546,47917.93,5222918.915
600519.SH,2020-02-12,1089.0,1098.79,1085.88,1097.27,1098.0,-0.73,-0.0665,28125.43,3072293.973
600519.SH,2020-02-13,1098.0,1113.89,1088.01,1091.0,1097.27,-6.27,-0.5714,30357.36,3335277.425
600519.SH,2020-02-14,1090.45,1093.51,1083.11,1088.0,1091.0,-3.0,-0.275,23287.6,2534568.401
600519.SH,2020-02-17,1082.5,1096.19,1082.4,1093.82,1088.0,5.82,0.5349,27028.22,2946182.657
600519.SH,2020-02-18,1090.01,1096.88,1083.0,1084.0,1093.82,-9.82,-0.8978,26664.96,2897729.692
600519.SH,2020-02-19,1085.0,1101.5,1078.0,1096.5,1084.0,12.5,1.1531,37051.47,4052365.602
600519.SH,2020-02-20,1096.7,1124.0,1095.41,1118.0,1096.5,21.5,1.9608,46802.62,5220660.94
600519.SH,2020-02-21,1111.46,1123.54,1110.01,1112.88,1118.0,-5.12,-0.458,28940.08,3225337.16
600519.SH,2020-02-24,1105.5,1110.0,1085.5,1087.18,1112.88,-25.7,-2.3093,38650.36,4221857.466
600519.SH,2020-02-25,1078.0,1082.09,1067.88,1074.81,1087.18,-12.37,-1.1378,38385.62,4127432.13
600519.SH,2020-02-26,1062.0,1084.0,1055.0,1073.7,1074.81,-1.11,-0.1033,43560.97,4663278.433
600519.SH,2020-02-27,1076.0,1094.99,1076.0,1087.39,1073.7,13.69,1.275,34498.29,3758783.81
600519.SH,2020-02-28,1070.3,1082.0,1049.97,1057.0,1087.39,-30.39,-2.7948,49946.57,5307929.213
600519.SH,2020-03-02,1050.11,1096.55,1050.01,1086.01,1057.0,29.01,2.7446,47663.04,5154329.159
600519.SH,2020-03-03,1098.0,1118.88,1098.0,1113.0,1086.01,26.99,2.4852,50250.15,5585227.657
600519.SH,2020-03-04,1125.0,1139.0,1116.24,1128.92,1113.0,15.92,1.4304,53792.99,6080149.243
600519.SH,2020-03-05,1136.31,1174.99,1130.56,1171.0,1128.92,42.08,3.7275,62426.45,7210485.104
600519.SH,2020-03-06,1163.0,1176.0,1151.98,1155.5,1171.0,-15.5,-1.3237,30641.0,3553622.358
600519.SH,2020-03-09,1135.0,1135.0,1111.31,1114.01,1155.5,-41.49,-3.5907,43404.09,4865288.5
600519.SH,2020-03-10,1113.0,1168.0,1113.0,1156.0,1114.01,41.99,3.7693,58062.93,6635936.156
600519.SH,2020-03-11,1155.5,1169.58,1141.0,1158.52,1156.0,2.52,0.218,35547.57,4124607.952
600519.SH,2020-03-12,1141.22,1153.0,1125.1,1138.5,1158.52,-20.02,-1.7281,36630.63,4172606.105
600519.SH,2020-03-13,1090.0,1128.98,1080.0,1112.03,1138.5,-26.47,-2.325,75885.31,8348496.48
600519.SH,2020-03-16,1103.98,1107.95,1062.0,1067.0,1112.03,-45.03,-4.0494,51232.54,5548946.745
600519.SH,2020-03-17,1055.0,1078.0,1011.12,1045.1,1067.0,-21.9,-2.0525,79359.12,8277472.787
600519.SH,2020-03-18,1040.0,1060.0,1007.99,1007.99,1045.1,-37.11,-3.5509,73459.88,7582762.547
600519.SH,2020-03-19,993.99,1015.0,960.1,996.0,1007.99,-11.99,-1.1895,102265.07,10075880.47
600519.SH,2020-03-20,1011.0,1043.0,1011.0,1035.28,996.0,39.28,3.9438,60139.19,6169094.444
600519.SH,2020-03-23,1000.0,1035.28,991.52,1019.0,1035.28,-16.28,-1.5725,48472.1,4918121.944
600519.SH,2020-03-24,1043.0,1058.88,1035.0,1056.0,1019.0,37.0,3.631,46650.96,4900364.144
600519.SH,2020-03-25,1087.98,1091.36,1074.2,1080.1,1056.0,24.1,2.2822,37048.66,4015061.222
600519.SH,2020-03-26,1073.33,1091.2,1062.0,1064.92,1080.1,-15.18,-1.4054,30048.56,3231754.298
600519.SH,2020-03-27,1085.0,1092.0,1075.01,1075.5,1064.92,10.58,0.9935,36261.12,3931759.353
600519.SH,2020-03-30,1060.25,1077.0,1057.0,1072.0,1075.5,-3.5,-0.3254,30687.41,3279823.025
600519.SH,2020-03-31,1082.0,1115.0,1081.8,1111.0,1072.0,39.0,3.6381,47984.37,5293170.703
600519.SH,2020-04-01,1117.0,1129.0,1103.0,1103.0,1111.0,-8.0,-0.7201,33205.35,3700184.247
600519.SH,2020-04-02,1104.0,1145.0,1103.88,1145.0,1103.0,42.0,3.8078,45205.61,5095167.594
600519.SH,2020-04-03,1139.03,1147.96,1131.98,1139.79,1145.0,-5.21,-0.455,27617.61,3148421.866
600519.SH,2020-04-07,1161.95,1166.5,1148.89,1159.95,1139.79,20.16,1.7687,43488.0,5041525.481
600519.SH,2020-04-08,1152.0,1166.31,1152.0,1159.76,1159.95,-0.19,-0.0164,24224.42,2809422.1
600519.SH,2020-04-09,1166.0,1169.0,1147.96,1158.5,1159.76,-1.26,-0.1086,22816.97,2640230.492
600519.SH,2020-04-10,1157.88,1181.5,1153.5,1165.0,1158.5,6.5,0.5611,27804.34,3252600.672
600519.SH,2020-04-13,1165.0,1169.98,1148.5,1162.3,1165.0,-2.7,-0.2318,15981.47,1854563.731
600519.SH,2020-04-14,1176.0,1191.55,1166.0,1185.1,1162.3,22.8,1.9616,36799.55,4340858.665
600519.SH,2020-04-15,1192.0,1203.99,1187.1,1189.6,1185.1,4.5,0.3797,29332.29,3501318.26
600519.SH,2020-04-16,1192.97,1197.1,1184.1,1197.1,1189.6,7.5,0.6305,21727.74,2588431.844
600519.SH,2020-04-17,1210.0,1234.56,1205.01,1226.0,1197.1,28.9,2.4142,38245.69,4676618.151
600519.SH,2020-04-20,1221.0,1231.5,1216.8,1227.3,1226.0,1.3,0.106,24238.64,2963483.323
600519.SH,2020-04-21,1221.02,1223.99,1193.0,1200.0,1227.3,-27.3,-2.2244,29224.22,3517018.487
600519.SH,2020-04-22,1206.0,1249.5,1202.22,1244.5,1200.0,44.5,3.7083,44034.73,5430377.598
600519.SH,2020-04-23,1250.0,1265.68,1247.77,1252.26,1244.5,7.76,0.6235,26898.51,3377042.463
600519.SH,2020-04-24,1248.0,1259.89,1235.18,1250.56,1252.26,-1.7,-0.1358,19122.4,2390444.036
600519.SH,2020-04-27,1257.0,1278.17,1250.96,1276.0,1250.56,25.44,2.0343,25903.91,3284513.346
600519.SH,2020-04-28,1285.31,1299.94,1271.88,1279.13,1276.0,3.13,0.2453,34661.9,4458549.425
600519.SH,2020-04-29,1277.8,1288.1,1258.0,1274.9,1279.13,-4.23,-0.3307,23444.06,2976724.957
600519.SH,2020-04-30,1271.0,1285.01,1258.88,1265.7,1274.9,-9.2,-0.7216,24660.87,3134408.881
600519.SH,2020-05-06,1251.0,1300.0,1250.0,1300.0,1265.7,34.3,2.71,35834.81,4598589.768
600519.SH,2020-05-07,1299.4,1314.99,1293.0,1312.0,1300.0,12.0,0.9231,27934.74,3647628.296
600519.SH,2020-05-08,1317.0,1338.0,1308.51,1314.61,1312.0,2.61,0.1989,29078.68,3839218.026
600519.SH,2020-05-11,1320.0,1335.0,1313.67,1323.01,1314.61,8.4,0.639,23671.19,3135990.964
600519.SH,2020-05-12,1318.0,1334.99,1316.0,1333.0,1323.01,9.99,0.7551,19721.81,2621824.685
600519.SH,2020-05-13,1333.0,1337.99,1322.88,1335.95,1333.0,2.95,0.2213,22014.31,2931464.95
600519.SH,2020-05-14,1330.0,1334.88,1325.11,1326.59,1335.95,-9.36,-0.7006,18574.92,2467976.357
600519.SH,2020-05-15,1329.0,1333.5,1301.88,1313.0,1326.59,-13.59,-1.0244,26398.08,3469736.812
600519.SH,2020-05-18,1306.0,1351.5,1305.13,1346.21,1313.0,33.21,2.5293,34362.11,4587989.708
600519.SH,2020-05-19,1364.0,1364.0,1338.0,1346.11,1346.21,-0.1,-0.0074,24787.46,3342210.487
600519.SH,2020-05-20,1346.11,1359.18,1336.81,1351.0,1346.11,4.89,0.3633,21183.4,2859455.106
600519.SH,2020-05-21,1355.0,1371.96,1352.86,1366.1,1351.0,15.1,1.1177,23051.58,3147105.462
600519.SH,2020-05-22,1366.0,1366.1,1322.88,1328.2,1366.1,-37.9,-2.7743,34427.46,4608696.074
600519.SH,2020-05-25,1330.0,1366.58,1321.0,1362.9,1328.2,34.7,2.6126,31561.0,4260387.678
600519.SH,2020-05-26,1369.88,1369.95,1355.0,1358.0,1362.9,-4.9,-0.3595,22470.19,3056188.321
600519.SH,2020-05-27,1359.0,1360.0,1333.0,1338.0,1358.0,-20.0,-1.4728,26777.41,3596654.307
600519.SH,2020-05-28,1337.97,1346.94,1321.13,1344.0,1338.0,6.0,0.4484,26485.91,3536546.893
600519.SH,2020-05-29,1332.1,1369.98,1332.1,1366.6,1344.0,22.6,1.6815,30444.35,4144247.222
600519.SH,2020-06-01,1381.0,1420.1,1381.0,1419.5,1366.6,52.9,3.8709,35479.76,4986178.912
600519.SH,2020-06-02,1416.01,1427.9,1406.66,1410.71,1419.5,-8.79,-0.6192,25960.1,3679210.598
600519.SH,2020-06-03,1415.0,1417.5,1395.77,1399.3,1410.71,-11.41,-0.8088,23557.36,3308382.799
600519.SH,2020-06-04,1396.0,1411.0,1396.0,1407.99,1399.3,8.69,0.621,18037.41,2534459.742
600519.SH,2020-06-05,1405.25,1428.88,1401.08,1425.0,1407.99,17.01,1.2081,18347.06,2597524.609
600519.SH,2020-06-08,1425.0,1435.0,1402.01,1406.1,1425.0,-18.9,-1.3263,29300.45,4145298.455
600519.SH,2020-06-09,1408.0,1425.0,1400.68,1416.55,1406.1,10.45,0.7432,22611.91,3199849.66
600519.SH,2020-06-10,1425.0,1433.33,1417.0,1423.66,1416.55,7.11,0.5019,22700.74,3234843.851
600519.SH,2020-06-11,1411.01,1417.99,1396.99,1400.46,1423.66,-23.2,-1.6296,30711.71,4314846.228
600519.SH,2020-06-12,1387.17,1416.37,1383.31,1416.37,1400.46,15.91,1.1361,28427.42,3992323.389
600519.SH,2020-06-15,1402.0,1411.6,1381.0,1383.0,1416.37,-33.37,-2.356,34615.41,4819512.189
600519.SH,2020-06-16,1398.5,1414.0,1393.13,1403.88,1383.0,20.88,1.5098,29206.64,4099718.932
600519.SH,2020-06-17,1411.86,1411.9,1395.02,1405.0,1403.88,1.12,0.0798,19453.07,2730097.12
600519.SH,2020-06-18,1404.9,1413.2,1400.1,1413.0,1405.0,8.0,0.5694,21010.41,2956800.081
600519.SH,2020-06-19,1420.0,1445.2,1415.1,1439.84,1413.0,26.84,1.8995,38958.33,5603232.657
600519.SH,2020-06-22,1435.1,1443.89,1433.2,1439.0,1439.84,-0.84,-0.0583,23247.0,3343536.637
600519.SH,2020-06-23,1435.0,1482.0,1433.52,1474.5,1439.0,35.5,2.467,33934.26,4963194.685
600519.SH,2020-06-24,1463.6,1465.71,1445.0,1460.01,1457.48,2.53,0.1736,25138.99,3663537.115
600519.SH,2020-06-29,1448.0,1466.0,1437.01,1463.17,1460.01,3.16,0.2164,28080.61,4064048.236
600519.SH,2020-06-30,1463.12,1468.98,1455.12,1462.88,1463.17,-0.29,-0.0198,22446.14,3281641.199
600519.SH,2020-07-01,1468.0,1506.1,1464.02,1494.27,1462.88,31.39,2.1458,38682.49,5759640.251
600519.SH,2020-07-02,1499.0,1550.9,1495.0,1544.0,1494.27,49.73,3.328,45883.72,7014289.615
600519.SH,2020-07-03,1550.0,1552.5,1516.88,1541.79,1544.0,-2.21,-0.1431,35125.81,5395637.032
600519.SH,2020-07-06,1538.0,1616.0,1531.81,1600.0,1541.79,58.21,3.7755,51821.96,8228068.998
600519.SH,2020-07-07,1603.09,1744.82,1601.0,1688.0,1600.0,88.0,5.5,66663.93,11219852.098
600519.SH,2020-07-08,1680.0,1719.0,1660.0,1681.34,1688.0,-6.66,-0.3945,53169.98,8963189.092
600519.SH,2020-07-09,1691.0,1712.0,1682.0,1706.0,1681.34,24.66,1.4667,35033.24,5951732.803
600519.SH,2020-07-10,1689.0,1736.6,1688.94,1713.85,1706.0,7.85,0.4601,37100.44,6352507.468
600519.SH,2020-07-13,1714.68,1787.0,1714.68,1781.99,1713.85,68.14,3.9758,60727.16,10679460.274
600519.SH,2020-07-14,1781.99,1782.03,1748.4,1762.0,1781.99,-19.99,-1.1218,46093.51,8135834.91
600519.SH,2020-07-15,1744.88,1782.6,1744.71,1752.53,1762.0,-9.47,-0.5375,40712.94,7176560.649
600519.SH,2020-07-16,1729.91,1729.91,1600.0,1614.0,1752.53,-138.53,-7.9046,102242.19,16901373.196
600519.SH,2020-07-17,1620.0,1672.59,1620.0,1648.05,1614.0,34.05,2.1097,65902.06,10863420.089
600519.SH,2020-07-20,1652.5,1663.99,1588.88,1636.96,1648.05,-11.09,-0.6729,45280.33,7363822.989
600519.SH,2020-07-21,1646.64,1702.8,1630.99,1668.0,1636.96,31.04,1.8962,41969.5,7026353.151
600519.SH,2020-07-22,1658.0,1710.0,1658.0,1678.08,1668.0,10.08,0.6043,39201.21,6637265.372
600519.SH,2020-07-23,1672.0,1691.0,1650.0,1676.0,1678.08,-2.08,-0.124,34320.52,5739050.333
600519.SH,2020-07-24,1654.85,1666.0,1585.0,1595.3,1676.0,-80.7,-4.815,78752.01,12705941.887
600519.SH,2020-07-27,1616.01,1629.8,1600.0,1622.55,1595.3,27.25,1.7081,38788.17,6279664.444
600519.SH,2020-07-28,1630.0,1680.0,1630.0,1670.0,1622.55,47.45,2.9244,54911.52,9133721.867
600519.SH,2020-07-29,1690.0,1690.0,1633.0,1672.0,1670.0,2.0,0.1198,50748.43,8411789.967
600519.SH,2020-07-30,1671.2,1700.59,1670.5,1680.0,1672.0,8.0,0.4785,38373.04,6486855.475
600519.SH,2020-07-31,1685.0,1705.0,1646.0,1678.18,1680.0,-1.82,-0.1083,40684.74,6846747.33
600519.SH,2020-08-03,1686.88,1696.58,1660.0,1668.0,1678.18,-10.18,-0.6066,34661.14,5790041.422
600519.SH,2020-08-04,1675.0,1682.99,1660.0,1669.99,1668.0,1.99,0.1193,31940.51,5337185.768
600519.SH,2020-08-05,1662.09,1673.09,1643.31,1668.0,1669.99,-1.99,-0.1192,25521.69,4236612.469
600519.SH,2020-08-06,1670.0,1674.03,1630.0,1637.96,1668.0,-30.04,-1.801,32648.78,5372942.645
600519.SH,2020-08-07,1644.77,1649.67,1598.5,1631.0,1637.96,-6.96,-0.4249,34242.05,5560065.753
600519.SH,2020-08-10,1627.97,1644.96,1608.11,1633.99,1631.0,2.99,0.1833,23623.54,3857721.122
600519.SH,2020-08-11,1640.0,1666.43,1640.0,1642.51,1633.99,8.52,0.5214,35818.18,5936904.876
600519.SH,2020-08-12,1633.0,1641.0,1605.25,1626.95,1642.51,-15.56,-0.9473,27933.92,4529267.493
600519.SH,2020-08-13,1630.0,1638.88,1609.0,1635.0,1626.95,8.05,0.4948,20541.34,3341652.186
600519.SH,2020-08-14,1639.9,1665.7,1631.0,1661.0,1635.0,26.0,1.5902,37653.18,6230475.427
600519.SH,2020-08-17,1674.0,1704.35,1670.0,1690.0,1661.0,29.0,1.7459,43572.01,7363610.867
600519.SH,2020-08-18,1697.38,1720.0,1691.0,1705.0,1690.0,15.0,0.8876,30422.81,5192751.797
600519.SH,2020-08-19,1700.0,1717.0,1682.99,1687.0,1705.0,-18.0,-1.0557,26914.98,4578143.762
600519.SH,2020-08-20,1674.0,1679.0,1656.0,1664.0,1687.0,-23.0,-1.3634,22382.33,3727183.935
600519.SH,2020-08-21,1673.0,1698.0,1671.0,1676.0,1664.0,12.0,0.7212,25082.41,4217048.42
600519.SH,2020-08-24,1700.0,1708.0,1691.01,1696.35,1676.0,20.35,1.2142,30933.44,5260286.523
600519.SH,2020-08-25,1704.8,1746.78,1698.63,1727.0,1696.35,30.65,1.8068,41872.49,7227309.774
600519.SH,2020-08-26,1734.0,1745.0,1715.02,1727.0,1727.0,0.0,0.0,26215.73,4530374.186
600519.SH,2020-08-27,1731.99,1733.98,1705.0,1731.0,1727.0,4.0,0.2316,22635.53,3896759.446
600519.SH,2020-08-28,1731.0,1764.0,1721.5,1757.0,1731.0,26.0,1.502,42299.62,7389242.302
600519.SH,2020-08-31,1770.58,1816.0,1770.58,1786.5,1757.0,29.5,1.679,47810.36,8608932.57
600519.SH,2020-09-01,1792.0,1802.0,1775.01,1801.98,1786.5,15.48,0.8665,31639.92,5661594.315
600519.SH,2020-09-02,1825.0,1828.0,1770.0,1795.0,1801.98,-6.98,-0.3874,32009.29,5746351.923
600519.SH,2020-09-03,1795.0,1812.0,1779.7,1793.0,1795.0,-2.0,-0.1114,30437.35,5471333.88
600519.SH,2020-09-04,1766.0,1776.99,1746.0,1770.0,1793.0,-23.0,-1.2828,30857.96,5433479.408
600519.SH,2020-09-07,1760.0,1777.99,1703.97,1723.5,1770.0,-46.5,-2.6271,31112.02,5446354.619
600519.SH,2020-09-08,1732.0,1737.8,1677.07,1711.4,1723.5,-12.1,-0.7021,34472.38,5865962.724
600519.SH,2020-09-09,1699.67,1711.0,1680.04,1688.0,1711.4,-23.4,-1.3673,25963.55,4401806.095
600519.SH,2020-09-10,1703.74,1720.0,1700.0,1705.8,1688.0,17.8,1.0545,24778.33,4236694.402
600519.SH,2020-09-11,1688.0,1736.0,1688.0,1733.0,1705.8,27.2,1.5946,31088.0,5339883.408
600519.SH,2020-09-14,1745.0,1769.0,1730.58,1766.0,1733.0,33.0,1.9042,31056.01,5448188.995
600519.SH,2020-09-15,1769.99,1769.99,1747.75,1760.0,1766.0,-6.0,-0.3398,20820.87,3654872.009
600519.SH,2020-09-16,1760.0,1764.81,1719.0,1725.1,1760.0,-34.9,-1.983,22515.98,3916457.762
600519.SH,2020-09-17,1700.0,1700.0,1658.0,1670.52,1725.1,-54.58,-3.1639,63679.85,10683350.187
600519.SH,2020-09-18,1665.0,1695.0,1635.01,1695.0,1670.52,24.48,1.4654,47201.4,7853673.241
600519.SH,2020-09-21,1692.76,1692.76,1666.66,1666.8,1695.0,-28.2,-1.6637,22444.07,3756765.108
600519.SH,2020-09-22,1650.0,1686.98,1650.0,1665.69,1666.8,-1.11,-0.0666,23265.47,3890070.212
600519.SH,2020-09-23,1635.0,1666.01,1621.02,1649.98,1665.69,-15.71,-0.9432,35725.52,5878691.069
600519.SH,2020-09-24,1635.97,1658.88,1626.8,1629.32,1649.98,-20.66,-1.2521,30050.78,4915392.273
600519.SH,2020-09-25,1630.0,1650.0,1625.0,1635.11,1629.32,5.79,0.3554,22582.96,3700843.486
600519.SH,2020-09-28,1635.19,1668.5,1635.19,1661.0,1635.11,25.89,1.5834,24232.22,4019640.15
600519.SH,2020-09-29,1669.33,1669.4,1652.3,1652.3,1661.0,-8.7,-0.5238,17430.78,2895081.366
600519.SH,2020-09-30,1660.0,1691.9,1660.0,1668.5,1652.3,16.2,0.9805,27087.81,4536012.54
600519.SH,2020-10-09,1692.0,1706.42,1688.0,1696.0,1668.5,27.5,1.6482,34239.88,5817280.605
600519.SH,2020-10-12,1700.0,1750.61,1700.0,1750.61,1696.0,54.61,3.2199,43729.04,7597987.786
600519.SH,2020-10-13,1750.62,1750.62,1735.0,1739.0,1750.61,-11.61,-0.6632,22943.89,3995560.518
600519.SH,2020-10-14,1740.0,1746.98,1726.0,1729.0,1739.0,-10.0,-0.575,20481.39,3554316.589
600519.SH,2020-10-15,1721.13,1735.0,1721.0,1725.0,1729.0,-4.0,-0.2313,16204.36,2801250.556
600519.SH,2020-10-16,1725.0,1734.58,1703.0,1712.0,1725.0,-13.0,-0.7536,17377.38,2991246.892
600519.SH,2020-10-19,1725.0,1733.98,1691.9,1699.0,1712.0,-13.0,-0.7593,19226.32,3284383.415
600519.SH,2020-10-20,1699.99,1734.97,1695.0,1734.0,1699.0,35.0,2.06,27734.93,4787807.536
600519.SH,2020-10-21,1734.1,1742.15,1723.0,1733.33,1734.0,-0.67,-0.0386,18901.37,3275357.44
600519.SH,2020-10-22,1730.0,1745.0,1715.51,1742.5,1733.33,9.17,0.529,22480.87,3897729.793
600519.SH,2020-10-23,1740.78,1747.59,1714.0,1715.33,1742.5,-27.17,-1.5593,19291.69,3339987.454
600519.SH,2020-10-26,1619.0,1662.92,1600.0,1643.0,1715.33,-72.33,-4.2167,66015.29,10821908.227
600519.SH,2020-10-27,1643.0,1644.0,1616.12,1625.0,1643.0,-18.0,-1.0956,43944.4,7156688.307
600519.SH,2020-10-28,1626.0,1677.0,1625.08,1664.81,1625.0,39.81,2.4498,34636.53,5739452.181
600519.SH,2020-10-29,1654.84,1708.0,1647.0,1676.0,1664.81,11.19,0.6721,39373.76,6633168.613
600519.SH,2020-10-30,1678.0,1696.0,1665.0,1670.02,1676.0,-5.98,-0.3568,26055.45,4379602.068
600519.SH,2020-11-02,1675.0,1695.0,1672.0,1674.01,1670.02,3.99,0.2389,21066.43,3544422.245
600519.SH,2020-11-03,1684.99,1705.9,1675.5,1695.0,1674.01,20.99,1.2539,23497.49,3976621.208
600519.SH,2020-11-04,1700.0,1704.0,1685.0,1699.58,1695.0,4.58,0.2702,16443.71,2788396.253
600519.SH,2020-11-05,1717.0,1732.48,1712.1,1721.9,1699.58,22.32,1.3133,23524.14,4053043.271
600519.SH,2020-11-06,1730.55,1731.59,1690.0,1700.62,1721.9,-21.28,-1.2358,23051.53,3932702.367
600519.SH,2020-11-09,1701.38,1750.68,1700.62,1742.57,1700.62,41.95,2.4667,41469.7,7198679.683
600519.SH,2020-11-10,1752.92,1764.48,1736.0,1745.0,1742.57,2.43,0.1394,30189.44,5287968.173
600519.SH,2020-11-11,1745.0,1777.5,1731.0,1731.35,1745.0,-13.65,-0.7822,34850.73,6122365.404
600519.SH,2020-11-12,1730.01,1750.0,1722.27,1734.79,1731.35,3.44,0.1987,23473.09,4071729.792
600519.SH,2020-11-13,1724.0,1728.88,1691.0,1705.0,1734.79,-29.79,-1.7172,28155.48,4791276.459
600519.SH,2020-11-16,1711.0,1730.05,1697.26,1730.05,1705.0,25.05,1.4692,30613.49,5247897.161
600519.SH,2020-11-17,1740.0,1742.35,1701.07,1715.8,1730.05,-14.25,-0.8237,25224.03,4355288.047
600519.SH,2020-11-18,1715.0,1720.53,1683.16,1693.65,1715.8,-22.15,-1.2909,35178.95,5973146.815
600519.SH,2020-11-19,1684.5,1725.0,1680.6,1720.19,1693.65,26.54,1.567,27815.76,4767508.753
600519.SH,2020-11-20,1720.0,1736.0,1712.65,1719.96,1720.19,-0.23,-0.0134,21874.66,3771894.859
600519.SH,2020-11-23,1771.01,1809.9,1771.01,1790.21,1719.96,70.25,4.0844,66637.24,11926870.595
600519.SH,2020-11-24,1769.99,1782.5,1751.47,1763.5,1790.21,-26.71,-1.492,32465.36,5736960.168
600519.SH,2020-11-25,1761.5,1768.88,1724.0,1726.88,1763.5,-36.62,-2.0766,28226.32,4910540.741
600519.SH,2020-11-26,1726.0,1739.99,1725.18,1734.39,1726.88,7.51,0.4349,23228.3,4027749.313
600519.SH,2020-11-27,1732.66,1740.03,1718.0,1737.9,1734.39,3.51,0.2024,21568.61,3737697.985
600519.SH,2020-11-30,1735.0,1738.9,1713.91,1713.91,1737.9,-23.99,-1.3804,31940.07,5520322.173
600519.SH,2020-12-01,1726.0,1738.99,1720.01,1737.0,1713.91,23.09,1.3472,28196.2,4891829.153
600519.SH,2020-12-02,1746.0,1749.0,1731.0,1738.01,1737.0,1.01,0.0581,23571.69,4101369.306
600519.SH,2020-12-03,1738.01,1755.66,1732.1,1749.0,1738.01,10.99,0.6323,29505.78,5147357.781
600519.SH,2020-12-04,1752.0,1800.1,1752.0,1793.11,1749.0,44.11,2.522,62491.19,11176048.847
600519.SH,2020-12-07,1802.7,1840.39,1800.55,1812.4,1793.11,19.29,1.0758,58331.33,10617305.104
600519.SH,2020-12-08,1815.0,1875.0,1813.0,1850.0,1812.4,37.6,2.0746,61454.0,11333352.154
600519.SH,2020-12-09,1865.95,1866.0,1839.0,1840.0,1850.0,-10.0,-0.5405,31152.12,5766037.609
600519.SH,2020-12-10,1840.0,1849.77,1828.0,1832.9,1840.0,-7.1,-0.3859,32653.54,6009239.911
600519.SH,2020-12-11,1834.78,1837.32,1804.81,1820.0,1832.9,-12.9,-0.7038,30775.79,5595359.665
600519.SH,2020-12-14,1827.77,1829.98,1815.0,1829.0,1820.0,9.0,0.4945,33052.0,6026813.428
600519.SH,2020-12-15,1833.5,1837.22,1805.0,1816.01,1829.0,-12.99,-0.7102,29604.97,5383582.284
600519.SH,2020-12-16,1830.5,1845.67,1820.21,1840.0,1816.01,23.99,1.321,32150.16,5901298.275
600519.SH,2020-12-17,1845.5,1868.0,1840.0,1865.51,1840.0,25.51,1.3864,36030.64,6683421.886
600519.SH,2020-12-18,1851.81,1869.01,1841.08,1845.0,1865.51,-20.51,-1.0994,27076.98,5020968.993
600519.SH,2020-12-21,1840.0,1851.23,1837.6,1842.5,1845.0,-2.5,-0.1355,30696.72,5663526.809
600519.SH,2020-12-22,1849.97,1898.99,1842.51,1881.0,1842.5,38.5,2.0896,40650.6,7618583.444
600519.SH,2020-12-23,1897.99,1906.2,1821.02,1841.65,1881.0,-39.35,-2.092,47706.09,8901002.262
600519.SH,2020-12-24,1818.0,1858.88,1795.02,1830.34,1841.65,-11.31,-0.6141,37857.14,6921989.374
600519.SH,2020-12-25,1802.99,1847.0,1800.0,1830.0,1830.34,-0.34,-0.0186,23088.05,4218997.634
600519.SH,2020-12-28,1826.6,1888.8,1826.05,1873.0,1830.0,43.0,2.3497,30080.37,5616528.738
600519.SH,2020-12-29,1873.0,1886.8,1855.0,1867.0,1873.0,-6.0,-0.3203,22867.59,4275994.834
600519.SH,2020-12-30,1870.0,1933.0,1869.99,1933.0,1867.0,66.0,3.5351,34452.1,6604461.376
600519.SH,2020-12-31,1941.0,1998.98,1939.0,1998.0,1933.0,65.0,3.3626,38860.07,7682300.728
600519.SH,2021-01-04,1999.98,2004.99,1983.81,1997.0,1998.0,-1.0,-0.0501,43514.0,8686920.261
600519.SH,2021-01-05,1990.0,2059.45,1982.46,2059.45,1997.0,62.45,3.1272,52116.05,10592557.37
600519.SH,2021-01-06,2064.8,2125.0,2036.03,2100.0,2059.45,40.55,1.969,47410.2,9882593.867
600519.SH,2021-01-07,2097.0,2140.0,2075.0,2140.0,2100.0,40.0,1.9048,37931.39,7991178.754
600519.SH,2021-01-08,2142.0,2150.88,2063.02,2090.0,2140.0,-50.0,-2.3364,53861.64,11345202.869
600519.SH,2021-01-11,2090.0,2150.5,2058.6,2099.73,2090.0,9.73,0.4656,51079.9,10768565.415
600519.SH,2021-01-12,2088.0,2160.9,2085.0,2160.9,2099.73,61.17,2.9132,41058.59,8800558.288
600519.SH,2021-01-13,2164.0,2173.33,2135.0,2164.0,2160.9,3.1,0.1435,34389.93,7418330.854
600519.SH,2021-01-14,2156.0,2163.0,2116.11,2134.0,2164.0,-30.0,-1.3863,36152.2,7722089.684
600519.SH,2021-01-15,2115.0,2134.35,2029.0,2082.0,2134.0,-52.0,-2.4367,59509.39,12372103.227
600519.SH,2021-01-18,2061.06,2091.48,2040.27,2063.0,2082.0,-19.0,-0.9126,39144.04,8076715.79
600519.SH,2021-01-19,2073.11,2096.3,2006.85,2009.41,2063.0,-53.59,-2.5977,46345.19,9479278.513
600519.SH,2021-01-20,2008.0,2055.49,1982.5,2040.63,2009.41,31.22,1.5537,45082.42,9126453.277
600519.SH,2021-01-21,2048.0,2090.02,2041.0,2070.0,2040.63,29.37,1.4393,38310.17,7953455.967
600519.SH,2021-01-22,2069.0,2100.0,2060.1,2079.95,2070.0,9.95,0.4807,29247.61,6090260.364
600519.SH,2021-01-25,2083.0,2179.5,2083.0,2175.0,2079.95,95.05,4.5698,55957.16,12029474.558
600519.SH,2021-01-26,2185.0,2187.0,2125.11,2141.89,2175.0,-33.11,-1.5223,31747.46,6820173.362
600519.SH,2021-01-27,2141.89,2141.89,2085.0,2089.0,2141.89,-52.89,-2.4693,37120.17,7809446.387
600519.SH,2021-01-28,2080.0,2109.66,2060.02,2088.0,2089.0,-1.0,-0.0479,35128.64,7337084.455
600519.SH,2021-01-29,2101.19,2149.48,2090.22,2116.18,2088.0,28.18,1.3496,33701.33,7166179.277
600519.SH,2021-02-01,2130.0,2160.0,2095.0,2109.32,2116.18,-6.86,-0.3242,29340.59,6219639.111
600519.SH,2021-02-02,2112.22,2149.99,2102.1,2145.0,2109.32,35.68,1.6915,34582.25,7372233.582
600519.SH,2021-02-03,2150.0,2198.27,2140.0,2189.91,2145.0,44.91,2.0937,38714.15,8384049.314
600519.SH,2021-02-04,2191.0,2330.0,2191.0,2320.85,2189.91,130.94,5.9792,63851.01,14596930.188
600519.SH,2021-02-05,2325.0,2364.6,2291.0,2313.0,2320.85,-7.85,-0.3382,39729.06,9253566.205
600519.SH,2021-02-08,2337.0,2378.88,2313.0,2368.8,2313.0,55.8,2.4125,35785.73,8420758.625
600519.SH,2021-02-09,2368.8,2456.43,2350.0,2456.43,2368.8,87.63,3.6993,33296.55,7972930.045
600519.SH,2021-02-10,2485.0,2601.2,2485.0,2601.0,2456.43,144.57,5.8854,61370.57,15675929.714
600519.SH,2021-02-18,2587.98,2627.88,2465.0,2471.0,2601.0,-130.0,-4.9981,65912.32,16704135.269
600519.SH,2021-02-19,2451.16,2496.66,2381.6,2460.0,2471.0,-11.0,-0.4452,59385.46,14525164.525
600519.SH,2021-02-22,2455.0,2455.0,2278.22,2288.02,2460.0,-171.98,-6.9911,78935.47,18498777.223
600519.SH,2021-02-23,2265.14,2344.89,2265.0,2307.0,2288.02,18.98,0.8295,57454.6,13316110.795
600519.SH,2021-02-24,2307.99,2318.0,2160.5,2189.0,2307.0,-118.0,-5.1149,82115.78,18195034.445
600519.SH,2021-02-25,2209.0,2224.5,2121.21,2150.0,2189.0,-39.0,-1.7816,59726.43,12982145.755
600519.SH,2021-02-26,2100.0,2179.95,2067.3,2122.78,2150.0,-27.22,-1.266,66525.06,14097015.494
600519.SH,2021-03-01,2179.0,2179.0,2120.0,2158.0,2122.78,35.22,1.6591,44916.26,9686945.529
600519.SH,2021-03-02,2180.0,2180.0,2033.0,2058.0,2158.0,-100.0,-4.6339,70764.5,14796698.646
600519.SH,2021-03-03,2040.0,2149.77,2033.0,2140.0,2058.0,82.0,3.9845,54215.46,11366685.429
600519.SH,2021-03-04,2095.0,2096.0,2010.1,2033.0,2140.0,-107.0,-5.0,65088.29,13297304.316
600519.SH,2021-03-05,2000.0,2095.0,1988.0,2060.11,2033.0,27.11,1.3335,63779.2,13100315.985
600519.SH,2021-03-08,2074.96,2085.0,1960.0,1960.0,2060.11,-100.11,-4.8594,63099.59,12724245.99
600519.SH,2021-03-09,1955.0,2000.0,1900.18,1936.99,1960.0,-23.01,-1.174,82265.81,16100769.579
600519.SH,2021-03-10,1977.0,1999.87,1967.0,1970.01,1936.99,33.02,1.7047,51171.74,10136910.284
600519.SH,2021-03-11,1975.0,2079.99,1961.48,2048.0,1970.01,77.99,3.9589,56768.97,11521736.384
600519.SH,2021-03-12,2070.0,2077.0,2002.01,2026.0,2048.0,-22.0,-1.0742,40322.51,8181594.631
600519.SH,2021-03-15,2050.0,2069.8,1951.15,1975.45,2026.0,-50.55,-2.4951,62484.87,12459955.712
600519.SH,2021-03-16,1974.93,2019.99,1965.0,2010.5,1975.45,35.05,1.7743,34648.5,6918600.717
600519.SH,2021-03-17,2000.0,2050.0,1976.01,2030.36,2010.5,19.86,0.9878,31374.91,6352656.523
600519.SH,2021-03-18,2035.0,2086.36,2035.0,2069.7,2030.36,39.34,1.9376,33864.88,6997030.294
600519.SH,2021-03-19,2035.0,2043.0,1992.23,2010.0,2069.7,-59.7,-2.8845,35780.77,7211521.835
600519.SH,2021-03-22,2000.1,2026.09,1955.55,1989.99,2010.0,-20.01,-0.9955,36914.07,7323391.311
600519.SH,2021-03-23,1998.88,2008.8,1970.0,1996.0,1989.99,6.01,0.302,27446.19,5459520.703
600519.SH,2021-03-24,1981.0,2013.0,1981.0,1989.0,1996.0,-7.0,-0.3507,29357.39,5857848.16
600519.SH,2021-03-25,1970.01,1988.88,1946.8,1971.0,1989.0,-18.0,-0.905,31575.23,6216733.244
600519.SH,2021-03-26,1985.0,2022.0,1958.0,2013.0,1971.0,42.0,2.1309,50016.42,9987629.444
600519.SH,2021-03-29,2043.2,2096.35,2026.15,2034.1,2013.0,21.1,1.0482,56992.2,11740129.413
600519.SH,2021-03-30,2040.0,2086.0,2035.08,2056.05,2034.1,21.95,1.0791,32626.97,6717493.35
600519.SH,2021-03-31,2045.1,2046.02,2000.0,2009.0,2056.05,-47.05,-2.2884,37154.41,7489086.233
600519.SH,2021-04-01,2021.0,2046.8,2001.22,2044.5,2009.0,35.5,1.767,26587.63,5379775.87
600519.SH,2021-04-02,2056.0,2165.0,2056.0,2162.0,2044.5,117.5,5.7471,52027.57,10981752.658
600519.SH,2021-04-06,2161.0,2161.98,2102.3,2126.03,2162.0,-35.97,-1.6637,32741.77,6967525.037
600519.SH,2021-04-07,2104.06,2117.3,2050.0,2061.0,2126.03,-65.03,-3.0588,40200.97,8317799.925
600519.SH,2021-04-08,2047.03,2079.0,2044.0,2070.0,2061.0,9.0,0.4367,28547.62,5893307.514
600519.SH,2021-04-09,2042.0,2054.0,2005.01,2020.0,2070.0,-50.0,-2.4155,28808.86,5832453.812
600519.SH,2021-04-12,2011.0,2030.0,1991.7,2008.89,2020.0,-11.11,-0.55,31943.07,6409917.318
600519.SH,2021-04-13,2020.0,2049.8,2009.0,2021.0,2008.89,12.11,0.6028,28992.15,5883787.293
600519.SH,2021-04-14,2035.0,2048.0,2016.0,2047.0,2021.0,26.0,1.2865,24114.65,4908790.023
600519.SH,2021-04-15,2030.9,2046.9,1990.0,2015.6,2047.0,-31.4,-1.534,34366.21,6903769.49
600519.SH,2021-04-16,2025.08,2068.0,2012.0,2054.98,2015.6,39.38,1.9538,30293.7,6183895.054
600519.SH,2021-04-19,2055.0,2098.36,2033.0,2088.0,2054.98,33.02,1.6068,31753.91,6610577.917
600519.SH,2021-04-20,2071.1,2129.0,2070.0,2094.8,2088.0,6.8,0.3257,28290.37,5949669.953
600519.SH,2021-04-21,2076.0,2097.8,2065.1,2080.0,2094.8,-14.8,-0.7065,26149.75,5446145.952
600519.SH,2021-04-22,2089.9,2099.0,2051.5,2055.5,2080.0,-24.5,-1.1779,26850.02,5539295.656
600519.SH,2021-04-23,2055.97,2119.88,2052.5,2108.94,2055.5,53.44,2.5999,33462.77,7002695.288
600519.SH,2021-04-26,2132.0,2135.0,2073.6,2077.82,2108.94,-31.12,-1.4756,34045.11,7160836.874
600519.SH,2021-04-27,2087.08,2095.25,2065.09,2094.44,2077.82,16.62,0.7999,22107.85,4607779.002
600519.SH,2021-04-28,2010.0,2047.5,2003.0,2042.0,2094.44,-52.44,-2.5038,81342.95,16463574.637
600519.SH,2021-04-29,2047.04,2049.94,2014.0,2026.36,2042.0,-15.64,-0.7659,41283.78,8370431.228
600519.SH,2021-04-30,2026.0,2036.0,2003.71,2006.78,2026.36,-19.58,-0.9663,38401.37,7723747.038
600519.SH,2021-05-06,2000.0,2006.84,1953.0,1959.0,2006.78,-47.78,-2.3809,53546.14,10584968.907
600519.SH,2021-05-07,1965.0,1967.98,1901.0,1903.0,1959.0,-56.0,-2.8586,52493.39,10101703.446
600519.SH,2021-05-10,1900.0,1909.0,1866.01,1879.03,1903.0,-23.97,-1.2596,46003.18,8677753.608
600519.SH,2021-05-11,1876.0,1966.0,1873.3,1959.0,1879.03,79.97,4.2559,42494.12,8209251.914
600519.SH,2021-05-12,1949.08,1999.0,1949.0,1984.0,1959.0,25.0,1.2762,32698.87,6473203.286
600519.SH,2021-05-13,1965.75,1985.05,1953.0,1971.5,1984.0,-12.5,-0.63,25077.51,4934954.969
600519.SH,2021-05-14,1982.0,2030.5,1976.0,2009.85,1971.5,38.35,1.9452,35611.29,7150302.044
600519.SH,2021-05-17,2025.1,2085.2,2025.1,2057.96,2009.85,48.11,2.3937,44524.0,9178509.985
600519.SH,2021-05-18,2065.0,2077.0,2045.06,2059.31,2057.96,1.35,0.0656,17504.28,3595891.742
600519.SH,2021-05-19,2059.0,2074.81,2040.0,2049.0,2059.31,-10.31,-0.5007,22409.72,4606452.358
600519.SH,2021-05-20,2074.0,2074.1,2045.36,2058.88,2049.0,9.88,0.4822,21857.16,4500663.211
600519.SH,2021-05-21,2055.08,2079.88,2037.02,2042.1,2058.88,-16.78,-0.815,24248.23,4976601.458
600519.SH,2021-05-24,2051.0,2080.06,2031.0,2071.29,2042.1,29.19,1.4294,32548.08,6705879.397
600519.SH,2021-05-25,2085.0,2200.1,2085.0,2194.5,2071.29,123.21,5.9485,67756.95,14636718.75
600519.SH,2021-05-26,2207.98,2241.8,2193.08,2220.0,2194.5,25.5,1.162,38604.2,8558038.174
600519.SH,2021-05-27,2211.02,2320.0,2201.1,2245.0,2220.0,25.0,1.1261,45373.38,10240368.98
600519.SH,2021-05-28,2240.97,2250.0,2205.51,2230.0,2245.0,-15.0,-0.6682,25807.31,5741331.986
600519.SH,2021-05-31,2215.5,2218.35,2172.0,2218.0,2230.0,-12.0,-0.5381,31739.0,6960864.26
600519.SH,2021-06-01,2222.0,2248.95,2206.0,2240.95,2218.0,22.95,1.0347,30616.34,6832594.466
600519.SH,2021-06-02,2250.0,2264.0,2208.18,2222.0,2240.95,-18.95,-0.8456,22862.77,5088908.384
600519.SH,2021-06-03,2220.0,2260.34,2210.08,2222.22,2222.0,0.22,0.0099,23450.31,5242453.019
600519.SH,2021-06-04,2215.0,2288.0,2214.04,2251.5,2222.22,29.28,1.3176,31422.19,7058715.115
600519.SH,2021-06-07,2265.0,2279.0,2240.01,2271.0,2251.5,19.5,0.8661,25466.27,5756592.694
600519.SH,2021-06-08,2260.0,2279.99,2161.15,2191.0,2271.0,-80.0,-3.5227,47313.63,10479943.156
600519.SH,2021-06-09,2192.0,2214.0,2160.11,2199.5,2191.0,8.5,0.388,25502.35,5591378.817
600519.SH,2021-06-10,2195.0,2251.37,2190.08,2238.48,2199.5,38.98,1.7722,25566.63,5707338.424
600519.SH,2021-06-11,2239.0,2244.0,2178.81,2178.81,2238.48,-59.67,-2.6656,33970.66,7513797.036
600519.SH,2021-06-15,2195.1,2208.88,2148.0,2193.0,2178.81,14.19,0.6513,29361.3,6412821.567
600519.SH,2021-06-16,2192.0,2195.0,2148.0,2158.0,2193.0,-35.0,-1.596,27593.15,5978924.528
600519.SH,2021-06-17,2155.65,2188.0,2144.36,2156.91,2158.0,-1.09,-0.0505,21067.53,4558702.643
600519.SH,2021-06-18,2147.0,2156.5,2065.0,2090.94,2156.91,-65.97,-3.0585,54028.21,11329180.836
600519.SH,2021-06-21,2085.0,2099.69,2050.0,2081.64,2090.94,-9.3,-0.4448,35488.26,7367986.471
600519.SH,2021-06-22,2092.0,2098.0,2053.89,2074.97,2081.64,-6.67,-0.3204,33228.18,6900830.616
600519.SH,2021-06-23,2080.0,2083.0,2034.15,2038.0,2074.97,-36.97,-1.7817,37079.01,7596735.684
600519.SH,2021-06-24,2040.01,2080.0,2021.0,2068.05,2038.0,30.05,1.4745,31473.7,6452557.073
600519.SH,2021-06-25,2049.96,2109.0,2042.6,2092.0,2048.76,43.24,2.1105,35875.43,7459680.452
600519.SH,2021-06-28,2100.0,2118.0,2073.0,2103.01,2092.0,11.01,0.5263,27452.42,5750241.214
600519.SH,2021-06-29,2108.0,2115.0,2051.0,2062.0,2103.01,-41.01,-1.9501,33030.63,6835635.172
600519.SH,2021-06-30,2065.0,2074.0,2046.3,2056.7,2062.0,-5.3,-0.257,21915.66,4511484.217
600519.SH,2021-07-01,2059.97,2110.0,2031.6,2105.0,2056.7,48.3,2.3484,33701.24,6970730.878
600519.SH,2021-07-02,2075.0,2075.0,2011.5,2013.0,2105.0,-92.0,-4.3705,46275.31,9388640.194
600519.SH,2021-07-05,2000.0,2019.88,1985.0,1994.0,2013.0,-19.0,-0.9439,34420.95,6872797.768
600519.SH,2021-07-06,1995.0,2014.0,1960.01,2012.9,1994.0,18.9,0.9478,35282.51,7015883.091
600519.SH,2021-07-07,2010.0,2028.88,1999.01,2004.0,2012.9,-8.9,-0.4421,28122.12,5658210.73
600519.SH,2021-07-08,2000.1,2004.0,1968.0,1985.0,2004.0,-19.0,-0.9481,35516.69,7027713.78
600519.SH,2021-07-09,1964.52,1985.91,1945.0,1972.11,1985.0,-12.89,-0.6494,30907.9,6072340.993
600519.SH,2021-07-12,1975.55,1998.78,1940.5,1961.0,1972.11,-11.11,-0.5634,39010.24,7658786.228
600519.SH,2021-07-13,1968.0,2005.5,1965.0,1982.9,1961.0,21.9,1.1168,29924.71,5946287.259
600519.SH,2021-07-14,1974.0,1974.5,1945.0,1962.0,1982.9,-20.9,-1.054,30770.69,6011814.88
600519.SH,2021-07-15,1955.02,2013.0,1950.6,1997.99,1962.0,35.99,1.8344,42190.05,8391506.229
600519.SH,2021-07-16,1980.0,1996.6,1950.0,1955.9,1997.99,-42.09,-2.1066,35407.64,6958296.859
600519.SH,2021-07-19,1955.89,1986.0,1941.0,1975.0,1955.9,19.1,0.9765,30052.34,5900348.21
600519.SH,2021-07-20,1975.0,1988.93,1961.41,1980.0,1975.0,5.0,0.2532,23475.21,4639300.956
600519.SH,2021-07-21,1989.0,2006.0,1962.01,1969.0,1980.0,-11.0,-0.5556,29780.13,5902656.221
600519.SH,2021-07-22,1960.0,1973.9,1938.96,1940.01,1969.0,-28.99,-1.4723,39090.47,7619076.855
600519.SH,2021-07-23,1937.82,1937.82,1895.09,1900.0,1940.01,-40.01,-2.0624,47585.47,9057761.876
600519.SH,2021-07-26,1879.0,1879.0,1780.0,1804.11,1900.0,-95.89,-5.0468,98619.48,17894360.803
600519.SH,2021-07-27,1803.0,1810.0,1703.0,1712.89,1804.11,-91.22,-5.0562,86576.99,15230805.685
600519.SH,2021-07-28,1703.0,1788.2,1682.12,1768.9,1712.89,56.01,3.2699,85368.84,14792470.948
600519.SH,2021-07-29,1810.01,1823.0,1734.34,1749.79,1768.9,-19.11,-1.0803,63863.85,11299569.857
600519.SH,2021-07-30,1725.0,1725.0,1657.76,1678.99,1749.79,-70.8,-4.0462,77735.89,13109725.032
600519.SH,2021-08-02,1664.0,1755.98,1620.72,1755.0,1678.99,76.01,4.5271,97400.65,16515259.089
600519.SH,2021-08-03,1730.0,1768.99,1688.8,1749.3,1755.0,-5.7,-0.3248,54374.75,9447823.227
600519.SH,2021-08-04,1734.06,1760.0,1718.0,1724.0,1749.3,-25.3,-1.4463,38175.49,6614683.378
600519.SH,2021-08-05,1692.88,1745.0,1676.36,1699.0,1724.0,-25.0,-1.4501,48059.69,8177369.851
600519.SH,2021-08-06,1689.0,1694.01,1646.6,1671.0,1699.0,-28.0,-1.648,45686.1,7616109.615
600519.SH,2021-08-09,1651.0,1709.0,1650.0,1693.8,1671.0,22.8,1.3645,47697.75,8028155.49
600519.SH,2021-08-10,1700.0,1802.88,1675.0,1799.0,1693.8,105.2,6.2109,83285.05,14549496.463
600519.SH,2021-08-11,1780.01,1785.01,1750.01,1750.5,1799.0,-48.5,-2.6959,38662.59,6821292.779
600519.SH,2021-08-12,1732.0,1749.0,1686.19,1690.0,1750.5,-60.5,-3.4562,47550.97,8130692.626
600519.SH,2021-08-13,1690.0,1713.0,1679.0,1700.04,1690.0,10.04,0.5941,37904.52,6418412.544
600519.SH,2021-08-16,1696.0,1713.6,1685.08,1699.2,1700.04,-0.84,-0.0494,28056.97,4773049.794
600519.SH,2021-08-17,1700.0,1700.0,1628.88,1635.0,1699.2,-64.2,-3.7782,61200.77,10140291.982
600519.SH,2021-08-18,1624.66,1642.99,1600.0,1620.0,1635.0,-15.0,-0.9174,59970.26,9701556.273
600519.SH,2021-08-19,1622.22,1643.2,1600.0,1619.97,1620.0,-0.03,-0.0019,41291.95,6682355.678
600519.SH,2021-08-20,1555.17,1597.55,1525.5,1548.0,1619.97,-71.97,-4.4427,114544.54,17825198.286
600519.SH,2021-08-23,1537.88,1599.0,1536.77,1570.19,1548.0,22.19,1.4335,71597.2,11218832.883
600519.SH,2021-08-24,1575.0,1642.55,1565.77,1625.18,1570.19,54.99,3.5021,72594.47,11703813.764
600519.SH,2021-08-25,1647.64,1680.87,1643.0,1665.02,1625.18,39.84,2.4514,54238.9,9037626.406
600519.SH,2021-08-26,1664.99,1664.99,1594.72,1595.0,1665.02,-70.02,-4.2054,54020.37,8722233.201
600519.SH,2021-08-27,1589.0,1625.0,1584.1,1596.03,1595.0,1.03,0.0646,36095.45,5791426.192
600519.SH,2021-08-30,1605.0,1613.0,1545.95,1586.0,1596.03,-10.03,-0.6284,51587.7,8098190.333
600519.SH,2021-08-31,1589.8,1616.35,1555.1,1558.0,1586.0,-28.0,-1.7654,43677.09,6888080.927
600519.SH,2021-09-01,1559.0,1634.99,1531.1,1622.01,1558.0,64.01,4.1085,77316.1,12370243.405
600519.SH,2021-09-02,1632.99,1643.0,1600.89,1618.8,1622.01,-3.21,-0.1979,42836.79,6939707.277
600519.SH,2021-09-03,1610.02,1659.79,1582.0,1658.22,1618.8,39.42,2.4351,52835.18,8631165.696
600519.SH,2021-09-06,1649.0,1708.16,1626.15,1670.67,1658.22,12.45,0.7508,55338.06,9306030.671
600519.SH,2021-09-07,1661.03,1684.48,1651.0,1669.0,1670.67,-1.67,-0.1,31211.22,5204051.657
600519.SH,2021-09-08,1660.0,1671.18,1628.08,1633.1,1669.0,-35.9,-2.151,33063.67,5428265.636
600519.SH,2021-09-09,1626.0,1645.0,1624.01,1634.08,1633.1,0.98,0.06,19950.13,3257785.762
600519.SH,2021-09-10,1634.08,1668.8,1633.0,1662.58,1634.08,28.5,1.7441,33388.11,5528034.093
600519.SH,2021-09-13,1665.0,1684.0,1640.1,1654.0,1662.58,-8.58,-0.5161,27720.02,4605031.711
600519.SH,2021-09-14,1659.0,1683.0,1653.0,1657.0,1654.0,3.0,0.1814,33760.61,5638962.654
600519.SH,2021-09-15,1650.0,1660.0,1610.0,1615.74,1657.0,-41.26,-2.49,41570.05,6781755.393
600519.SH,2021-09-16,1603.0,1644.0,1585.0,1638.07,1615.74,22.33,1.382,45968.02,7458455.126
600519.SH,2021-09-17,1620.0,1705.6,1620.0,1686.0,1638.07,47.93,2.926,55130.25,9242101.552
600519.SH,2021-09-22,1658.83,1688.0,1635.0,1637.69,1686.0,-48.31,-2.8654,31743.0,5227723.003
600519.SH,2021-09-23,1638.0,1655.88,1625.08,1635.0,1637.69,-2.69,-0.1643,30341.81,4964210.091
600519.SH,2021-09-24,1628.0,1719.98,1628.0,1694.0,1635.0,59.0,3.6086,69536.6,11756596.091
600519.SH,2021-09-27,1750.0,1863.4,1750.0,1855.0,1694.0,161.0,9.5041,126868.92,23270689.695
600519.SH,2021-09-28,1848.0,1860.0,1795.0,1822.06,1855.0,-32.94,-1.7757,49221.05,8973408.813
600519.SH,2021-09-29,1809.0,1845.01,1785.9,1820.0,1822.06,-2.06,-0.1131,43290.65,7870151.768
600519.SH,2021-09-30,1818.18,1850.22,1803.4,1830.0,1820.0,10.0,0.5495,40539.29,7411735.79
600519.SH,2021-10-08,1822.42,1878.0,1807.23,1839.6,1830.0,9.6,0.5246,47451.96,8780381.118
600519.SH,2021-10-11,1839.51,1889.9,1831.01,1867.12,1839.6,27.52,1.496,37675.57,7040475.327
600519.SH,2021-10-12,1866.0,1877.0,1842.42,1870.99,1867.12,3.87,0.2073,30606.42,5688160.837
600519.SH,2021-10-13,1870.0,1949.95,1862.0,1929.9,1870.99,58.91,3.1486,50142.61,9625769.127
600519.SH,2021-10-14,1928.93,1941.8,1896.0,1911.0,1929.9,-18.9,-0.9793,26622.55,5097602.232
600519.SH,2021-10-15,1890.1,1929.99,1890.1,1916.97,1911.0,5.97,0.3124,28560.78,5452953.879
600519.SH,2021-10-18,1888.0,1888.0,1787.0,1800.0,1916.97,-116.97,-6.1018,69652.02,12651498.607
600519.SH,2021-10-19,1800.0,1838.8,1799.88,1812.18,1800.0,12.18,0.6767,40314.56,7330114.082
600519.SH,2021-10-20,1833.0,1849.8,1806.01,1841.0,1812.18,28.82,1.5903,28663.39,5246404.615
600519.SH,2021-10-21,1841.1,1860.0,1829.0,1844.0,1841.0,3.0,0.163,23018.7,4238584.294
600519.SH,2021-10-22,1855.0,1921.01,1854.0,1901.0,1844.0,57.0,3.0911,35962.6,6794850.056
600519.SH,2021-10-25,1880.0,1885.01,1858.0,1873.03,1901.0,-27.97,-1.4713,32461.33,6076219.948
600519.SH,2021-10-26,1864.03,1878.99,1844.0,1861.05,1873.03,-11.98,-0.6396,21130.26,3934223.714
600519.SH,2021-10-27,1852.3,1858.3,1800.1,1819.0,1861.05,-42.05,-2.2595,34647.29,6302270.905
600519.SH,2021-10-28,1825.2,1843.78,1802.0,1825.49,1819.0,6.49,0.3568,29490.93,5383196.101
600519.SH,2021-10-29,1825.0,1848.0,1813.0,1826.08,1825.49,0.59,0.0323,28775.86,5266898.95
600519.SH,2021-11-01,1780.0,1826.3,1760.0,1803.0,1826.08,-23.08,-1.2639,41689.98,7486936.394
600519.SH,2021-11-02,1796.7,1844.22,1788.0,1804.64,1803.0,1.64,0.091,32500.24,5875341.369
600519.SH,2021-11-03,1800.0,1809.98,1761.19,1765.0,1804.64,-39.64,-2.1966,27829.31,4958314.535
600519.SH,2021-11-04,1777.94,1816.0,1769.42,1804.2,1765.0,39.2,2.221,31130.43,5592211.731
600519.SH,2021-11-05,1804.21,1844.99,1804.21,1819.94,1804.2,15.74,0.8724,27077.23,4956331.383
600519.SH,2021-11-08,1820.0,1830.8,1802.05,1820.1,1819.94,0.16,0.0088,17705.72,3220439.334
600519.SH,2021-11-09,1819.98,1827.87,1782.0,1790.01,1820.1,-30.09,-1.6532,27351.92,4915170.028
600519.SH,2021-11-10,1790.01,1795.0,1735.0,1753.99,1790.01,-36.02,-2.0123,35348.77,6204803.25
600519.SH,2021-11-11,1752.93,1769.6,1741.5,1769.6,1753.99,15.61,0.89,22651.87,3987243.285
600519.SH,2021-11-12,1778.0,1785.05,1766.66,1773.78,1769.6,4.18,0.2362,17606.63,3124400.972
600519.SH,2021-11-15,1773.68,1784.0,1750.0,1761.14,1773.78,-12.64,-0.7126,24947.35,4410975.373
600519.SH,2021-11-16,1768.0,1818.0,1765.0,1808.0,1761.14,46.86,2.6608,33526.24,6033536.262
600519.SH,2021-11-17,1805.0,1820.5,1790.01,1795.0,1808.0,-13.0,-0.719,24505.46,4411450.908
600519.SH,2021-11-18,1781.22,1807.0,1770.0,1792.0,1795.0,-3.0,-0.1671,19520.89,3485674.964
600519.SH,2021-11-19,1794.19,1849.0,1788.2,1828.41,1792.0,36.41,2.0318,31155.59,5699883.8
600519.SH,2021-11-22,1849.0,1909.0,1848.0,1854.27,1828.41,25.86,1.4143,42572.68,7994018.41
600519.SH,2021-11-23,1852.0,1917.0,1852.0,1896.43,1854.27,42.16,2.2737,45782.2,8676297.616
600519.SH,2021-11-24,1900.0,1966.0,1897.0,1941.0,1896.43,44.57,2.3502,54512.35,10555736.753
600519.SH,2021-11-25,1953.0,1986.2,1946.25,1956.03,1941.0,15.03,0.7743,39752.88,7803035.266
600519.SH,2021-11-26,1964.83,1967.0,1925.0,1941.01,1956.03,-15.02,-0.7679,32655.57,6337346.211
600519.SH,2021-11-29,1960.0,1990.0,1951.08,1985.0,1941.01,43.99,2.2663,42399.34,8372476.083
600519.SH,2021-11-30,1985.4,1989.9,1927.5,1930.77,1985.0,-54.23,-2.732,36924.87,7192172.533
600519.SH,2021-12-01,1950.0,1959.95,1919.02,1932.99,1930.77,2.22,0.115,26254.4,5071457.098
600519.SH,2021-12-02,1940.0,1942.15,1919.6,1934.0,1932.99,1.01,0.0523,20421.82,3939731.543
600519.SH,2021-12-03,1932.0,1988.62,1931.05,1971.88,1934.0,37.88,1.9586,35818.39,7045848.18
600519.SH,2021-12-06,1983.0,1990.0,1950.0,1967.3,1971.88,-4.58,-0.2323,31063.88,6122543.819
600519.SH,2021-12-07,1980.74,1987.87,1946.73,1955.87,1967.3,-11.43,-0.581,36979.89,7286659.622
600519.SH,2021-12-08,1964.88,2045.0,1950.0,2043.0,1955.87,87.13,4.4548,61048.07,12285101.988
600519.SH,2021-12-09,2054.94,2116.92,2045.0,2086.55,2043.0,43.55,2.1317,64239.18,13404724.467
600519.SH,2021-12-10,2060.0,2095.78,2056.0,2090.0,2086.55,3.45,0.1653,43148.22,8944582.265
600519.SH,2021-12-13,2154.0,2180.0,2118.0,2118.2,2090.0,28.2,1.3493,65806.56,14139012.29
600519.SH,2021-12-14,2118.2,2167.9,2100.0,2150.0,2118.2,31.8,1.5013,40449.41,8673733.691
600519.SH,2021-12-15,2142.15,2164.95,2125.02,2135.0,2150.0,-15.0,-0.6977,30078.27,6444715.086
600519.SH,2021-12-16,2115.0,2144.05,2086.23,2118.99,2135.0,-16.01,-0.7499,37211.36,7865499.278
600519.SH,2021-12-17,2100.5,2108.0,2036.0,2050.7,2118.99,-68.29,-3.2228,48403.18,9988869.785
600519.SH,2021-12-20,2050.7,2085.66,2041.0,2058.96,2050.7,8.26,0.4028,32257.69,6654596.508
600519.SH,2021-12-21,2045.0,2069.13,2012.83,2038.2,2058.96,-20.76,-1.0083,26285.89,5354186.59
600519.SH,2021-12-22,2040.0,2063.0,2040.0,2048.0,2038.2,9.8,0.4808,17430.79,3570928.372
600519.SH,2021-12-23,2053.0,2120.0,2025.0,2120.0,2048.0,72.0,3.5156,39098.54,8126298.013
600519.SH,2021-12-24,2148.88,2216.96,2148.88,2194.09,2120.0,74.09,3.4948,56129.59,12295953.4
600519.SH,2021-12-27,2168.0,2168.0,2112.0,2131.82,2194.09,-62.27,-2.8381,37555.9,8020677.686
600519.SH,2021-12-28,2133.0,2155.5,2116.6,2138.18,2131.82,6.36,0.2983,27650.7,5901940.633
600519.SH,2021-12-29,2150.0,2154.25,2041.0,2041.0,2138.18,-97.18,-4.545,54049.02,11195625.154
600519.SH,2021-12-30,2041.0,2088.98,2028.0,2075.0,2041.0,34.0,1.6659,35261.36,7272866.657
600519.SH,2021-12-31,2070.0,2072.98,2028.0,2050.0,2075.0,-25.0,-1.2048,29664.91,6061415.344
600519.SH,2022-01-04,2055.0,2068.95,2014.0,2051.23,2050.0,1.23,0.06,33842.62,6913653.122
600519.SH,2022-01-05,2045.0,2065.0,2018.0,2024.0,2051.23,-27.23,-1.3275,28395.51,5774992.117
600519.SH,2022-01-06,2022.01,2036.0,1938.51,1982.22,2024.0,-41.78,-2.0642,51794.75,10226933.847
600519.SH,2022-01-07,1975.0,1988.88,1939.32,1942.0,1982.22,-40.22,-2.029,29816.69,5831695.311
600519.SH,2022-01-10,1928.01,1977.0,1917.55,1966.0,1942.0,24.0,1.2358,29626.7,5792738.145
600519.SH,2022-01-11,1948.0,1965.0,1931.17,1940.55,1966.0,-25.45,-1.2945,22276.64,4332180.604
600519.SH,2022-01-12,1948.0,1978.8,1948.0,1967.0,1940.55,26.45,1.363,27474.1,5384359.628
600519.SH,2022-01-13,1964.82,1967.99,1865.56,1877.39,1967.0,-89.61,-4.5557,56747.35,10781720.544
600519.SH,2022-01-14,1877.39,1893.0,1863.0,1867.0,1877.39,-10.39,-0.5534,29321.64,5506186.026
600519.SH,2022-01-17,1868.0,1878.3,1835.34,1861.61,1867.0,-5.39,-0.2887,27353.82,5074077.665
600519.SH,2022-01-18,1861.68,1908.85,1852.0,1892.27,1861.61,30.66,1.647,31215.77,5906705.861
600519.SH,2022-01-19,1919.0,1919.0,1888.88,1912.0,1892.27,19.73,1.0427,26370.94,5026993.463
600519.SH,2022-01-20,1916.0,1979.99,1916.0,1969.52,1912.0,57.52,3.0084,34013.91,6665294.954
600519.SH,2022-01-21,1960.0,1993.49,1951.01,1984.99,1969.52,15.47,0.7855,30812.58,6091427.695
600519.SH,2022-01-24,1955.0,1984.0,1931.44,1950.2,1984.99,-34.79,-1.7527,23985.8,4685441.775
600519.SH,2022-01-25,1943.0,1966.0,1931.0,1943.0,1950.2,-7.2,-0.3692,25510.12,4971078.498
600519.SH,2022-01-26,1942.04,1969.0,1919.0,1955.0,1943.0,12.0,0.6176,23905.13,4655706.528
600519.SH,2022-01-27,2001.01,2010.82,1952.0,1965.0,1955.0,10.0,0.5115,42665.16,8450329.058
600519.SH,2022-01-28,1955.0,1968.0,1880.01,1887.0,1965.0,-78.0,-3.9695,41020.11,7889492.895
600519.SH,2022-02-07,1900.99,1913.56,1850.0,1867.96,1887.0,-19.04,-1.009,35150.42,6601799.703
600519.SH,2022-02-08,1868.88,1872.87,1790.0,1839.0,1867.96,-28.96,-1.5504,41713.06,7585130.459
600519.SH,2022-02-09,1839.09,1908.0,1826.97,1895.98,1839.0,56.98,3.0984,33884.79,6346699.784
600519.SH,2022-02-10,1900.0,1905.9,1857.39,1873.0,1895.98,-22.98,-1.212,23031.83,4315456.868
600519.SH,2022-02-11,1857.0,1900.79,1841.0,1849.97,1873.0,-23.03,-1.2296,33746.49,6296909.575
600519.SH,2022-02-14,1840.0,1877.0,1837.31,1868.67,1849.97,18.7,1.0108,20195.87,3762313.349
600519.SH,2022-02-15,1868.8,1911.0,1859.0,1890.62,1868.67,21.95,1.1746,27105.86,5131842.112
600519.SH,2022-02-16,1900.0,1907.0,1888.0,1892.55,1890.62,1.93,0.1021,14586.85,2769034.316
600519.SH,2022-02-17,1900.61,1911.48,1881.0,1886.99,1892.55,-5.56,-0.2938,18213.66,3450265.032
600519.SH,2022-02-18,1877.63,1907.98,1865.66,1907.0,1886.99,20.01,1.0604,19385.49,3670339.742
600519.SH,2022-02-21,1900.0,1906.9,1868.95,1876.99,1907.0,-30.01,-1.5737,20815.73,3920377.358
600519.SH,2022-02-22,1860.01,1861.0,1800.02,1807.87,1876.99,-69.12,-3.6825,52298.81,9473992.638
600519.SH,2022-02-23,1811.41,1834.0,1800.08,1827.01,1807.87,19.14,1.0587,28111.61,5118197.82
600519.SH,2022-02-24,1808.0,1813.99,1748.1,1764.11,1827.01,-62.9,-3.4428,65359.25,11578557.075
600519.SH,2022-02-25,1775.0,1808.28,1775.0,1799.06,1764.11,34.95,1.9812,38979.13,6999524.161
600519.SH,2022-02-28,1787.06,1797.0,1767.0,1790.4,1799.06,-8.66,-0.4814,28923.03,5158148.387
600519.SH,2022-03-01,1802.0,1863.57,1802.0,1858.48,1790.4,68.08,3.8025,47379.3,8721229.267
600519.SH,2022-03-02,1840.0,1850.99,1825.0,1844.88,1858.48,-13.6,-0.7318,20074.48,3690612.341
600519.SH,2022-03-03,1845.8,1850.25,1794.0,1800.0,1844.88,-44.88,-2.4327,31546.93,5703580.558
600519.SH,2022-03-04,1772.0,1792.89,1755.1,1780.5,1800.0,-19.5,-1.0833,31047.03,5509157.654
600519.SH,2022-03-07,1760.2,1768.0,1703.8,1707.0,1780.5,-73.5,-4.1281,49155.81,8487507.372
600519.SH,2022-03-08,1759.98,1786.66,1732.0,1753.2,1707.0,46.2,2.7065,57215.46,10087484.369
600519.SH,2022-03-09,1764.1,1805.0,1721.11,1779.18,1753.2,25.98,1.4819,56434.42,10018590.069
600519.SH,2022-03-10,1808.0,1821.0,1791.0,1794.43,1779.18,15.25,0.8571,36461.78,6587438.866
600519.SH,2022-03-11,1766.0,1777.0,1718.08,1769.01,1794.43,-25.42,-1.4166,47726.77,8335618.341
600519.SH,2022-03-14,1730.0,1750.0,1700.0,1700.0,1769.01,-69.01,-3.9011,49006.61,8416841.92
600519.SH,2022-03-15,1650.0,1685.0,1603.0,1603.0,1700.0,-97.0,-5.7059,89055.87,14567142.622
600519.SH,2022-03-16,1634.0,1683.9,1593.0,1674.95,1603.0,71.95,4.4885,77592.81,12753010.156
600519.SH,2022-03-17,1720.0,1755.0,1711.66,1720.15,1674.95,45.2,2.6986,68351.96,11843531.813
600519.SH,2022-03-18,1718.0,1745.0,1692.28,1707.79,1720.15,-12.36,-0.7185,38348.68,6564085.394
600519.SH,2022-03-21,1724.0,1725.65,1695.01,1704.3,1707.79,-3.49,-0.2044,27877.16,4763083.283
600519.SH,2022-03-22,1723.88,1723.88,1686.33,1695.0,1704.3,-9.3,-0.5457,21054.04,3578291.198
600519.SH,2022-03-23,1705.0,1770.0,1697.0,1752.19,1695.0,57.19,3.374,58067.39,10096341.448
600519.SH,2022-03-24,1738.0,1740.0,1717.35,1720.93,1752.19,-31.26,-1.7841,25815.32,4457504.43
600519.SH,2022-03-25,1712.0,1734.0,1685.0,1690.0,1720.93,-30.93,-1.7973,29708.66,5054831.352
600519.SH,2022-03-28,1625.0,1664.8,1604.0,1660.8,1690.0,-29.2,-1.7278,57541.64,9392008.017
600519.SH,2022-03-29,1661.5,1691.5,1661.5,1667.0,1660.8,6.2,0.3733,25934.98,4343365.464
600519.SH,2022-03-30,1698.0,1730.1,1695.0,1730.1,1667.0,63.1,3.7852,42433.43,7276379.091
600519.SH,2022-03-31,1720.0,1738.6,1708.8,1719.0,1730.1,-11.1,-0.6416,25173.86,4338022.922
600519.SH,2022-04-01,1729.94,1793.0,1721.69,1780.01,1719.0,61.01,3.5492,44861.91,7936957.252
600519.SH,2022-04-06,1753.0,1788.73,1753.0,1765.0,1780.01,-15.01,-0.8433,27819.77,4910792.426
600519.SH,2022-04-07,1758.0,1785.0,1750.1,1765.0,1765.0,0.0,0.0,20195.71,3568182.341
600519.SH,2022-04-08,1768.0,1788.7,1766.54,1784.0,1765.0,19.0,1.0765,22941.32,4081618.543
600519.SH,2022-04-11,1770.0,1770.0,1706.03,1720.0,1784.0,-64.0,-3.5874,43863.59,7568782.591
600519.SH,2022-04-12,1729.0,1787.97,1708.0,1782.0,1720.0,62.0,3.6047,41629.56,7284546.261
600519.SH,2022-04-13,1767.0,1795.0,1751.08,1769.0,1782.0,-13.0,-0.7295,31147.66,5534915.753
600519.SH,2022-04-14,1788.0,1835.9,1780.2,1809.0,1769.0,40.0,2.2612,37649.86,6834657.201
600519.SH,2022-04-15,1802.2,1818.0,1795.89,1805.99,1809.0,-3.01,-0.1664,21041.13,3800797.635
600519.SH,2022-04-18,1781.13,1798.0,1768.0,1790.82,1805.99,-15.17,-0.84,19793.15,3525102.977
600519.SH,2022-04-19,1800.0,1832.99,1775.5,1790.3,1790.82,-0.52,-0.029,24204.76,4359851.98
600519.SH,2022-04-20,1801.69,1820.0,1768.68,1797.0,1790.3,6.7,0.3742,24155.72,4342043.328
600519.SH,2022-04-21,1790.2,1806.0,1770.0,1779.98,1797.0,-17.02,-0.9471,28952.61,5160788.004
600519.SH,2022-04-22,1763.0,1787.88,1760.18,1773.0,1779.98,-6.98,-0.3921,27899.75,4955360.846
600519.SH,2022-04-25,1750.0,1776.5,1702.0,1708.0,1773.0,-65.0,-3.6661,53658.02,9352986.852
600519.SH,2022-04-26,1703.33,1748.98,1700.0,1732.48,1708.0,24.48,1.4333,44563.96,7692845.226
600519.SH,2022-04-27,1767.12,1810.0,1767.12,1794.92,1732.48,62.44,3.6041,57402.44,10289893.014
600519.SH,2022-04-28,1793.0,1845.0,1786.5,1835.0,1794.92,40.08,2.233,44010.06,8038681.95
600519.SH,2022-04-29,1836.0,1849.0,1810.98,1828.38,1835.0,-6.62,-0.3608,34885.27,6384066.537
600519.SH,2022-05-05,1830.0,1870.0,1828.98,1837.0,1828.38,8.62,0.4715,33660.94,6235017.58
600519.SH,2022-05-06,1814.99,1819.0,1781.0,1793.0,1837.0,-44.0,-2.3952,28596.18,5138176.68
600519.SH,2022-05-09,1780.0,1780.0,1738.0,1752.0,1793.0,-41.0,-2.2867,30351.82,5324616.273
600519.SH,2022-05-10,1720.0,1784.96,1705.01,1766.19,1752.0,14.19,0.8099,40119.19,7018451.097
600519.SH,2022-05-11,1755.0,1788.48,1752.0,1768.0,1766.19,1.81,0.1025,30312.67,5372950.033
600519.SH,2022-05-12,1753.0,1778.0,1750.0,1762.67,1768.0,-5.33,-0.3015,22038.23,3888480.084
600519.SH,2022-05-13,1780.0,1797.94,1766.0,1778.24,1762.67,15.57,0.8833,20730.52,3690141.231
600519.SH,2022-05-16,1797.0,1797.0,1742.67,1758.0,1778.24,-20.24,-1.1382,27765.31,4881208.653
600519.SH,2022-05-17,1769.88,1775.0,1755.0,1768.0,1758.0,10.0,0.5688,20144.74,3557048.801
600519.SH,2022-05-18,1773.66,1773.92,1743.02,1761.0,1768.0,-7.0,-0.3959,24850.44,4362486.907
600519.SH,2022-05-19,1745.0,1757.0,1739.0,1756.0,1761.0,-5.0,-0.2839,19776.26,3459059.182
600519.SH,2022-05-20,1759.99,1801.15,1752.0,1800.01,1756.0,44.01,2.5063,41949.6,7493460.272
600519.SH,2022-05-23,1800.0,1803.89,1772.0,1781.0,1800.01,-19.01,-1.0561,22157.13,3950856.594
600519.SH,2022-05-24,1786.0,1787.0,1755.5,1760.0,1781.0,-21.0,-1.1791,27342.22,4824599.922
600519.SH,2022-05-25,1765.27,1772.0,1747.0,1755.51,1760.0,-4.49,-0.2551,22388.69,3929477.102
600519.SH,2022-05-26,1761.0,1761.0,1730.0,1742.8,1755.51,-12.71,-0.724,28053.44,4888109.192
600519.SH,2022-05-27,1759.99,1780.0,1753.01,1755.16,1742.8,12.36,0.7092,25119.58,4436904.896
600519.SH,2022-05-30,1766.0,1790.55,1766.0,1778.41,1755.16,23.25,1.3247,34465.69,6135631.304
600519.SH,2022-05-31,1774.77,1814.9,1766.98,1804.03,1778.41,25.62,1.4406,40750.82,7329201.058
600519.SH,2022-06-01,1802.0,1814.78,1779.0,1788.25,1804.03,-15.78,-0.8747,21760.01,3897858.999
600519.SH,2022-06-02,1787.97,1795.8,1780.0,1786.0,1788.25,-2.25,-0.1258,16914.73,3019718.032
600519.SH,2022-06-06,1790.0,1795.0,1758.0,1788.0,1786.0,2.0,0.112,36741.26,6535329.352
600519.SH,2022-06-07,1784.14,1825.0,1770.31,1817.9,1788.0,29.9,1.6723,35048.59,6356031.009
600519.SH,2022-06-08,1825.0,1882.0,1825.0,1865.6,1817.9,47.7,2.6239,44353.81,8236953.846
600519.SH,2022-06-09,1872.0,1888.35,1849.0,1853.0,1865.6,-12.6,-0.6754,26329.02,4897066.622
600519.SH,2022-06-10,1845.01,1907.0,1835.0,1900.6,1853.0,47.6,2.5688,47344.62,8882462.598
600519.SH,2022-06-13,1890.0,1892.0,1848.08,1856.0,1900.6,-44.6,-2.3466,36755.18,6847248.995
600519.SH,2022-06-14,1834.0,1875.42,1832.0,1871.0,1856.0,15.0,0.8082,29416.23,5467949.348
600519.SH,2022-06-15,1870.0,1905.0,1862.99,1875.1,1871.0,4.1,0.2191,33663.62,6354869.1
600519.SH,2022-06-16,1894.59,1907.63,1875.33,1877.0,1875.1,1.9,0.1013,26886.7,5087605.391
600519.SH,2022-06-17,1878.09,1952.0,1878.09,1951.0,1877.0,74.0,3.9425,50541.61,9749530.916
600519.SH,2022-06-20,1950.0,1970.0,1930.0,1942.02,1951.0,-8.98,-0.4603,34974.78,6802792.459
600519.SH,2022-06-21,1949.0,1966.99,1928.0,1945.74,1942.02,3.72,0.1916,23717.02,4617805.127
600519.SH,2022-06-22,1955.0,1958.0,1932.0,1936.0,1945.74,-9.74,-0.5006,19646.65,3813775.294
600519.SH,2022-06-23,1942.7,1965.04,1940.0,1957.1,1936.0,21.1,1.0899,26843.52,5239860.443
600519.SH,2022-06-24,1970.0,2020.0,1965.0,2009.01,1957.1,51.91,2.6524,39634.65,7921199.792
600519.SH,2022-06-27,2019.94,2049.94,2000.3,2010.55,2009.01,1.54,0.0767,40115.17,8124448.9
600519.SH,2022-06-28,2019.74,2041.0,2001.0,2036.0,2010.55,25.45,1.2658,25245.71,5112298.787
600519.SH,2022-06-29,2028.0,2042.0,2011.01,2030.0,2036.0,-6.0,-0.2947,30360.12,6142508.408
600519.SH,2022-06-30,2000.0,2077.0,1999.99,2045.0,2008.33,36.67,1.8259,38982.43,7984019.438
600519.SH,2022-07-01,2055.0,2067.77,2015.21,2029.05,2045.0,-15.95,-0.78,21596.45,4385555.299
600519.SH,2022-07-04,2020.01,2024.29,2001.01,2018.0,2029.05,-11.05,-0.5446,25075.89,5042804.258
600519.SH,2022-07-05,2025.28,2054.45,2010.0,2033.01,2018.0,15.01,0.7438,26329.4,5345189.852
600519.SH,2022-07-06,2032.0,2039.0,1986.0,2002.0,2033.01,-31.01,-1.5253,32751.66,6566374.982
600519.SH,2022-07-07,2005.0,2009.35,1985.01,1990.0,2002.0,-12.0,-0.5994,20931.77,4179088.24
600519.SH,2022-07-08,2005.0,2014.89,1996.16,1999.0,1990.0,9.0,0.4523,15643.89,3134903.462
600519.SH,2022-07-11,1990.2,1994.77,1950.5,1963.6,1999.0,-35.4,-1.7709,23949.21,4709248.31
600519.SH,2022-07-12,1965.0,1972.8,1930.06,1948.41,1963.6,-15.19,-0.7736,23446.86,4562731.381
600519.SH,2022-07-13,1945.0,1972.0,1940.67,1958.89,1948.41,10.48,0.5379,19853.77,3893406.034
600519.SH,2022-07-14,1960.0,1976.8,1941.0,1953.0,1958.89,-5.89,-0.3007,20527.24,4014985.518
600519.SH,2022-07-15,1945.11,1999.68,1944.51,1949.5,1953.0,-3.5,-0.1792,33416.23,6588730.699
600519.SH,2022-07-18,1952.36,1959.0,1922.0,1951.66,1949.5,2.16,0.1108,24220.72,4701936.868
600519.SH,2022-07-19,1945.0,1951.65,1926.0,1943.1,1951.66,-8.56,-0.4386,21956.03,4250852.886
600519.SH,2022-07-20,1958.75,1970.0,1945.0,1950.1,1943.1,7.0,0.3602,18704.61,3659970.961
600519.SH,2022-07-21,1943.1,1955.9,1934.51,1939.0,1950.1,-11.1,-0.5692,14061.37,2735503.093
600519.SH,2022-07-22,1949.22,1962.0,1935.0,1947.0,1939.0,8.0,0.4126,25113.57,4894378.605
600519.SH,2022-07-25,1949.51,1952.3,1931.0,1944.65,1947.0,-2.35,-0.1207,16912.44,3285451.347
600519.SH,2022-07-26,1952.99,1964.97,1947.02,1950.21,1944.65,5.56,0.2859,20685.1,4041100.077
600519.SH,2022-07-27,1942.0,1948.0,1917.0,1919.6,1950.21,-30.61,-1.5696,21489.87,4149807.166
600519.SH,2022-07-28,1921.1,1938.0,1892.66,1898.0,1919.6,-21.6,-1.1252,34869.86,6669448.409
600519.SH,2022-07-29,1895.1,1918.99,1878.1,1898.44,1898.0,0.44,0.0232,37032.36,7028415.881
600519.SH,2022-08-01,1890.01,1908.0,1881.18,1890.3,1898.44,-8.14,-0.4288,21037.41,3988198.59
600519.SH,2022-08-02,1880.0,1887.98,1858.01,1879.98,1890.3,-10.32,-0.5459,28220.88,5284516.568
600519.SH,2022-08-03,1889.99,1904.0,1877.0,1885.0,1879.98,5.02,0.267,24598.42,4642442.196
600519.SH,2022-08-04,1890.0,1923.1,1880.13,1916.01,1885.0,31.01,1.6451,30357.14,5797110.733
600519.SH,2022-08-05,1927.8,1935.0,1904.9,1923.96,1916.01,7.95,0.4149,20085.84,3857406.327
600519.SH,2022-08-08,1915.15,1932.88,1907.51,1911.53,1923.96,-12.43,-0.6461,16799.01,3220702.892
600519.SH,2022-08-09,1911.53,1918.99,1905.0,1910.0,1911.53,-1.53,-0.08,13874.61,2651800.008
600519.SH,2022-08-10,1909.98,1918.0,1864.58,1876.0,1910.0,-34.0,-1.7801,27926.62,5259452.686
600519.SH,2022-08-11,1886.0,1907.0,1878.01,1906.9,1876.0,30.9,1.6471,26061.49,4940834.195
600519.SH,2022-08-12,1906.9,1930.0,1900.0,1928.0,1906.9,21.1,1.1065,20259.83,3882570.566
600519.SH,2022-08-15,1920.46,1939.5,1915.55,1919.89,1928.0,-8.11,-0.4206,19323.14,3717178.491
600519.SH,2022-08-16,1923.94,1933.79,1916.0,1917.84,1919.89,-2.05,-0.1068,14835.84,2854189.586
600519.SH,2022-08-17,1930.0,1930.0,1895.0,1918.0,1917.84,0.16,0.0083,18360.63,3508295.541
600519.SH,2022-08-18,1908.0,1913.08,1881.07,1895.5,1918.0,-22.5,-1.1731,23167.77,4384060.205
600519.SH,2022-08-19,1898.0,1908.35,1888.0,1895.01,1895.5,-0.49,-0.0259,13544.17,2572000.762
600519.SH,2022-08-22,1885.01,1907.0,1881.38,1893.98,1895.01,-1.03,-0.0544,15426.67,2925285.473
600519.SH,2022-08-23,1898.6,1898.6,1867.0,1870.01,1893.98,-23.97,-1.2656,23756.36,4452538.978
600519.SH,2022-08-24,1869.99,1875.23,1851.0,1854.2,1870.01,-15.81,-0.8455,18727.61,3486382.969
600519.SH,2022-08-25,1859.0,1888.0,1854.2,1885.0,1854.2,30.8,1.6611,21925.34,4107597.895
600519.SH,2022-08-26,1900.0,1912.0,1886.0,1898.0,1885.0,13.0,0.6897,23141.95,4397161.135
600519.SH,2022-08-29,1883.0,1899.97,1874.0,1878.82,1898.0,-19.18,-1.0105,13569.62,2555981.192
600519.SH,2022-08-30,1882.35,1885.0,1854.2,1870.0,1878.82,-8.82,-0.4694,18235.39,3400091.358
600519.SH,2022-08-31,1860.1,1925.56,1860.01,1924.0,1870.0,54.0,2.8877,44691.51,8518225.337
600519.SH,2022-09-01,1912.15,1916.0,1880.89,1880.89,1924.0,-43.11,-2.2406,26845.08,5088658.955
600519.SH,2022-09-02,1889.94,1892.96,1866.17,1875.0,1880.89,-5.89,-0.3131,19391.32,3635162.804
600519.SH,2022-09-05,1862.64,1869.0,1820.0,1835.0,1875.0,-40.0,-2.1333,36821.87,6764549.173
600519.SH,2022-09-06,1835.36,1848.2,1825.0,1845.0,1835.0,10.0,0.545,20830.04,3832086.313
600519.SH,2022-09-07,1835.03,1837.66,1811.01,1818.01,1845.0,-26.99,-1.4629,28306.16,5151537.33
600519.SH,2022-09-08,1820.0,1832.0,1815.0,1815.0,1818.01,-3.01,-0.1656,16590.57,3026766.448
600519.SH,2022-09-09,1825.0,1852.0,1816.0,1844.79,1815.0,29.79,1.6413,27089.86,4991679.523
600519.SH,2022-09-13,1880.0,1888.38,1858.23,1879.0,1844.79,34.21,1.8544,28693.09,5387987.148
600519.SH,2022-09-14,1864.01,1880.0,1863.0,1869.0,1879.0,-10.0,-0.5322,16041.57,3002693.247
600519.SH,2022-09-15,1870.0,1893.12,1869.96,1880.0,1869.0,11.0,0.5886,20810.21,3917954.256
600519.SH,2022-09-16,1871.8,1885.6,1855.11,1859.0,1880.0,-21.0,-1.117,24121.27,4501527.357
600519.SH,2022-09-19,1855.0,1888.59,1852.88,1871.64,1859.0,12.64,0.6799,18583.51,3479680.771
600519.SH,2022-09-20,1869.98,1884.6,1858.55,1878.0,1871.64,6.36,0.3398,14116.3,2645281.859
600519.SH,2022-09-21,1876.67,1883.0,1848.0,1848.0,1878.0,-30.0,-1.5974,20994.54,3904096.421
600519.SH,2022-09-22,1840.0,1841.02,1816.85,1820.81,1848.0,-27.19,-1.4713,22704.29,4147900.996
600519.SH,2022-09-23,1820.81,1855.0,1820.81,1834.43,1820.81,13.62,0.748,28287.69,5191904.76
600519.SH,2022-09-26,1820.0,1888.0,1819.98,1863.0,1834.43,28.57,1.5574,35134.92,6566771.227
600519.SH,2022-09-27,1868.86,1897.0,1851.11,1888.0,1863.0,25.0,1.3419,28820.19,5422668.135
600519.SH,2022-09-28,1880.5,1899.4,1874.01,1883.0,1888.0,-5.0,-0.2648,21445.97,4042506.33
600519.SH,2022-09-29,1897.98,1902.18,1871.13,1880.35,1883.0,-2.65,-0.1407,21589.66,4075515.187
600519.SH,2022-09-30,1898.62,1901.99,1866.0,1872.5,1880.35,-7.85,-0.4175,21289.08,4000917.951
600519.SH,2022-10-10,1890.0,1891.0,1780.2,1786.0,1872.5,-86.5,-4.6195,48584.13,8865386.496
600519.SH,2022-10-11,1789.0,1806.0,1760.0,1779.99,1786.0,-6.01,-0.3365,32047.19,5712249.507
600519.SH,2022-10-12,1773.66,1779.0,1708.0,1760.0,1779.99,-19.99,-1.123,48195.0,8372252.823
600519.SH,2022-10-13,1720.46,1735.0,1697.0,1699.99,1760.0,-60.01,-3.4097,63969.27,10919727.537
600519.SH,2022-10-14,1710.0,1755.0,1701.94,1737.61,1699.99,37.62,2.213,46519.7,8045032.623
600519.SH,2022-10-17,1726.0,1727.99,1697.8,1718.5,1737.61,-19.11,-1.0998,33549.51,5740146.639
600519.SH,2022-10-18,1725.0,1730.0,1701.0,1705.83,1718.5,-12.67,-0.7373,28082.77,4800689.502
600519.SH,2022-10-19,1701.98,1701.98,1648.0,1648.0,1705.83,-57.83,-3.3901,60120.93,9997656.284
600519.SH,2022-10-20,1621.0,1668.43,1611.0,1643.5,1648.0,-4.5,-0.2731,42778.07,7020555.512
600519.SH,2022-10-21,1640.0,1647.8,1610.0,1624.0,1643.5,-19.5,-1.1865,38907.4,6317945.876
600519.SH,2022-10-24,1570.0,1589.0,1488.01,1501.28,1624.0,-122.72,-7.5567,132098.04,20217576.174
600519.SH,2022-10-25,1479.42,1515.0,1472.0,1479.75,1501.28,-21.53,-1.4341,81361.56,12136909.034
600519.SH,2022-10-26,1488.8,1514.99,1460.0,1464.08,1479.75,-15.67,-1.059,81780.83,12120993.864
600519.SH,2022-10-27,1480.0,1487.98,1383.85,1401.0,1464.08,-63.08,-4.3085,107105.9,15258551.283
600519.SH,2022-10-28,1390.77,1406.0,1358.71,1360.0,1401.0,-41.0,-2.9265,93142.75,12823821.843
600519.SH,2022-10-31,1350.0,1382.01,1333.0,1350.0,1360.0,-10.0,-0.7353,71846.65,9758303.071
600519.SH,2022-11-01,1359.0,1469.4,1359.0,1462.01,1350.0,112.01,8.297,118766.48,16859775.304
600519.SH,2022-11-02,1460.0,1506.0,1436.0,1471.96,1462.01,9.95,0.6806,79777.15,11717204.099
600519.SH,2022-11-03,1443.57,1462.5,1428.1,1439.5,1471.96,-32.46,-2.2052,45159.7,6509550.787
600519.SH,2022-11-04,1437.96,1527.77,1437.96,1516.57,1439.5,77.07,5.3539,80007.95,11996968.945
600519.SH,2022-11-07,1494.05,1518.48,1486.59,1507.11,1516.57,-9.46,-0.6238,42698.35,6414049.133
600519.SH,2022-11-08,1508.0,1517.99,1468.96,1484.88,1507.11,-22.23,-1.475,39324.91,5842320.995
600519.SH,2022-11-09,1483.95,1488.88,1450.0,1459.9,1484.88,-24.98,-1.6823,36090.16,5276777.53
600519.SH,2022-11-10,1444.0,1485.0,1435.15,1475.0,1459.9,15.1,1.0343,37719.67,5518325.849
600519.SH,2022-11-11,1528.0,1544.45,1494.98,1528.15,1475.0,53.15,3.6034,73947.15,11252112.275
600519.SH,2022-11-14,1543.5,1563.53,1528.0,1533.0,1528.15,4.85,0.3174,57370.15,8858049.581
600519.SH,2022-11-15,1532.0,1598.97,1521.0,1588.0,1533.0,55.0,3.5877,56317.6,8858377.894
600519.SH,2022-11-16,1581.0,1598.0,1568.0,1585.25,1588.0,-2.75,-0.1732,26847.76,4250886.805
600519.SH,2022-11-17,1590.5,1596.3,1552.88,1567.0,1585.25,-18.25,-1.1512,30579.88,4793001.162
600519.SH,2022-11-18,1576.0,1584.0,1556.0,1567.13,1567.0,0.13,0.0083,23608.71,3703793.426
600519.SH,2022-11-21,1541.35,1541.35,1498.53,1519.98,1567.13,-47.15,-3.0087,39096.0,5917086.07
600519.SH,2022-11-22,1517.44,1559.74,1516.11,1539.95,1519.98,19.97,1.3138,29900.62,4582790.131
600519.SH,2022-11-23,1528.0,1557.0,1521.04,1549.0,1539.95,9.05,0.5877,22177.46,3428793.052
600519.SH,2022-11-24,1559.0,1568.88,1513.98,1519.99,1549.0,-29.01,-1.8728,27687.38,4241974.248
600519.SH,2022-11-25,1520.51,1532.0,1510.0,1522.01,1519.99,2.02,0.1329,18621.04,2833988.373
600519.SH,2022-11-28,1484.78,1515.0,1451.0,1509.88,1522.01,-12.13,-0.797,47723.21,7040991.068
600519.SH,2022-11-29,1569.56,1600.0,1551.0,1599.0,1509.88,89.12,5.9025,73420.13,11587859.176
600519.SH,2022-11-30,1587.12,1604.0,1585.0,1599.0,1599.0,0.0,0.0,31497.3,5019450.678
600519.SH,2022-12-01,1660.0,1680.0,1630.79,1630.8,1599.0,31.8,1.9887,51357.68,8480772.923
600519.SH,2022-12-02,1635.0,1652.99,1621.2,1633.88,1630.8,3.08,0.1889,23883.9,3910860.618
600519.SH,2022-12-05,1668.0,1679.0,1649.0,1664.9,1633.88,31.02,1.8985,36127.46,6018521.304
600519.SH,2022-12-06,1655.0,1726.9,1652.0,1688.0,1664.9,23.1,1.3875,44147.48,7477917.194
600519.SH,2022-12-07,1677.81,1720.0,1670.03,1684.0,1688.0,-4.0,-0.237,35526.26,6012253.045
600519.SH,2022-12-08,1682.0,1695.0,1665.0,1687.02,1684.0,3.02,0.1793,19729.56,3323420.877
600519.SH,2022-12-09,1692.0,1730.0,1682.0,1730.0,1687.02,42.98,2.5477,39215.26,6716944.493
600519.SH,2022-12-12,1715.86,1766.0,1715.0,1739.02,1730.0,9.02,0.5214,34755.17,6063957.619
600519.SH,2022-12-13,1737.0,1760.69,1730.0,1750.0,1739.02,10.98,0.6314,21385.46,3735089.152
600519.SH,2022-12-14,1743.0,1780.8,1743.0,1770.87,1750.0,20.87,1.1926,29098.4,5141262.368
600519.SH,2022-12-15,1805.0,1816.0,1780.0,1786.99,1770.87,16.12,0.9103,30634.44,5497063.39
600519.SH,2022-12-16,1773.25,1791.0,1743.0,1786.87,1786.99,-0.12,-0.0067,33302.66,5901587.128
600519.SH,2022-12-19,1798.8,1798.8,1760.17,1773.0,1786.87,-13.87,-0.7762,24987.1,4447236.356
600519.SH,2022-12-20,1765.33,1765.33,1682.45,1715.0,1773.0,-58.0,-3.2713,46198.4,7944120.661
600519.SH,2022-12-21,1724.0,1739.0,1717.65,1739.0,1715.0,24.0,1.3994,22816.14,3948926.227
600519.SH,2022-12-22,1756.7,1783.0,1745.0,1768.0,1739.0,29.0,1.6676,23175.34,4093861.57
600519.SH,2022-12-23,1752.4,1782.0,1745.0,1771.0,1768.0,3.0,0.1697,17319.21,3063608.409
600519.SH,2022-12-26,1771.0,1771.0,1735.02,1742.06,1771.0,-28.94,-1.6341,21383.8,3749121.03
600519.SH,2022-12-27,1738.0,1747.15,1725.5,1733.0,1720.15,12.85,0.747,17905.05,3109270.166
600519.SH,2022-12-28,1745.88,1747.0,1708.01,1733.0,1733.0,0.0,0.0,21437.9,3699948.995
600519.SH,2022-12-29,1717.0,1726.99,1701.05,1719.0,1733.0,-14.0,-0.8078,22417.8,3844499.655
600519.SH,2022-12-30,1736.0,1752.99,1727.0,1727.0,1719.0,8.0,0.4654,25333.12,4409544.297
600519.SH,2023-01-03,1731.2,1738.43,1706.01,1730.01,1727.0,3.01,0.1743,26033.8,4487760.231
600519.SH,2023-01-04,1730.0,1738.7,1716.0,1725.01,1730.01,-5.0,-0.289,20415.75,3523582.306
600519.SH,2023-01-05,1737.0,1801.0,1733.0,1801.0,1725.01,75.99,4.4052,47942.85,8541587.089
600519.SH,2023-01-06,1806.12,1811.9,1787.0,1803.77,1801.0,2.77,0.1538,24903.75,4480838.898
600519.SH,2023-01-09,1835.0,1849.98,1807.82,1841.2,1803.77,37.43,2.0751,30977.23,5684181.147
600519.SH,2023-01-10,1839.06,1864.5,1830.5,1854.45,1841.2,13.25,0.7196,22731.73,4204783.734
600519.SH,2023-01-11,1856.0,1860.0,1836.84,1844.95,1854.45,-9.5,-0.5123,22720.31,4201487.773
600519.SH,2023-01-12,1848.0,1856.0,1833.0,1834.0,1844.95,-10.95,-0.5935,17193.17,3162637.136
600519.SH,2023-01-13,1844.18,1888.0,1840.0,1887.0,1834.0,53.0,2.8899,31939.65,5969876.222
600519.SH,2023-01-16,1886.0,1935.0,1881.0,1912.9,1887.0,25.9,1.3725,36848.26,7059982.64
600519.SH,2023-01-17,1913.16,1923.0,1895.0,1908.0,1912.9,-4.9,-0.2562,21299.23,4068321.409
600519.SH,2023-01-18,1914.0,1925.3,1890.0,1893.0,1908.0,-15.0,-0.7862,21062.93,4008665.438
600519.SH,2023-01-19,1892.5,1892.52,1866.0,1880.21,1893.0,-12.79,-0.6756,23438.89,4401994.437
600519.SH,2023-01-20,1889.19,1898.25,1858.0,1860.01,1880.21,-20.2,-1.0743,25608.75,4807356.071
600519.SH,2023-01-30,1909.0,1909.0,1880.0,1888.0,1860.01,27.99,1.5048,35922.55,6799756.571
600519.SH,2023-01-31,1896.5,1899.95,1833.07,1845.76,1888.0,-42.24,-2.2373,32990.68,6128311.548
600519.SH,2023-02-01,1854.98,1859.0,1811.4,1844.97,1845.76,-0.79,-0.0428,33973.89,6244678.925
600519.SH,2023-02-02,1848.38,1859.0,1826.0,1836.11,1844.97,-8.86,-0.4802,29758.86,5465509.51
600519.SH,2023-02-03,1820.0,1826.0,1795.68,1818.0,1836.11,-18.11,-0.9863,34944.9,6324635.031
600519.SH,2023-02-06,1780.0,1795.0,1760.0,1795.0,1818.0,-23.0,-1.2651,42660.95,7595739.044
600519.SH,2023-02-07,1808.08,1808.8,1787.73,1797.0,1795.0,2.0,0.1114,24321.71,4373671.735
600519.SH,2023-02-08,1800.01,1805.97,1775.0,1784.0,1797.0,-13.0,-0.7234,16675.77,2980574.806
600519.SH,2023-02-09,1778.0,1829.75,1775.01,1818.0,1784.0,34.0,1.9058,29753.66,5401399.088
600519.SH,2023-02-10,1810.1,1818.49,1801.05,1810.0,1818.0,-8.0,-0.44,17984.51,3253859.317
600519.SH,2023-02-13,1810.0,1874.5,1810.0,1856.35,1810.0,46.35,2.5608,38146.7,7058382.498
600519.SH,2023-02-14,1856.46,1857.4,1835.0,1843.79,1856.35,-12.56,-0.6766,19565.76,3601769.574
600519.SH,2023-02-15,1843.78,1855.3,1835.81,1841.0,1843.79,-2.79,-0.1513,18176.91,3351422.211
600519.SH,2023-02-16,1841.34,1887.0,1828.0,1861.82,1841.0,20.82,1.1309,33245.95,6196915.13
600519.SH,2023-02-17,1850.16,1873.0,1820.05,1820.78,1861.82,-41.04,-2.2043,26442.83,4880328.952
600519.SH,2023-02-20,1821.0,1878.8,1817.2,1875.0,1820.78,54.22,2.9778,29668.69,5488800.056
600519.SH,2023-02-21,1874.0,1874.0,1851.0,1867.0,1875.0,-8.0,-0.4267,18750.52,3491633.51
600519.SH,2023-02-22,1855.01,1863.9,1831.8,1836.0,1867.0,-31.0,-1.6604,21869.16,4031016.045
600519.SH,2023-02-23,1840.0,1848.8,1805.25,1818.0,1836.0,-18.0,-0.9804,21880.97,3983991.208
600519.SH,2023-02-24,1810.11,1810.19,1782.18,1788.0,1818.0,-30.0,-1.6502,24634.61,4415621.498
600519.SH,2023-02-27,1778.5,1815.0,1775.02,1810.41,1788.0,22.41,1.2534,22064.89,3978128.676
600519.SH,2023-02-28,1819.0,1822.01,1783.3,1813.74,1810.41,3.33,0.1839,23951.81,4314877.096
600519.SH,2023-03-01,1813.0,1848.0,1803.23,1838.53,1813.74,24.79,1.3668,24458.1,4475592.195
600519.SH,2023-03-02,1829.0,1838.99,1821.1,1828.0,1838.53,-10.53,-0.5727,13144.19,2405292.304
600519.SH,2023-03-03,1839.77,1841.61,1802.48,1818.04,1828.0,-9.96,-0.5449,16198.06,2946842.659
600519.SH,2023-03-06,1818.18,1818.5,1796.77,1807.14,1818.04,-10.9,-0.5995,20645.86,3730079.522
600519.SH,2023-03-07,1805.98,1816.6,1788.0,1788.3,1807.14,-18.84,-1.0425,22785.39,4101302.456
600519.SH,2023-03-08,1780.02,1785.94,1761.12,1770.42,1788.3,-17.88,-0.9998,22763.7,4035787.172
600519.SH,2023-03-09,1768.0,1785.0,1740.0,1770.02,1770.42,-0.4,-0.0226,27611.5,4881442.71
600519.SH,2023-03-10,1751.57,1781.0,1750.0,1750.0,1770.02,-20.02,-1.1311,21160.82,3725139.075
600519.SH,2023-03-13,1751.0,1775.0,1749.0,1762.0,1750.0,12.0,0.6857,20560.43,3626476.291
600519.SH,2023-03-14,1763.78,1779.88,1738.5,1766.0,1762.0,4.0,0.227,23704.92,4177289.027
600519.SH,2023-03-15,1778.37,1784.88,1750.12,1750.92,1766.0,-15.08,-0.8539,19212.53,3392698.49
600519.SH,2023-03-16,1740.0,1770.0,1739.01,1751.99,1750.92,1.07,0.0611,17646.24,3096791.142
600519.SH,2023-03-17,1770.0,1775.89,1736.0,1742.0,1751.99,-9.99,-0.5702,27022.91,4744249.369
600519.SH,2023-03-20,1751.0,1755.0,1728.0,1729.6,1742.0,-12.4,-0.7118,20490.93,3557872.017
600519.SH,2023-03-21,1735.0,1785.85,1723.97,1775.0,1729.6,45.4,2.6249,31141.82,5491052.284
600519.SH,2023-03-22,1780.0,1793.0,1765.55,1773.35,1775.0,-1.65,-0.093,15330.26,2727648.674
600519.SH,2023-03-23,1766.0,1791.11,1765.01,1774.86,1773.35,1.51,0.0851,17355.66,3082821.551
600519.SH,2023-03-24,1769.08,1783.6,1766.0,1778.62,1774.86,3.76,0.2118,12769.96,2269649.179
600519.SH,2023-03-27,1778.6,1778.6,1756.0,1767.79,1778.62,-10.83,-0.6089,15295.55,2700755.933
600519.SH,2023-03-28,1770.0,1790.0,1765.02,1781.8,1767.79,14.01,0.7925,17261.35,3073113.077
600519.SH,2023-03-29,1799.0,1800.0,1785.07,1790.0,1781.8,8.2,0.4602,15392.99,2761909.333
600519.SH,2023-03-30,1793.0,1805.0,1779.0,1800.0,1790.0,10.0,0.5587,19257.01,3453573.052
600519.SH,2023-03-31,1825.0,1848.0,1819.0,1820.0,1800.0,20.0,1.1111,27446.33,5024790.356
600519.SH,2023-04-03,1825.0,1827.77,1800.08,1802.07,1820.0,-17.93,-0.9852,21417.43,3875811.673
600519.SH,2023-04-04,1812.0,1815.17,1787.0,1814.59,1802.07,12.52,0.6948,20066.26,3614275.263
600519.SH,2023-04-06,1805.0,1815.9,1788.22,1796.96,1814.59,-17.63,-0.9716,14874.22,2676251.956
600519.SH,2023-04-07,1795.0,1806.01,1788.34,1790.99,1796.96,-5.97,-0.3322,13524.68,2428160.574
600519.SH,2023-04-10,1790.88,1790.88,1744.0,1771.7,1790.99,-19.29,-1.0771,29418.22,5171150.567
600519.SH,2023-04-11,1793.0,1793.0,1744.0,1745.5,1771.7,-26.2,-1.4788,29209.19,5138854.627
600519.SH,2023-04-12,1747.26,1750.0,1692.82,1694.1,1745.5,-51.4,-2.9447,51104.92,8732657.376
600519.SH,2023-04-13,1690.0,1723.59,1684.01,1723.0,1694.1,28.9,1.7059,29542.68,5049310.126
600519.SH,2023-04-14,1726.0,1733.0,1704.8,1713.42,1723.0,-9.58,-0.556,21231.62,3646526.766
600519.SH,2023-04-17,1740.0,1753.0,1728.0,1753.0,1713.42,39.58,2.31,30467.23,5303401.395
600519.SH,2023-04-18,1753.0,1769.0,1746.02,1758.0,1753.0,5.0,0.2852,18313.89,3220107.647
600519.SH,2023-04-19,1762.0,1765.5,1750.0,1759.0,1758.0,1.0,0.0569,14600.56,2568632.845
600519.SH,2023-04-20,1760.11,1765.0,1729.0,1741.88,1759.0,-17.12,-0.9733,19885.37,3468366.835
600519.SH,2023-04-21,1746.0,1748.08,1721.28,1725.47,1741.88,-16.41,-0.9421,18517.87,3210937.222
600519.SH,2023-04-24,1721.0,1722.0,1701.0,1705.0,1725.47,-20.47,-1.1863,20230.91,3456728.718
600519.SH,2023-04-25,1706.0,1735.98,1702.0,1730.38,1705.0,25.38,1.4886,20582.51,3534989.917
600519.SH,2023-04-26,1744.0,1761.0,1720.0,1743.91,1730.38,13.53,0.7819,27891.6,4861477.657
600519.SH,2023-04-27,1748.0,1770.0,1730.0,1757.92,1743.91,14.01,0.8034,25605.04,4489906.864
600519.SH,2023-04-28,1763.01,1782.77,1753.97,1760.52,1757.92,2.6,0.1479,26224.64,4636084.177
600519.SH,2023-05-04,1769.0,1777.67,1736.0,1749.9,1760.52,-10.62,-0.6032,27466.42,4818999.65
600519.SH,2023-05-05,1766.0,1766.0,1736.39,1750.0,1749.9,0.1,0.0057,20714.21,3621305.973
600519.SH,2023-05-08,1768.32,1769.0,1717.17,1720.52,1750.0,-29.48,-1.6846,33171.26,5742915.994
600519.SH,2023-05-09,1715.0,1739.98,1707.07,1722.0,1720.52,1.48,0.086,29377.96,5057346.564
600519.SH,2023-05-10,1715.19,1736.0,1715.0,1725.0,1722.0,3.0,0.1742,20772.6,3588550.877
600519.SH,2023-05-11,1731.0,1735.0,1715.0,1717.07,1725.0,-7.93,-0.4597,15246.12,2623835.905
600519.SH,2023-05-12,1715.0,1729.88,1705.01,1706.4,1717.07,-10.67,-0.6214,19460.45,3335038.59
600519.SH,2023-05-15,1702.0,1717.0,1691.2,1716.3,1706.4,9.9,0.5802,25740.18,4384647.977
600519.SH,2023-05-16,1713.99,1719.99,1697.0,1703.29,1716.3,-13.01,-0.758,22223.77,3785811.907
600519.SH,2023-05-17,1708.0,1713.0,1699.01,1701.0,1703.29,-2.29,-0.1344,16776.91,2858697.942
600519.SH,2023-05-18,1704.99,1705.4,1690.0,1691.0,1701.0,-10.0,-0.5879,19219.28,3260170.684
600519.SH,2023-05-19,1671.0,1704.33,1655.55,1699.5,1691.0,8.5,0.5027,26741.16,4504022.549
600519.SH,2023-05-22,1690.01,1752.0,1690.0,1746.0,1699.5,46.5,2.7361,41284.32,7165754.129
600519.SH,2023-05-23,1753.99,1754.0,1724.55,1724.55,1746.0,-21.45,-1.2285,16894.21,2934118.394
600519.SH,2023-05-24,1732.33,1733.55,1710.11,1710.9,1724.55,-13.65,-0.7915,18479.27,3182416.491
600519.SH,2023-05-25,1705.99,1710.0,1690.0,1701.0,1710.9,-9.9,-0.5786,22465.6,3814504.093
600519.SH,2023-05-26,1702.0,1705.0,1675.01,1690.56,1701.0,-10.44,-0.6138,18291.1,3090691.546
600519.SH,2023-05-29,1697.0,1698.35,1678.0,1689.0,1690.56,-1.56,-0.0923,17771.41,2998147.159
600519.SH,2023-05-30,1689.0,1698.89,1658.56,1668.29,1689.0,-20.71,-1.2262,26453.4,4424706.688
600519.SH,2023-05-31,1661.01,1665.72,1626.67,1628.9,1668.29,-39.39,-2.3611,36956.97,6053737.281
600519.SH,2023-06-01,1618.0,1674.99,1618.0,1635.92,1628.9,7.02,0.431,28645.25,4708722.933
600519.SH,2023-06-02,1645.0,1673.15,1636.11,1670.6,1635.92,34.68,2.1199,25058.02,4163116.244
600519.SH,2023-06-05,1666.16,1682.88,1663.0,1665.0,1670.6,-5.6,-0.3352,16200.5,2704294.313
600519.SH,2023-06-06,1670.0,1684.0,1651.55,1666.99,1665.0,1.99,0.1195,19913.92,3326778.183
600519.SH,2023-06-07,1672.99,1678.8,1650.0,1650.9,1666.99,-16.09,-0.9652,17889.64,2971782.064
600519.SH,2023-06-08,1655.83,1675.0,1650.01,1668.0,1650.9,17.1,1.0358,14702.72,2441569.677
600519.SH,2023-06-09,1671.99,1677.97,1666.0,1666.0,1668.0,-2.0,-0.1199,17580.41,2938014.322
600519.SH,2023-06-12,1666.02,1708.0,1661.52,1696.0,1666.0,30.0,1.8007,27029.44,4562308.599
600519.SH,2023-06-13,1693.88,1704.61,1685.0,1699.0,1696.0,3.0,0.1769,14662.54,2485398.902
600519.SH,2023-06-14,1719.0,1734.24,1706.21,1726.88,1699.0,27.88,1.641,31505.8,5438040.356
600519.SH,2023-06-15,1730.34,1755.65,1723.0,1755.0,1726.88,28.12,1.6284,25222.57,4395900.802
600519.SH,2023-06-16,1757.0,1800.0,1750.1,1797.69,1755.0,42.69,2.4325,37917.89,6742301.361
600519.SH,2023-06-19,1790.0,1797.95,1738.0,1744.0,1797.69,-53.69,-2.9866,31699.92,5584248.725
600519.SH,2023-06-20,1740.0,1765.0,1735.0,1743.46,1744.0,-0.54,-0.031,20946.74,3659824.529
600519.SH,2023-06-21,1740.0,1756.6,1735.0,1735.83,1743.46,-7.63,-0.4376,17720.61,3088635.934
600519.SH,2023-06-26,1720.11,1730.0,1695.0,1709.0,1735.83,-26.83,-1.5457,23992.68,4098619.51
600519.SH,2023-06-27,1709.99,1719.7,1700.09,1711.05,1709.0,2.05,0.12,15174.46,2598138.744
600519.SH,2023-06-28,1713.18,1734.0,1711.0,1728.38,1711.05,17.33,1.0128,18573.56,3199294.221
600519.SH,2023-06-29,1731.0,1734.99,1713.01,1713.71,1728.38,-14.67,-0.8488,14231.16,2446524.134
600519.SH,2023-06-30,1700.0,1708.99,1686.48,1691.0,1687.8,3.2,0.1896,20458.69,3472586.73
600519.SH,2023-07-03,1699.0,1725.28,1692.0,1724.1,1691.0,33.1,1.9574,19139.09,3286737.792
600519.SH,2023-07-04,1724.2,1734.44,1718.08,1730.6,1724.1,6.5,0.377,12472.38,2155553.635
600519.SH,2023-07-05,1730.0,1731.97,1700.0,1715.38,1730.6,-15.22,-0.8795,14745.39,2523960.725
600519.SH,2023-07-06,1709.16,1733.0,1700.0,1702.98,1715.38,-12.4,-0.7229,15140.62,2589459.002
600519.SH,2023-07-07,1701.0,1708.99,1690.0,1690.03,1702.98,-12.95,-0.7604,15167.42,2571458.553
600519.SH,2023-07-10,1705.0,1714.96,1700.0,1700.9,1690.03,10.87,0.6432,13477.41,2298241.728
600519.SH,2023-07-11,1710.0,1715.17,1702.1,1710.0,1700.9,9.1,0.535,12582.7,2151079.27
600519.SH,2023-07-12,1713.04,1723.0,1711.33,1713.8,1710.0,3.8,0.2222,13284.67,2280785.351
600519.SH,2023-07-13,1721.99,1745.41,1719.01,1738.4,1713.8,24.6,1.4354,25806.54,4479772.5
600519.SH,2023-07-14,1756.0,1758.5,1741.2,1753.0,1738.4,14.6,0.8399,18550.3,3245530.255
600519.SH,2023-07-17,1751.0,1751.0,1726.6,1729.97,1753.0,-23.03,-1.3137,14336.48,2482069.846
600519.SH,2023-07-18,1733.58,1734.51,1721.0,1722.8,1729.97,-7.17,-0.4145,14737.65,2544005.063
600519.SH,2023-07-19,1715.01,1728.0,1713.8,1723.0,1722.8,0.2,0.0116,12483.22,2147704.435
600519.SH,2023-07-20,1727.99,1748.98,1722.0,1724.0,1723.0,1.0,0.058,16692.65,2897176.49
600519.SH,2023-07-21,1731.88,1772.5,1726.0,1771.3,1724.0,47.3,2.7436,39377.4,6931535.726
600519.SH,2023-07-24,1750.52,1771.15,1750.52,1771.15,1771.3,-0.15,-0.0085,19713.37,3476648.177
600519.SH,2023-07-25,1800.0,1828.88,1799.99,1828.55,1771.15,57.4,3.2408,43086.46,7837450.019
600519.SH,2023-07-26,1828.55,1835.99,1815.08,1828.55,1828.55,0.0,0.0,19611.45,3580171.484
600519.SH,2023-07-27,1836.0,1854.79,1828.7,1838.03,1828.55,9.48,0.5184,20340.43,3749635.29
600519.SH,2023-07-28,1832.0,1900.0,1828.01,1897.0,1838.03,58.97,3.2083,39017.92,7330314.112
600519.SH,2023-07-31,1908.0,1935.0,1874.0,1880.58,1897.0,-16.42,-0.8656,45378.61,8615279.839
600519.SH,2023-08-01,1878.01,1906.95,1877.89,1889.0,1880.58,8.42,0.4477,19230.62,3635857.283
600519.SH,2023-08-02,1883.4,1890.0,1866.8,1880.0,1889.0,-9.0,-0.4764,18508.72,3478674.239
600519.SH,2023-08-03,1870.0,1890.0,1850.5,1878.47,1880.0,-1.53,-0.0814,21543.47,4031087.705
600519.SH,2023-08-04,1887.82,1906.52,1882.0,1893.47,1878.47,15.0,0.7985,24573.64,4655813.751
600519.SH,2023-08-07,1880.95,1898.0,1871.03,1887.93,1893.47,-5.54,-0.2926,23892.45,4491893.14
600519.SH,2023-08-08,1880.03,1893.71,1864.08,1890.0,1887.93,2.07,0.1096,17736.18,3333559.505
600519.SH,2023-08-09,1890.0,1905.0,1882.96,1890.28,1890.0,0.28,0.0148,18523.46,3506306.394
600519.SH,2023-08-10,1882.0,1889.0,1862.3,1875.0,1890.28,-15.28,-0.8083,18436.19,3454219.14
600519.SH,2023-08-11,1885.0,1885.4,1833.88,1834.0,1875.0,-41.0,-2.1867,26786.49,4959166.751
600519.SH,2023-08-14,1810.0,1824.98,1796.0,1803.0,1834.0,-31.0,-1.6903,23731.19,4285362.053
600519.SH,2023-08-15,1809.0,1818.0,1801.01,1812.98,1803.0,9.98,0.5535,14817.99,2682125.119
600519.SH,2023-08-16,1807.58,1823.35,1806.0,1820.0,1812.98,7.02,0.3872,13184.31,2396261.791
600519.SH,2023-08-17,1806.08,1834.0,1801.55,1828.05,1820.0,8.05,0.4423,17290.37,3141408.018
600519.SH,2023-08-18,1831.99,1834.99,1802.59,1802.59,1828.05,-25.46,-1.3927,17023.34,3084761.577
600519.SH,2023-08-21,1793.0,1813.99,1790.07,1791.0,1802.59,-11.59,-0.643,18911.81,3405415.645
600519.SH,2023-08-22,1800.99,1802.56,1771.02,1788.0,1791.0,-3.0,-0.1675,26650.36,4763131.152
600519.SH,2023-08-23,1797.0,1800.0,1770.08,1774.0,1788.0,-14.0,-0.783,19912.22,3556178.584
600519.SH,2023-08-24,1779.62,1828.0,1775.0,1816.3,1774.0,42.3,2.3844,26055.09,4703417.6
600519.SH,2023-08-25,1808.79,1837.77,1806.01,1824.98,1816.3,8.68,0.4779,18830.86,3433296.756
600519.SH,2023-08-28,1898.58,1898.58,1831.88,1834.97,1824.98,9.99,0.5474,41052.13,7633221.012
600519.SH,2023-08-29,1828.0,1869.08,1828.0,1851.33,1834.97,16.36,0.8916,28950.28,5371260.173
600519.SH,2023-08-30,1867.9,1868.0,1843.66,1856.0,1851.33,4.67,0.2523,19811.81,3672570.26
600519.SH,2023-08-31,1860.0,1860.0,1841.01,1847.0,1856.0,-9.0,-0.4849,14820.22,2738445.519
600519.SH,2023-09-01,1852.83,1865.47,1846.03,1851.05,1847.0,4.05,0.2193,13145.19,2438622.738
600519.SH,2023-09-04,1862.6,1879.94,1853.53,1866.0,1851.05,14.95,0.8076,23871.0,4453823.216
600519.SH,2023-09-05,1868.0,1868.0,1856.8,1858.7,1866.0,-7.3,-0.3912,15658.74,2915625.961
600519.SH,2023-09-06,1858.0,1866.66,1849.01,1861.0,1858.7,2.3,0.1237,11121.43,2067605.99
600519.SH,2023-09-07,1852.6,1856.89,1831.19,1838.0,1861.0,-23.0,-1.2359,16981.57,3128587.116
600519.SH,2023-09-08,1834.94,1834.94,1814.95,1818.5,1838.0,-19.5,-1.0609,12211.78,2224338.144
600519.SH,2023-09-11,1808.0,1840.0,1808.0,1822.17,1818.5,3.67,0.2018,15926.0,2902617.736
600519.SH,2023-09-12,1826.6,1826.98,1816.02,1819.96,1822.17,-2.21,-0.1213,12168.01,2214514.112
600519.SH,2023-09-13,1829.92,1829.92,1800.05,1819.91,1819.96,-0.05,-0.0027,19501.43,3540583.633
600519.SH,2023-09-14,1822.53,1826.98,1806.0,1818.69,1819.91,-1.22,-0.067,17504.59,3180447.848
600519.SH,2023-09-15,1819.0,1819.78,1781.3,1781.99,1818.69,-36.7,-2.0179,28431.46,5105749.077
600519.SH,2023-09-18,1776.31,1829.5,1773.0,1829.2,1781.99,47.21,2.6493,32558.92,5905121.0
600519.SH,2023-09-19,1822.2,1829.0,1808.0,1826.94,1829.2,-2.26,-0.1236,14989.5,2727858.953
600519.SH,2023-09-20,1822.0,1830.0,1818.05,1824.0,1826.94,-2.94,-0.1609,12501.78,2281583.949
600519.SH,2023-09-21,1818.01,1822.0,1798.39,1798.39,1824.0,-25.61,-1.4041,19489.19,3521486.755
600519.SH,2023-09-22,1805.63,1849.96,1792.41,1849.0,1798.39,50.61,2.8142,34390.46,6287832.575
600519.SH,2023-09-25,1847.5,1848.0,1826.59,1832.38,1849.0,-16.62,-0.8989,13979.13,2565773.541
600519.SH,2023-09-26,1828.0,1834.88,1813.1,1816.0,1832.38,-16.38,-0.8939,15761.96,2870852.363
600519.SH,2023-09-27,1815.0,1833.5,1802.8,1814.0,1816.0,-2.0,-0.1101,20879.94,3791876.119
600519.SH,2023-09-28,1824.98,1824.98,1797.8,1798.55,1814.0,-15.45,-0.8517,20537.84,3704812.96
600519.SH,2023-10-09,1796.94,1796.94,1764.9,1777.0,1798.55,-21.55,-1.1982,29762.68,5279950.406
600519.SH,2023-10-10,1782.89,1798.98,1768.0,1770.0,1777.0,-7.0,-0.3939,20283.92,3615557.182
600519.SH,2023-10-11,1784.65,1784.65,1768.0,1778.5,1770.0,8.5,0.4802,21944.86,3896568.648
600519.SH,2023-10-12,1797.9,1798.23,1777.2,1786.0,1778.5,7.5,0.4217,14865.07,2657095.942
600519.SH,2023-10-13,1770.88,1778.01,1738.19,1751.0,1786.0,-35.0,-1.9597,25027.88,4387687.934
600519.SH,2023-10-16,1750.98,1756.0,1722.45,1729.9,1751.0,-21.1,-1.205,20789.65,3603604.61
600519.SH,2023-10-17,1739.0,1739.44,1716.0,1726.0,1729.9,-3.9,-0.2254,14945.23,2577312.288
600519.SH,2023-10-18,1718.8,1742.0,1717.18,1728.0,1726.0,2.0,0.1159,20317.5,3511987.514
600519.SH,2023-10-19,1700.0,1700.03,1626.03,1630.0,1728.0,-98.0,-5.6713,73492.37,12146921.769
600519.SH,2023-10-20,1630.0,1655.0,1616.25,1645.0,1630.0,15.0,0.9202,45376.01,7421390.806
600519.SH,2023-10-23,1629.97,1660.0,1621.6,1643.98,1645.0,-1.02,-0.062,25234.23,4138279.588
600519.SH,2023-10-24,1648.0,1653.36,1621.21,1642.95,1643.98,-1.03,-0.0627,29861.46,4894807.617
600519.SH,2023-10-25,1670.11,1698.0,1667.02,1677.5,1642.95,34.55,2.1029,36178.98,6075417.064
600519.SH,2023-10-26,1667.0,1688.0,1662.01,1672.23,1677.5,-5.27,-0.3142,22386.35,3741418.874
600519.SH,2023-10-27,1664.0,1691.88,1660.6,1676.71,1672.23,4.48,0.2679,34262.39,5754795.486
600519.SH,2023-10-30,1669.0,1688.88,1669.0,1681.0,1676.71,4.29,0.2559,24086.42,4050573.178
600519.SH,2023-10-31,1680.0,1690.0,1667.85,1684.58,1681.0,3.58,0.213,19858.77,3335804.699
600519.SH,2023-11-01,1850.0,1850.0,1773.79,1780.99,1684.58,96.41,5.7231,93143.08,16747292.689
600519.SH,2023-11-02,1795.0,1795.0,1776.06,1779.5,1780.99,-1.49,-0.0837,27907.64,4982090.753
600519.SH,2023-11-03,1780.0,1814.89,1774.0,1811.24,1779.5,31.74,1.7836,30176.0,5433116.881
600519.SH,2023-11-06,1820.0,1823.79,1801.12,1812.0,1811.24,0.76,0.042,25523.92,4624102.375
600519.SH,2023-11-07,1805.0,1810.0,1784.08,1791.17,1812.0,-20.83,-1.1496,19581.59,3511590.028
600519.SH,2023-11-08,1784.05,1803.8,1782.87,1798.34,1791.17,7.17,0.4003,14545.67,2610041.959
600519.SH,2023-11-09,1790.11,1799.0,1783.0,1794.11,1798.34,-4.23,-0.2352,12800.48,2291996.819
600519.SH,2023-11-10,1780.55,1788.0,1773.1,1775.84,1794.11,-18.27,-1.0183,16465.57,2928380.668
600519.SH,2023-11-13,1772.28,1784.88,1756.98,1764.0,1775.84,-11.84,-0.6667,18369.95,3244573.621
600519.SH,2023-11-14,1764.0,1774.99,1760.01,1765.27,1764.0,1.27,0.072,12816.75,2263963.957
600519.SH,2023-11-15,1779.0,1782.89,1767.0,1772.93,1765.27,7.66,0.4339,18434.86,3271230.275
600519.SH,2023-11-16,1774.0,1776.0,1760.05,1760.05,1772.93,-12.88,-0.7265,12557.57,2215937.273
600519.SH,2023-11-17,1752.0,1759.0,1737.9,1753.42,1760.05,-6.63,-0.3767,21713.63,3793781.119
600519.SH,2023-11-20,1755.0,1769.5,1736.66,1762.5,1753.42,9.08,0.5178,18608.04,3265514.01
600519.SH,2023-11-21,1783.42,1798.0,1770.1,1790.0,1762.5,27.5,1.5603,30098.45,5383107.81
600519.SH,2023-11-22,1783.3,1794.35,1780.54,1781.51,1790.0,-8.49,-0.4743,12664.57,2263460.167
600519.SH,2023-11-23,1778.3,1788.0,1771.0,1786.0,1781.51,4.49,0.252,11549.64,2055272.193
600519.SH,2023-11-24,1789.0,1789.0,1775.0,1777.0,1786.0,-9.0,-0.5039,13085.4,2329345.658
600519.SH,2023-11-27,1773.3,1773.3,1755.0,1763.0,1777.0,-14.0,-0.7878,16260.74,2865075.217
600519.SH,2023-11-28,1761.0,1773.88,1758.0,1769.04,1763.0,6.04,0.3426,14519.76,2562905.659
600519.SH,2023-11-29,1768.0,1776.0,1758.0,1774.71,1769.04,5.67,0.3205,17149.33,3034175.614
600519.SH,2023-11-30,1776.72,1794.76,1771.08,1791.5,1774.71,16.79,0.9461,21353.42,3817513.545
600519.SH,2023-12-01,1789.31,1789.7,1748.0,1760.28,1791.5,-31.22,-1.7427,33051.31,5830850.111
600519.SH,2023-12-04,1760.28,1761.83,1745.28,1750.71,1760.28,-9.57,-0.5437,18440.47,3233102.118
600519.SH,2023-12-05,1748.78,1748.88,1708.02,1709.0,1750.71,-41.71,-2.3825,29903.01,5168983.317
600519.SH,2023-12-06,1702.63,1719.47,1701.13,1703.0,1709.0,-6.0,-0.3511,23851.29,4078003.022
600519.SH,2023-12-07,1704.0,1709.08,1687.3,1700.0,1703.0,-3.0,-0.1762,25041.5,4249170.906
600519.SH,2023-12-08,1700.0,1708.84,1692.22,1704.92,1700.0,4.92,0.2894,26288.01,4474160.126
600519.SH,2023-12-11,1690.0,1704.0,1657.0,1698.0,1704.92,-6.92,-0.4059,36830.98,6172810.248
600519.SH,2023-12-12,1687.6,1709.99,1684.0,1709.99,1698.0,11.99,0.7061,21010.66,3564305.866
600519.SH,2023-12-13,1705.22,1705.72,1657.08,1660.0,1709.99,-49.99,-2.9234,38788.7,6480807.5
600519.SH,2023-12-14,1665.96,1669.87,1635.02,1635.9,1660.0,-24.1,-1.4518,40672.15,6703240.107
600519.SH,2023-12-15,1648.23,1677.77,1644.01,1645.0,1635.9,9.1,0.5563,37092.51,6140791.726
600519.SH,2023-12-18,1640.0,1663.33,1635.0,1662.0,1645.0,17.0,1.0334,19897.34,3292194.757
600519.SH,2023-12-19,1665.0,1679.87,1645.09,1675.0,1662.0,13.0,0.7822,22206.76,3706057.587
600519.SH,2023-12-20,1658.0,1660.0,1643.0,1649.79,1655.89,-6.1,-0.3684,23092.03,3816133.219
600519.SH,2023-12-21,1640.01,1672.32,1640.01,1670.0,1649.79,20.21,1.225,29011.68,4827827.888
600519.SH,2023-12-22,1669.7,1679.1,1658.01,1670.65,1670.0,0.65,0.0389,21666.84,3613238.325
600519.SH,2023-12-25,1671.0,1678.6,1668.0,1672.0,1670.65,1.35,0.0808,12471.06,2086014.39
600519.SH,2023-12-26,1672.5,1674.9,1657.5,1670.0,1672.0,-2.0,-0.1196,14771.26,2457177.339
600519.SH,2023-12-27,1668.0,1677.15,1661.0,1667.06,1670.0,-2.94,-0.176,16055.5,2679221.365
600519.SH,2023-12-28,1670.99,1727.99,1667.06,1724.99,1667.06,57.93,3.475,38338.06,6537401.38
600519.SH,2023-12-29,1720.0,1749.58,1720.0,1726.0,1724.99,1.01,0.0586,27538.68,4768857.531
600519.SH,2024-01-02,1715.0,1718.19,1678.1,1685.01,1726.0,-40.99,-2.3749,32156.44,5440082.548
600519.SH,2024-01-03,1681.11,1695.22,1676.33,1694.0,1685.01,8.99,0.5335,20229.29,3411400.667
600519.SH,2024-01-04,1693.0,1693.0,1662.93,1669.0,1694.0,-25.0,-1.4758,21551.07,3603970.147
600519.SH,2024-01-05,1661.33,1678.66,1652.11,1663.36,1669.0,-5.64,-0.3379,20242.86,3373155.627
600519.SH,2024-01-08,1661.0,1662.0,1640.01,1643.99,1663.36,-19.37,-1.1645,25586.2,4211918.629
600519.SH,2024-01-09,1641.01,1652.32,1635.07,1641.0,1643.99,-2.99,-0.1819,24412.04,4009826.496
600519.SH,2024-01-10,1641.1,1659.46,1638.0,1641.5,1641.0,0.5,0.0305,17350.67,2856120.718
600519.SH,2024-01-11,1640.1,1657.94,1638.06,1646.57,1641.5,5.07,0.3089,16440.55,2708764.5
600519.SH,2024-01-12,1639.97,1651.26,1639.4,1643.06,1646.57,-3.51,-0.2132,11603.24,1908084.612
600519.SH,2024-01-15,1635.0,1654.97,1634.45,1640.0,1643.06,-3.06,-0.1862,17854.03,2931202.343
600519.SH,2024-01-16,1638.5,1647.0,1624.94,1639.43,1640.0,-0.57,-0.0348,25903.14,4236042.96
600519.SH,2024-01-17,1630.0,1635.48,1577.0,1577.0,1639.43,-62.43,-3.808,51632.76,8251735.591
600519.SH,2024-01-18,1574.0,1612.8,1555.55,1610.87,1577.0,33.87,2.1477,60439.81,9566349.514
600519.SH,2024-01-19,1608.87,1638.01,1600.88,1635.0,1610.87,24.13,1.4979,46378.43,7550144.389
600519.SH,2024-01-22,1629.0,1643.0,1618.88,1642.0,1635.0,7.0,0.4281,46945.89,7678297.836
600519.SH,2024-01-23,1632.01,1639.95,1609.0,1619.0,1642.0,-23.0,-1.4007,34834.9,5659457.115
600519.SH,2024-01-24,1629.0,1633.84,1603.56,1626.0,1619.0,7.0,0.4324,33216.35,5373603.703
600519.SH,2024-01-25,1626.82,1641.0,1622.0,1638.0,1626.0,12.0,0.738,31205.8,5094508.165
600519.SH,2024-01-26,1630.36,1644.1,1623.0,1637.32,1638.0,-0.68,-0.0415,26954.75,4402111.882
600519.SH,2024-01-29,1640.3,1660.58,1640.29,1650.0,1637.32,12.68,0.7744,31420.68,5189014.946
600519.SH,2024-01-30,1649.98,1649.98,1610.0,1613.0,1650.0,-37.0,-2.2424,30866.33,5010784.454
600519.SH,2024-01-31,1613.0,1619.97,1598.13,1604.91,1613.0,-8.09,-0.5015,29649.12,4770104.891
600519.SH,2024-02-01,1605.5,1623.89,1601.0,1610.03,1604.91,5.12,0.319,26485.15,4272298.576
600519.SH,2024-02-02,1615.0,1627.78,1581.0,1596.0,1610.03,-14.03,-0.8714,39382.02,6336691.194
600519.SH,2024-02-05,1596.0,1637.44,1595.25,1630.01,1596.0,34.01,2.131,53130.36,8590683.071
600519.SH,2024-02-06,1630.01,1685.48,1626.1,1676.0,1630.01,45.99,2.8215,52472.04,8740646.588
600519.SH,2024-02-07,1681.03,1714.59,1661.61,1710.99,1676.0,34.99,2.0877,52601.07,8899606.867
600519.SH,2024-02-08,1720.01,1725.0,1685.0,1706.0,1710.99,-4.99,-0.2916,46756.54,7953438.044
600519.SH,2024-02-19,1737.87,1737.93,1688.0,1695.43,1706.0,-10.57,-0.6196,36977.44,6288277.98
600519.SH,2024-02-20,1697.36,1697.36,1656.56,1670.0,1695.43,-25.43,-1.4999,34470.07,5755266.893
600519.SH,2024-02-21,1666.02,1731.0,1662.0,1717.66,1670.0,47.66,2.8539,46154.07,7868784.082
600519.SH,2024-02-22,1707.5,1723.01,1700.53,1718.38,1717.66,0.72,0.0419,22793.61,3905984.695
600519.SH,2024-02-23,1711.11,1724.38,1700.02,1714.09,1718.38,-4.29,-0.2497,27305.89,4670706.95
600519.SH,2024-02-26,1708.0,1708.74,1685.02,1694.98,1714.09,-19.11,-1.1149,27318.32,4625594.409
600519.SH,2024-02-27,1683.0,1692.92,1678.0,1689.5,1694.98,-5.48,-0.3233,22079.85,3718478.358
600519.SH,2024-02-28,1688.92,1696.57,1674.01,1681.55,1689.5,-7.95,-0.4706,31867.31,5371312.847
600519.SH,2024-02-29,1681.55,1696.5,1679.2,1695.0,1681.55,13.45,0.7999,24758.33,4184917.973
600519.SH,2024-03-01,1690.0,1694.97,1676.68,1685.06,1695.0,-9.94,-0.5864,26867.96,4526845.398
600519.SH,2024-03-04,1679.0,1680.99,1670.05,1676.3,1685.06,-8.76,-0.5199,26484.77,4434401.015
600519.SH,2024-03-05,1670.81,1697.0,1666.68,1695.1,1676.3,18.8,1.1215,36238.37,6102136.582
600519.SH,2024-03-06,1691.0,1695.0,1678.02,1680.55,1695.1,-14.55,-0.8584,22142.48,3725582.802
600519.SH,2024-03-07,1680.0,1689.8,1678.0,1683.63,1680.55,3.08,0.1833,21599.12,3633934.774
600519.SH,2024-03-08,1680.56,1686.68,1670.05,1671.43,1683.63,-12.2,-0.7246,22156.23,3710678.522
600519.SH,2024-03-11,1675.0,1698.88,1673.18,1694.49,1671.43,23.06,1.3797,29895.09,5048394.347
600519.SH,2024-03-12,1693.94,1749.1,1690.5,1745.0,1694.49,50.51,2.9808,54226.54,9393309.052
600519.SH,2024-03-13,1739.97,1748.0,1720.1,1727.45,1745.0,-17.55,-1.0057,26499.54,4588879.42
600519.SH,2024-03-14,1719.0,1734.84,1711.5,1716.63,1727.45,-10.82,-0.6264,19404.79,3338768.308
600519.SH,2024-03-15,1712.5,1732.4,1712.0,1717.49,1716.63,0.86,0.0501,17833.58,3066692.399
600519.SH,2024-03-18,1715.0,1719.85,1699.0,1708.26,1717.49,-9.23,-0.5374,26055.01,4446059.13
600519.SH,2024-03-19,1703.0,1719.94,1693.11,1708.02,1708.26,-0.24,-0.014,23947.53,4093701.261
600519.SH,2024-03-20,1703.36,1713.68,1700.23,1709.6,1708.02,1.58,0.0925,15249.25,2604543.856
600519.SH,2024-03-21,1708.1,1719.0,1704.5,1709.0,1709.6,-0.6,-0.0351,16595.97,2839332.631
600519.SH,2024-03-22,1705.03,1708.99,1688.0,1701.35,1709.0,-7.65,-0.4476,25456.14,4318592.818
600519.SH,2024-03-25,1698.54,1698.77,1680.58,1689.01,1701.35,-12.34,-0.7253,24472.85,4131446.237
600519.SH,2024-03-26,1687.46,1712.8,1687.46,1709.29,1689.01,20.28,1.2007,28069.07,4782899.074
600519.SH,2024-03-27,1705.0,1712.0,1699.0,1701.0,1709.29,-8.29,-0.485,18112.58,3087792.98
600519.SH,2024-03-28,1695.0,1718.0,1693.2,1701.64,1701.0,0.64,0.0376,24642.18,4201857.059
600519.SH,2024-03-29,1701.64,1710.99,1698.1,1702.9,1701.64,1.26,0.074,13456.55,2290584.417
600519.SH,2024-04-01,1709.99,1734.0,1708.7,1721.33,1702.9,18.43,1.0823,27131.37,4679371.035
600519.SH,2024-04-02,1722.0,1724.99,1705.05,1713.99,1721.33,-7.34,-0.4264,25449.25,4360973.684
600519.SH,2024-04-03,1734.0,1739.44,1710.02,1715.11,1713.99,1.12,0.0653,29045.8,5002390.042
600519.SH,2024-04-08,1695.0,1696.0,1662.6,1666.66,1715.11,-48.45,-2.8249,59166.59,9907355.766
600519.SH,2024-04-09,1660.67,1673.0,1658.45,1662.22,1666.66,-4.44,-0.2664,25589.82,4256226.333
600519.SH,2024-04-10,1662.27,1664.99,1645.0,1647.98,1662.22,-14.24,-0.8567,27630.5,4562853.88
600519.SH,2024-04-11,1640.11,1650.0,1634.69,1648.0,1647.98,0.02,0.0012,22766.24,3736417.595
600519.SH,2024-04-12,1651.0,1664.0,1634.03,1634.03,1648.0,-13.97,-0.8477,26744.33,4403968.129
600519.SH,2024-04-15,1635.01,1675.61,1634.98,1672.98,1634.03,38.95,2.3837,35817.71,5960815.532
600519.SH,2024-04-16,1665.49,1679.56,1659.0,1670.0,1672.98,-2.98,-0.1781,26266.23,4382796.962
600519.SH,2024-04-17,1668.0,1675.2,1658.0,1667.0,1670.0,-3.0,-0.1796,24819.11,4130322.018
600519.SH,2024-04-18,1659.01,1682.98,1658.18,1670.78,1667.0,3.78,0.2268,26568.41,4445487.745
600519.SH,2024-04-19,1660.78,1668.5,1641.28,1646.64,1670.78,-24.14,-1.4448,23499.92,3879233.242
600519.SH,2024-04-22,1654.0,1678.88,1645.0,1675.06,1646.64,28.42,1.7259,29951.39,5001684.635
600519.SH,2024-04-23,1675.0,1695.0,1675.0,1692.28,1675.06,17.22,1.028,24979.95,4217855.279
600519.SH,2024-04-24,1696.98,1699.91,1683.33,1693.6,1692.28,1.32,0.078,17086.43,2893555.635
600519.SH,2024-04-25,1690.33,1695.6,1682.25,1693.04,1693.6,-0.56,-0.0331,14476.48,2447183.879
600519.SH,2024-04-26,1694.0,1714.0,1693.98,1709.43,1693.04,16.39,0.9681,30995.92,5290248.521
600519.SH,2024-04-29,1696.95,1728.0,1693.82,1704.0,1709.43,-5.43,-0.3176,41332.23,7072096.59
600519.SH,2024-04-30,1705.01,1729.88,1705.0,1705.0,1704.0,1.0,0.0587,30759.89,5273902.374
600519.SH,2024-05-06,1733.97,1765.0,1727.0,1760.2,1705.0,55.2,3.2375,59909.49,10504351.712
600519.SH,2024-05-07,1765.79,1777.8,1756.68,1770.0,1760.2,9.8,0.5568,24924.52,4413196.426
600519.SH,2024-05-08,1769.69,1769.97,1755.67,1763.97,1770.0,-6.03,-0.3407,14769.09,2603293.863
600519.SH,2024-05-09,1758.0,1764.98,1750.0,1756.0,1763.97,-7.97,-0.4518,22387.34,3929804.849
600519.SH,2024-05-10,1761.1,1767.88,1733.99,1738.98,1756.0,-17.02,-0.9692,26206.61,4571398.242
600519.SH,2024-05-13,1732.02,1732.66,1701.22,1706.0,1738.98,-32.98,-1.8965,37662.12,6435415.674
600519.SH,2024-05-14,1705.99,1713.27,1700.01,1701.98,1706.0,-4.02,-0.2356,21274.17,3623282.672
600519.SH,2024-05-15,1702.58,1708.0,1698.59,1700.0,1701.98,-1.98,-0.1163,15738.76,2677203.002
600519.SH,2024-05-16,1705.0,1709.88,1690.0,1704.5,1700.0,4.5,0.2647,29679.54,5048754.769
600519.SH,2024-05-17,1700.01,1716.58,1700.0,1715.0,1704.5,10.5,0.616,28923.88,4936920.634
600519.SH,2024-05-20,1717.99,1732.99,1708.11,1709.0,1715.0,-6.0,-0.3499,31425.72,5401389.335
600519.SH,2024-05-21,1708.0,1709.73,1698.16,1705.0,1709.0,-4.0,-0.2341,16293.39,2776847.499
600519.SH,2024-05-22,1703.0,1709.96,1691.0,1697.71,1705.0,-7.29,-0.4276,20285.68,3443977.767
600519.SH,2024-05-23,1700.0,1706.38,1690.08,1692.01,1697.71,-5.7,-0.3357,18884.97,3199923.32
600519.SH,2024-05-24,1693.0,1695.0,1677.0,1677.08,1692.01,-14.93,-0.8824,20216.63,3401323.915
600519.SH,2024-05-27,1678.0,1687.45,1668.01,1670.12,1677.08,-6.96,-0.415,25097.91,4199001.866
600519.SH,2024-05-28,1670.4,1675.17,1663.0,1664.64,1670.12,-5.48,-0.3281,23520.87,3923020.375
600519.SH,2024-05-29,1666.0,1680.0,1665.0,1674.0,1664.64,9.36,0.5623,19651.28,3289173.345
600519.SH,2024-05-30,1675.0,1675.38,1649.0,1649.0,1674.0,-25.0,-1.4934,32207.92,5333306.808
600519.SH,2024-05-31,1650.5,1663.5,1648.45,1648.45,1649.0,-0.55,-0.0334,21856.65,3617654.788
600519.SH,2024-06-03,1650.0,1650.92,1635.11,1639.39,1648.45,-9.06,-0.5496,30261.05,4966041.477
600519.SH,2024-06-04,1640.5,1656.0,1636.55,1653.2,1639.39,13.81,0.8424,20841.08,3432497.303
600519.SH,2024-06-05,1652.0,1658.68,1643.03,1644.0,1653.2,-9.2,-0.5565,19055.57,3140824.328
600519.SH,2024-06-06,1643.66,1651.99,1635.91,1639.81,1644.0,-4.19,-0.2549,25610.05,4205700.983
600519.SH,2024-06-07,1646.13,1646.18,1619.01,1619.18,1639.81,-20.63,-1.2581,33524.55,5453120.695
600519.SH,2024-06-11,1602.99,1605.0,1567.0,1569.0,1619.18,-50.18,-3.0991,70246.76,11090577.61
600519.SH,2024-06-12,1570.0,1590.0,1570.0,1571.68,1569.0,2.68,0.1708,33170.5,5230086.503
600519.SH,2024-06-13,1576.77,1576.89,1553.15,1555.01,1571.68,-16.67,-1.0606,36185.97,5654938.942
600519.SH,2024-06-14,1555.0,1563.96,1520.46,1555.0,1555.01,-0.01,-0.0006,59514.16,9177637.168
600519.SH,2024-06-17,1532.29,1548.77,1511.01,1541.5,1555.0,-13.5,-0.8682,48318.16,7400883.243
600519.SH,2024-06-18,1530.89,1554.54,1516.68,1521.5,1541.5,-20.0,-1.2974,41258.25,6317590.943
600519.SH,2024-06-19,1497.99,1504.0,1482.1,1501.0,1490.62,10.38,0.6964,41261.53,6167728.416
600519.SH,2024-06-20,1500.0,1516.01,1498.0,1500.1,1501.0,-0.9,-0.06,24710.68,3715924.984
600519.SH,2024-06-21,1500.5,1504.98,1470.22,1471.0,1500.1,-29.1,-1.9399,43319.97,6418543.742
600519.SH,2024-06-24,1423.0,1488.99,1414.01,1476.55,1471.0,5.55,0.3773,63839.93,9319362.39
600519.SH,2024-06-25,1477.0,1502.99,1477.0,1486.65,1476.55,10.1,0.684,42097.95,6273919.386
600519.SH,2024-06-26,1480.0,1501.07,1477.8,1489.22,1486.65,2.57,0.1729,29569.77,4414601.922
600519.SH,2024-06-27,1492.0,1493.97,1468.0,1490.49,1489.22,1.27,0.0853,32821.78,4857959.457
600519.SH,2024-06-28,1480.0,1494.49,1464.0,1467.39,1490.49,-23.1,-1.5498,38582.02,5699649.047
600519.SH,2024-07-01,1468.88,1472.99,1428.0,1440.38,1467.39,-27.01,-1.8407,32161.38,4636689.118
600519.SH,2024-07-02,1433.0,1498.0,1433.0,1490.7,1440.38,50.32,3.4935,51852.98,7659166.816
600519.SH,2024-07-03,1499.0,1513.01,1488.02,1500.0,1490.7,9.3,0.6239,31573.26,4740808.13
600519.SH,2024-07-04,1505.0,1512.0,1481.13,1485.74,1500.0,-14.26,-0.9507,24379.73,3637968.895
600519.SH,2024-07-05,1479.0,1493.18,1450.0,1453.0,1485.74,-32.74,-2.2036,38829.38,5664477.336
600519.SH,2024-07-08,1443.0,1457.77,1419.14,1420.0,1453.0,-33.0,-2.2712,39527.05,5657951.348
600519.SH,2024-07-09,1420.0,1454.89,1410.1,1438.03,1420.0,18.03,1.2697,33620.71,4807957.927
600519.SH,2024-07-10,1439.25,1465.88,1435.0,1437.59,1438.03,-0.44,-0.0306,23763.22,3436693.365
600519.SH,2024-07-11,1449.97,1469.0,1440.21,1462.09,1437.59,24.5,1.7042,29020.14,4236960.596
600519.SH,2024-07-12,1473.01,1486.4,1465.45,1478.82,1462.09,16.73,1.1443,23386.34,3451132.648
600519.SH,2024-07-15,1470.0,1488.0,1470.0,1474.9,1478.82,-3.92,-0.2651,19176.26,2835374.73
600519.SH,2024-07-16,1476.0,1482.0,1465.05,1476.0,1474.9,1.1,0.0746,20316.44,2998367.128
600519.SH,2024-07-17,1476.1,1503.0,1470.02,1501.4,1476.0,25.4,1.7209,34311.01,5115680.654
600519.SH,2024-07-18,1499.5,1515.0,1492.53,1497.51,1501.4,-3.89,-0.2591,28870.39,4337214.601
600519.SH,2024-07-19,1490.81,1529.18,1484.01,1525.62,1497.51,28.11,1.8771,38942.91,5888615.145
600519.SH,2024-07-22,1525.03,1529.98,1491.65,1499.0,1525.62,-26.62,-1.7449,28543.21,4300813.31
600519.SH,2024-07-23,1499.0,1501.0,1455.0,1455.0,1499.0,-44.0,-2.9353,30943.96,4555460.198
600519.SH,2024-07-24,1450.2,1463.7,1435.0,1440.02,1455.0,-14.98,-1.0296,24122.55,3490200.973
600519.SH,2024-07-25,1440.02,1448.0,1420.01,1430.49,1440.02,-9.53,-0.6618,28346.56,4054086.714
600519.SH,2024-07-26,1430.49,1437.72,1410.9,1422.19,1430.49,-8.3,-0.5802,32353.79,4594928.574
600519.SH,2024-07-29,1415.0,1421.99,1398.0,1398.02,1422.19,-24.17,-1.6995,30869.07,4342610.1
600519.SH,2024-07-30,1385.98,1390.27,1361.3,1379.99,1398.02,-18.03,-1.2897,51779.04,7103491.566
600519.SH,2024-07-31,1373.1,1427.27,1373.1,1421.28,1379.99,41.29,2.9921,43272.32,6098149.721
600519.SH,2024-08-01,1418.0,1420.0,1384.7,1386.16,1421.28,-35.12,-2.471,32038.1,4470988.088
600519.SH,2024-08-02,1373.6,1396.97,1373.6,1385.45,1386.16,-0.71,-0.0512,21927.69,3041726.372
600519.SH,2024-08-05,1388.88,1426.0,1385.52,1410.01,1385.45,24.56,1.7727,37736.07,5327127.147
600519.SH,2024-08-06,1422.0,1424.0,1394.01,1404.7,1410.01,-5.31,-0.3766,27444.33,3860735.014
600519.SH,2024-08-07,1405.5,1421.99,1398.3,1415.5,1404.7,10.8,0.7688,20622.21,2910580.747
600519.SH,2024-08-08,1411.0,1448.18,1409.0,1430.69,1415.5,15.19,1.0731,25130.82,3592705.43
600519.SH,2024-08-09,1460.03,1469.0,1436.8,1436.8,1430.69,6.11,0.4271,30138.49,4368705.515
600519.SH,2024-08-12,1430.0,1443.0,1426.58,1436.1,1436.8,-0.7,-0.0487,13632.03,1956573.438
600519.SH,2024-08-13,1433.0,1435.0,1412.01,1423.01,1436.1,-13.09,-0.9115,16308.43,2317037.756
600519.SH,2024-08-14,1423.01,1424.9,1412.02,1413.3,1423.01,-9.71,-0.6824,13414.31,1898377.426
600519.SH,2024-08-15,1405.03,1435.99,1403.95,1426.89,1413.3,13.59,0.9616,23038.97,3275699.572
600519.SH,2024-08-16,1426.79,1435.92,1417.01,1431.2,1426.89,4.31,0.3021,16454.7,2349825.846
600519.SH,2024-08-19,1432.0,1458.88,1425.0,1425.44,1431.2,-5.76,-0.4025,20432.79,2942106.435
600519.SH,2024-08-20,1429.9,1429.93,1414.0,1422.72,1425.44,-2.72,-0.1908,18591.38,2644814.344
600519.SH,2024-08-21,1420.0,1427.98,1415.69,1417.58,1422.72,-5.14,-0.3613,15091.65,2144746.551
600519.SH,2024-08-22,1416.0,1420.0,1400.01,1410.05,1417.58,-7.53,-0.5312,19527.29,2750868.073
600519.SH,2024-08-23,1408.0,1423.5,1406.12,1414.99,1410.05,4.94,0.3503,15320.46,2166499.202
600519.SH,2024-08-26,1417.0,1423.86,1403.15,1412.0,1414.99,-2.99,-0.2113,15628.41,2207595.461
600519.SH,2024-08-27,1412.0,1413.0,1401.11,1404.07,1412.0,-7.93,-0.5616,13657.4,1920770.57
600519.SH,2024-08-28,1404.07,1406.0,1375.0,1389.0,1404.07,-15.07,-1.0733,31663.51,4388025.875
600519.SH,2024-08-29,1380.0,1418.0,1380.0,1413.3,1389.0,24.3,1.7495,27471.61,3864270.621
600519.SH,2024-08-30,1413.0,1458.07,1405.0,1443.19,1413.3,29.89,2.1149,38739.23,5576118.649
600519.SH,2024-09-02,1430.0,1438.0,1395.0,1395.0,1443.19,-48.19,-3.3391,34134.59,4801049.927
600519.SH,2024-09-03,1398.0,1414.98,1393.02,1410.0,1395.0,15.0,1.0753,17887.6,2516125.842
600519.SH,2024-09-04,1402.0,1419.19,1399.74,1400.0,1410.0,-10.0,-0.7092,14211.09,1995221.417
600519.SH,2024-09-05,1400.5,1407.0,1397.0,1404.88,1400.0,4.88,0.3486,14502.95,2033680.839
600519.SH,2024-09-06,1405.0,1406.0,1398.0,1398.0,1404.88,-6.88,-0.4897,10321.04,1445537.257
600519.SH,2024-09-09,1380.01,1393.71,1370.08,1375.0,1398.0,-23.0,-1.6452,28637.55,3950086.825
600519.SH,2024-09-10,1370.02,1393.0,1370.02,1378.0,1375.0,3.0,0.2182,19802.84,2737295.644
600519.SH,2024-09-11,1375.6,1385.88,1365.0,1380.0,1378.0,2.0,0.1451,20995.77,2892932.794
600519.SH,2024-09-12,1380.0,1385.0,1334.91,1335.06,1380.0,-44.94,-3.2565,47948.31,6482445.0
600519.SH,2024-09-13,1331.0,1332.0,1297.3,1304.13,1335.06,-30.93,-2.3167,56005.11,7329376.917
600519.SH,2024-09-18,1300.0,1300.01,1266.66,1266.9,1304.13,-37.23,-2.8548,46185.31,5895948.011
600519.SH,2024-09-19,1262.0,1292.88,1245.83,1261.0,1266.9,-5.9,-0.4657,59988.21,7623739.997
600519.SH,2024-09-20,1261.5,1273.9,1250.03,1263.92,1261.0,2.92,0.2316,39981.84,5038507.835
600519.SH,2024-09-23,1268.0,1293.5,1260.66,1261.54,1263.92,-2.38,-0.1883,45549.69,5809791.682
600519.SH,2024-09-24,1285.09,1373.0,1265.09,1372.6,1261.54,111.06,8.8035,100412.81,13297277.523
600519.SH,2024-09-25,1400.05,1427.0,1396.71,1399.0,1372.6,26.4,1.9234,73953.8,10420109.655
600519.SH,2024-09-26,1399.96,1529.87,1396.0,1529.0,1399.0,130.0,9.2924,97278.06,14269262.657
600519.SH,2024-09-27,1600.0,1629.2,1565.36,1629.2,1529.0,100.2,6.5533,87921.67,14050260.569
600519.SH,2024-09-30,1692.0,1759.88,1652.0,1748.0,1629.2,118.8,7.2919,157293.41,26982747.037
600519.SH,2024-10-08,1910.0,1910.0,1680.18,1723.0,1748.0,-25.0,-1.4302,194709.47,35114075.007
600519.SH,2024-10-09,1700.0,1700.0,1590.0,1595.15,1723.0,-127.85,-7.4202,120196.84,19708432.734
600519.SH,2024-10-10,1622.26,1668.08,1591.0,1640.0,1595.15,44.85,2.8116,74603.42,12198964.035
600519.SH,2024-10-11,1615.4,1639.96,1590.0,1604.99,1640.0,-35.01,-2.1348,41914.71,6764982.707
600519.SH,2024-10-14,1613.0,1620.63,1581.17,1601.99,1604.99,-3.0,-0.1869,44812.02,7181350.822
600519.SH,2024-10-15,1599.0,1600.99,1553.01,1554.25,1601.99,-47.74,-2.98,43571.43,6884141.869
600519.SH,2024-10-16,1540.88,1549.8,1510.0,1522.5,1554.25,-31.75,-2.0428,46664.4,7140169.692
600519.SH,2024-10-17,1537.0,1537.66,1493.41,1494.6,1522.5,-27.9,-1.8325,39459.55,5964778.958
600519.SH,2024-10-18,1493.0,1567.84,1478.96,1541.0,1494.6,46.4,3.1045,68619.3,10418043.492
600519.SH,2024-10-21,1541.21,1549.97,1521.21,1528.8,1541.0,-12.2,-0.7917,42007.9,6433918.335
600519.SH,2024-10-22,1526.56,1560.18,1524.2,1543.0,1528.8,14.2,0.9288,36269.13,5607826.492
600519.SH,2024-10-23,1544.11,1576.95,1532.0,1567.5,1543.0,24.5,1.5878,40088.46,6259600.035
600519.SH,2024-10-24,1561.0,1575.0,1545.01,1552.2,1567.5,-15.3,-0.9761,23922.8,3723973.209
600519.SH,2024-10-25,1547.0,1574.79,1546.01,1558.85,1552.2,6.65,0.4284,27745.08,4328271.351
600519.SH,2024-10-28,1560.0,1565.0,1522.23,1565.0,1558.85,6.15,0.3945,39121.4,6064453.668
600519.SH,2024-10-29,1560.0,1580.0,1530.0,1531.62,1565.0,-33.38,-2.1329,41165.78,6368105.233
600519.SH,2024-10-30,1525.0,1551.19,1523.41,1532.0,1531.62,0.38,0.0248,32005.74,4913175.983
600519.SH,2024-10-31,1532.15,1540.0,1520.0,1527.79,1532.0,-4.21,-0.2748,29957.35,4575545.18
600519.SH,2024-11-01,1521.0,1545.13,1520.8,1533.75,1527.79,5.96,0.3901,32283.92,4954302.212
600519.SH,2024-11-04,1544.93,1550.0,1528.06,1548.2,1533.75,14.45,0.9421,29092.92,4481761.764
600519.SH,2024-11-05,1540.0,1577.7,1536.01,1576.99,1548.2,28.79,1.8596,45640.47,7134443.464
600519.SH,2024-11-06,1575.0,1588.99,1561.22,1571.0,1576.99,-5.99,-0.3798,37631.43,5916917.616
600519.SH,2024-11-07,1562.46,1653.5,1562.3,1649.14,1571.0,78.14,4.9739,74738.72,12074951.757
600519.SH,2024-11-08,1660.89,1667.11,1601.01,1609.97,1649.14,-39.17,-2.3752,60771.2,9885645.907
600519.SH,2024-11-11,1590.0,1609.95,1567.19,1598.01,1609.97,-11.96,-0.7429,43853.65,6957095.385
600519.SH,2024-11-12,1589.0,1623.0,1573.95,1577.2,1598.01,-20.81,-1.3022,49222.66,7844798.676
600519.SH,2024-11-13,1568.0,1586.66,1561.28,1578.5,1577.2,1.3,0.0824,29125.26,4594445.032
600519.SH,2024-11-14,1570.0,1594.45,1565.65,1573.8,1578.5,-4.7,-0.2978,29248.14,4617144.097
600519.SH,2024-11-15,1569.0,1583.8,1553.0,1559.0,1573.8,-14.8,-0.9404,33761.12,5295326.892
600519.SH,2024-11-18,1562.0,1575.99,1555.0,1559.0,1559.0,0.0,0.0,27092.19,4237197.499
600519.SH,2024-11-19,1565.0,1569.37,1525.0,1541.92,1559.0,-17.08,-1.0956,33266.43,5138831.155
600519.SH,2024-11-20,1543.0,1553.97,1531.3,1544.81,1541.92,2.89,0.1874,21344.55,3292675.257
600519.SH,2024-11-21,1543.87,1548.99,1532.0,1545.13,1544.81,0.32,0.0207,18261.79,2810933.515
600519.SH,2024-11-22,1541.15,1547.77,1507.82,1507.82,1545.13,-37.31,-2.4147,33436.11,5107288.992
600519.SH,2024-11-25,1511.0,1532.0,1496.67,1498.57,1507.82,-9.25,-0.6135,33185.56,5011136.234
600519.SH,2024-11-26,1498.57,1518.88,1488.88,1509.0,1498.57,10.43,0.696,25744.79,3876885.984
600519.SH,2024-11-27,1509.0,1522.15,1505.0,1519.05,1509.0,10.05,0.666,25934.17,3927607.772
600519.SH,2024-11-28,1522.0,1524.99,1502.0,1518.0,1519.05,-1.05,-0.0691,23952.03,3627662.382
600519.SH,2024-11-29,1517.0,1555.0,1513.21,1525.74,1518.0,7.74,0.5099,36088.1,5534035.503
600519.SH,2024-12-02,1526.0,1529.99,1515.1,1525.0,1525.74,-0.74,-0.0485,26819.54,4086609.952
600519.SH,2024-12-03,1524.0,1528.9,1516.08,1526.74,1525.0,1.74,0.1141,24806.62,3777197.199
600519.SH,2024-12-04,1520.07,1523.66,1510.0,1520.0,1526.74,-6.74,-0.4415,23923.89,3626565.544
600519.SH,2024-12-05,1510.86,1517.86,1510.0,1511.0,1520.0,-9.0,-0.5921,16141.47,2441318.387
600519.SH,2024-12-06,1513.0,1538.9,1508.07,1521.01,1511.0,10.01,0.6625,32039.69,4883148.6
600519.SH,2024-12-09,1522.02,1529.72,1513.2,1518.8,1521.01,-2.21,-0.1453,19799.86,3008173.586
600519.SH,2024-12-10,1570.0,1579.73,1545.18,1546.59,1518.8,27.79,1.8297,60312.1,9421340.719
600519.SH,2024-12-11,1540.0,1555.0,1530.98,1535.6,1546.59,-10.99,-0.7106,29671.12,4569662.604
600519.SH,2024-12-12,1532.02,1566.0,1529.0,1565.8,1535.6,30.2,1.9667,41936.52,6510547.81
600519.SH,2024-12-13,1550.01,1554.99,1518.88,1519.0,1565.8,-46.8,-2.9889,49511.97,7580908.315
600519.SH,2024-12-16,1521.0,1529.0,1510.71,1527.2,1519.0,8.2,0.5398,32537.1,4945298.799
600519.SH,2024-12-17,1525.99,1569.0,1521.01,1558.0,1527.2,30.8,2.0168,54171.63,8398945.449
600519.SH,2024-12-18,1557.97,1577.0,1547.1,1571.5,1558.0,13.5,0.8665,41162.26,6440801.971
600519.SH,2024-12-19,1565.14,1567.93,1550.33,1551.01,1571.5,-20.49,-1.3038,24809.32,3862602.665
600519.SH,2024-12-20,1531.13,1541.8,1520.02,1522.0,1527.13,-5.13,-0.3359,28157.74,4307425.535
600519.SH,2024-12-23,1523.0,1538.0,1517.0,1526.45,1522.0,4.45,0.2924,21602.69,3300971.424
600519.SH,2024-12-24,1525.0,1544.0,1521.59,1538.82,1526.45,12.37,0.8104,22104.92,3394160.299
600519.SH,2024-12-25,1538.8,1538.8,1526.1,1530.0,1538.82,-8.82,-0.5732,17123.39,2621061.878
600519.SH,2024-12-26,1534.0,1538.78,1523.0,1527.79,1530.0,-2.21,-0.1444,18286.51,2798840.003
600519.SH,2024-12-27,1528.9,1536.0,1519.5,1528.97,1527.79,1.18,0.0772,20759.32,3170191.445
600519.SH,2024-12-30,1533.97,1543.96,1525.0,1525.0,1528.97,-3.97,-0.2597,25129.82,3849542.646
600519.SH,2024-12-31,1525.4,1545.0,1522.01,1524.0,1525.0,-1.0,-0.0656,39354.45,6033540.366
600519.SH,2025-01-02,1524.0,1524.49,1480.0,1488.0,1524.0,-36.0,-2.3622,50028.7,7490883.773
600519.SH,2025-01-03,1494.5,1494.99,1467.01,1475.0,1488.0,-13.0,-0.8737,32628.36,4836610.288
600519.SH,2025-01-06,1453.0,1462.66,1432.8,1440.0,1475.0,-35.0,-2.3729,44255.12,6392479.712
600519.SH,2025-01-07,1444.66,1451.89,1439.0,1440.2,1440.0,0.2,0.0139,24221.18,3494634.227
600519.SH,2025-01-08,1440.0,1451.82,1426.66,1442.5,1440.2,2.3,0.1597,35258.21,5071821.246
600519.SH,2025-01-09,1448.99,1464.58,1432.98,1444.0,1442.5,1.5,0.104,29705.65,4295852.736
600519.SH,2025-01-10,1447.1,1451.95,1436.0,1436.0,1444.0,-8.0,-0.554,21871.95,3154677.598
600519.SH,2025-01-13,1425.0,1444.44,1422.01,1443.98,1436.0,7.98,0.5557,21082.51,3030806.87
600519.SH,2025-01-14,1444.95,1478.68,1442.0,1472.5,1443.98,28.52,1.9751,30956.57,4535651.504
600519.SH,2025-01-15,1467.0,1474.6,1460.01,1471.27,1472.5,-1.23,-0.0835,18399.34,2701518.712
600519.SH,2025-01-16,1474.0,1482.66,1442.0,1446.38,1471.27,-24.89,-1.6917,26342.13,3840411.437
600519.SH,2025-01-17,1446.39,1461.0,1446.38,1454.75,1446.38,8.37,0.5787,18308.94,2663227.309
600519.SH,2025-01-20,1461.0,1489.79,1460.0,1474.8,1454.75,20.05,1.3782,31409.75,4647626.351
600519.SH,2025-01-21,1481.0,1482.0,1465.0,1468.15,1474.8,-6.65,-0.4509,16856.04,2481821.229
600519.SH,2025-01-22,1463.27,1467.95,1438.0,1441.0,1468.15,-27.15,-1.8493,28293.84,4088101.682
600519.SH,2025-01-23,1449.97,1468.0,1438.0,1443.0,1441.0,2.0,0.1388,27125.04,3932700.85
600519.SH,2025-01-24,1442.0,1447.79,1430.31,1436.0,1443.0,-7.0,-0.4851,31360.34,4515322.685
600519.SH,2025-01-27,1437.0,1443.97,1427.02,1434.99,1436.0,-1.01,-0.0703,29356.46,4213534.543
600519.SH,2025-02-05,1440.0,1443.0,1402.21,1403.8,1434.99,-31.19,-2.1735,40756.52,5753730.034
600519.SH,2025-02-06,1400.01,1421.99,1400.01,1412.84,1403.8,9.04,0.644,27355.82,3859568.163
600519.SH,2025-02-07,1413.68,1442.68,1403.41,1436.0,1412.84,23.16,1.6393,37242.07,5310850.624
600519.SH,2025-02-10,1438.0,1440.0,1427.09,1431.51,1436.0,-4.49,-0.3127,20839.79,2988101.756
600519.SH,2025-02-11,1434.95,1435.96,1415.9,1418.0,1431.51,-13.51,-0.9438,23572.83,3348668.867
600519.SH,2025-02-12,1418.0,1445.0,1416.88,1443.0,1418.0,25.0,1.763,25475.79,3644170.477
600519.SH,2025-02-13,1443.02,1475.25,1434.51,1465.06,1443.0,22.06,1.5288,43385.36,6335985.851
600519.SH,2025-02-14,1465.06,1477.0,1458.22,1475.0,1465.06,9.94,0.6785,27099.92,3978694.098
600519.SH,2025-02-17,1481.0,1494.98,1467.1,1471.62,1475.0,-3.38,-0.2292,32470.59,4804663.813
600519.SH,2025-02-18,1470.0,1492.99,1462.08,1475.0,1471.62,3.38,0.2297,27799.92,4113845.397
600519.SH,2025-02-19,1475.05,1494.44,1464.9,1491.0,1475.0,16.0,1.0847,32393.31,4803378.441
600519.SH,2025-02-20,1483.0,1491.97,1473.39,1474.0,1491.0,-17.0,-1.1402,23749.73,3513552.984
600519.SH,2025-02-21,1480.0,1496.73,1473.01,1488.21,1474.0,14.21,0.964,36417.83,5418169.587
600519.SH,2025-02-24,1488.0,1499.52,1474.0,1479.07,1488.21,-9.14,-0.6142,34743.73,5157907.322
600519.SH,2025-02-25,1470.01,1473.39,1452.0,1454.0,1479.07,-25.07,-1.695,28387.43,4142814.459
600519.SH,2025-02-26,1455.45,1464.96,1445.0,1460.01,1454.0,6.01,0.4133,26366.09,3835949.041
600519.SH,2025-02-27,1460.02,1489.9,1454.0,1485.56,1460.01,25.55,1.75,49762.17,7368002.361
600519.SH,2025-02-28,1485.5,1528.38,1482.0,1500.79,1485.56,15.23,1.0252,56128.95,8475738.166
600519.SH,2025-03-03,1502.6,1520.99,1481.5,1487.02,1500.79,-13.77,-0.9175,31595.66,4736679.903
600519.SH,2025-03-04,1485.0,1486.0,1465.21,1470.11,1487.02,-16.91,-1.1372,25211.21,3710675.863
600519.SH,2025-03-05,1472.0,1474.0,1460.1,1466.37,1470.11,-3.74,-0.2544,24605.22,3606932.152
600519.SH,2025-03-06,1474.0,1510.2,1472.08,1505.98,1466.37,39.61,2.7012,42167.64,6297117.4
600519.SH,2025-03-07,1503.0,1528.36,1503.0,1521.0,1505.98,15.02,0.9974,37991.35,5760608.729
600519.SH,2025-03-10,1519.81,1526.88,1506.14,1522.9,1521.0,1.9,0.1249,31369.07,4758789.26
600519.SH,2025-03-11,1517.0,1548.68,1512.0,1548.68,1522.9,25.78,1.6928,39775.6,6094007.854
600519.SH,2025-03-12,1546.96,1549.68,1526.35,1542.58,1548.68,-6.1,-0.3939,29603.96,4552923.644
600519.SH,2025-03-13,1544.0,1555.5,1530.88,1537.77,1542.58,-4.81,-0.3118,25724.39,3966369.271
600519.SH,2025-03-14,1547.66,1628.01,1541.0,1628.01,1537.77,90.24,5.8682,92913.15,14882842.708
600519.SH,2025-03-17,1657.0,1657.99,1626.88,1637.86,1628.01,9.85,0.605,54689.13,8985138.902
600519.SH,2025-03-18,1645.04,1652.0,1621.7,1624.0,1637.86,-13.86,-0.8462,31613.45,5153210.436
600519.SH,2025-03-19,1624.29,1648.0,1623.0,1635.71,1624.0,11.71,0.7211,27389.55,4477128.77
600519.SH,2025-03-20,1635.71,1637.6,1595.07,1604.0,1635.71,-31.71,-1.9386,36736.77,5903879.207
600519.SH,2025-03-21,1599.0,1612.2,1568.83,1573.75,1604.0,-30.25,-1.8859,33614.3,5324973.19
600519.SH,2025-03-24,1570.0,1589.66,1562.38,1583.0,1573.75,9.25,0.5878,25565.85,4032223.482
600519.SH,2025-03-25,1588.0,1592.8,1566.66,1575.5,1583.0,-7.5,-0.4738,17674.38,2783286.813
600519.SH,2025-03-26,1572.77,1582.58,1571.0,1576.0,1575.5,0.5,0.0317,14323.56,2257639.75
600519.SH,2025-03-27,1576.0,1598.25,1573.38,1589.0,1576.0,13.0,0.8249,17955.63,2848889.21
600519.SH,2025-03-28,1590.93,1593.0,1576.0,1585.21,1589.0,-3.79,-0.2385,16227.89,2569470.015
600519.SH,2025-03-31,1580.98,1586.96,1560.06,1561.0,1585.21,-24.21,-1.5272,21084.94,3311857.714
600519.SH,2025-04-01,1564.0,1569.89,1552.21,1556.02,1561.0,-4.98,-0.319,18556.44,2893739.955
600519.SH,2025-04-02,1558.0,1567.8,1545.5,1549.02,1556.02,-7.0,-0.4499,21674.01,3371883.024
600519.SH,2025-04-03,1530.0,1586.0,1529.01,1568.88,1549.02,19.86,1.2821,35480.5,5557442.052
600519.SH,2025-04-07,1520.01,1536.85,1462.0,1500.0,1568.88,-68.88,-4.3904,101952.67,15314738.235
600519.SH,2025-04-08,1513.0,1545.0,1495.0,1545.0,1500.0,45.0,3.0,73876.49,11226977.557
600519.SH,2025-04-09,1525.02,1556.8,1520.55,1541.04,1545.0,-3.96,-0.2563,55630.04,8562928.225
600519.SH,2025-04-10,1550.99,1555.0,1528.0,1549.0,1541.04,7.96,0.5165,38620.21,5963650.791
600519.SH,2025-04-11,1579.97,1579.97,1545.0,1568.98,1549.0,19.98,1.2899,32634.23,5087359.924
600519.SH,2025-04-14,1560.97,1566.0,1551.53,1551.99,1568.98,-16.99,-1.0829,21711.44,3379425.64
600519.SH,2025-04-15,1552.0,1565.0,1545.0,1558.0,1551.99,6.01,0.3872,21489.28,3339942.729
600519.SH,2025-04-16,1552.0,1576.0,1537.0,1559.17,1558.0,1.17,0.0751,31156.05,4834880.596
600519.SH,2025-04-17,1554.0,1576.5,1549.99,1570.0,1559.17,10.83,0.6946,23846.05,3733924.973
600519.SH,2025-04-18,1566.0,1575.0,1556.0,1565.94,1570.0,-4.06,-0.2586,20298.48,3179974.34
600519.SH,2025-04-21,1565.5,1565.5,1551.0,1551.0,1565.94,-14.94,-0.9541,18057.03,2808158.177
600519.SH,2025-04-22,1550.0,1556.3,1543.21,1548.8,1551.0,-2.2,-0.1418,18432.14,2857525.967
600519.SH,2025-04-23,1559.0,1559.22,1545.0,1552.0,1548.8,3.2,0.2066,18668.76,2895468.892
600519.SH,2025-04-24,1552.0,1560.68,1548.98,1552.25,1552.0,0.25,0.0161,14871.81,2313372.072
600519.SH,2025-04-25,1557.1,1561.2,1550.0,1550.0,1552.25,-2.25,-0.145,14764.9,2295029.705
600519.SH,2025-04-28,1552.0,1555.0,1546.6,1550.0,1550.0,0.0,0.0,14659.72,2274252.465
600519.SH,2025-04-29,1550.0,1552.54,1532.02,1544.0,1550.0,-6.0,-0.3871,18921.8,2917422.938
600519.SH,2025-04-30,1549.99,1566.66,1546.3,1547.0,1544.0,3.0,0.1943,25754.25,4005439.429
600519.SH,2025-05-06,1559.0,1559.0,1544.33,1550.2,1547.0,3.2,0.2069,18300.26,2838614.215
600519.SH,2025-05-07,1570.0,1570.0,1550.2,1555.0,1550.2,4.8,0.3096,27462.21,4275142.569
600519.SH,2025-05-08,1553.0,1592.78,1549.83,1578.19,1555.0,23.19,1.4913,33481.06,5265446.444
600519.SH,2025-05-09,1578.99,1597.45,1575.05,1591.18,1578.19,12.99,0.8231,23671.9,3757574.546
600519.SH,2025-05-12,1598.0,1618.93,1596.61,1604.5,1591.18,13.32,0.8371,24735.33,3967785.8
600519.SH,2025-05-13,1608.92,1608.92,1585.11,1590.3,1604.5,-14.2,-0.885,21258.29,3386617.848
600519.SH,2025-05-14,1590.0,1645.0,1588.18,1634.99,1590.3,44.69,2.8102,39460.12,6394735.058
600519.SH,2025-05-15,1634.8,1643.59,1624.13,1632.01,1634.99,-2.98,-0.1823,24732.85,4043402.636
600519.SH,2025-05-16,1633.99,1636.99,1614.13,1614.13,1632.01,-17.88,-1.0956,22935.22,3714508.659
600519.SH,2025-05-19,1596.0,1600.0,1573.88,1578.98,1614.13,-35.15,-2.1776,38062.83,6021950.01
600519.SH,2025-05-20,1580.0,1594.8,1575.1,1586.0,1578.98,7.02,0.4446,19521.53,3095742.637
600519.SH,2025-05-21,1585.0,1595.94,1580.97,1580.97,1586.0,-5.03,-0.3172,19794.64,3143941.416
600519.SH,2025-05-22,1580.99,1584.99,1570.1,1580.0,1580.97,-0.97,-0.0614,15090.24,2381236.586
600519.SH,2025-05-23,1575.2,1587.9,1571.66,1572.6,1580.0,-7.4,-0.4684,21537.0,3399424.961
600519.SH,2025-05-26,1570.0,1574.63,1545.0,1550.5,1572.6,-22.1,-1.4053,27086.53,4212944.43
600519.SH,2025-05-27,1551.0,1558.6,1543.51,1543.9,1550.5,-6.6,-0.4257,17752.13,2748945.675
600519.SH,2025-05-28,1543.99,1546.46,1533.0,1537.0,1543.9,-6.9,-0.4469,16265.68,2504624.605
600519.SH,2025-05-29,1540.0,1555.0,1532.0,1540.0,1537.0,3.0,0.1952,21859.58,3375465.796
600519.SH,2025-05-30,1540.15,1545.0,1515.24,1522.0,1540.0,-18.0,-1.1688,31239.18,4764875.947
600519.SH,2025-06-03,1508.01,1519.0,1505.02,1509.0,1522.0,-13.0,-0.8541,28979.18,4377892.799
600519.SH,2025-06-04,1510.5,1523.0,1509.22,1509.96,1509.0,0.96,0.0636,23008.09,3480363.797
600519.SH,2025-06-05,1514.0,1516.0,1502.2,1514.0,1509.96,4.04,0.2676,23213.66,3504925.524
600519.SH,2025-06-06,1513.8,1518.97,1503.0,1506.39,1514.0,-7.61,-0.5026,25023.07,3777727.616
600519.SH,2025-06-09,1505.02,1508.7,1485.68,1486.11,1506.39,-20.28,-1.3463,44958.67,6723839.138
600519.SH,2025-06-10,1486.0,1492.0,1474.8,1475.01,1486.11,-11.1,-0.7469,30492.2,4511934.584
600519.SH,2025-06-11,1476.8,1494.0,1476.1,1480.0,1475.01,4.99,0.3383,30892.82,4585522.755
600519.SH,2025-06-12,1480.0,1483.87,1454.1,1459.0,1480.0,-21.0,-1.4189,49903.61,7306800.8
600519.SH,2025-06-13,1444.41,1449.97,1425.06,1426.95,1459.0,-32.05,-2.1967,59113.25,8466515.559
600519.SH,2025-06-16,1401.2,1425.04,1401.18,1422.29,1426.95,-4.66,-0.3266,42887.87,6060448.438
600519.SH,2025-06-17,1420.0,1427.0,1412.18,1427.0,1422.29,4.71,0.3312,27231.51,3868364.671
600519.SH,2025-06-18,1440.0,1443.44,1421.01,1425.0,1427.0,-2.0,-0.1402,30760.99,4404131.364
600519.SH,2025-06-19,1426.0,1433.67,1417.18,1426.0,1425.0,1.0,0.0702,24500.72,3490268.568
600519.SH,2025-06-20,1423.58,1441.14,1420.2,1428.66,1426.0,2.66,0.1865,34815.81,4990683.314
600519.SH,2025-06-23,1420.0,1433.0,1405.18,1420.0,1428.66,-8.66,-0.6062,26723.31,3794012.343
600519.SH,2025-06-24,1423.35,1451.68,1423.35,1437.2,1420.0,17.2,1.2113,36311.51,5229183.514
600519.SH,2025-06-25,1439.11,1449.2,1420.51,1435.86,1437.2,-1.34,-0.0932,41050.07,5869292.227
600519.SH,2025-06-26,1415.0,1428.0,1410.08,1420.0,1408.26,11.74,0.8337,34860.25,4955829.982
600519.SH,2025-06-27,1420.01,1423.0,1403.09,1403.09,1420.0,-16.91,-1.1908,38249.73,5404312.675
600519.SH,2025-06-30,1403.5,1413.23,1402.0,1409.52,1403.09,6.43,0.4583,30457.3,4287373.691
600519.SH,2025-07-01,1409.0,1411.94,1403.31,1405.1,1409.52,-4.42,-0.3136,19878.19,2794423.203
600519.SH,2025-07-02,1409.5,1414.8,1400.0,1409.6,1405.1,4.5,0.3203,26218.25,3689246.316
600519.SH,2025-07-03,1412.0,1422.69,1408.0,1415.6,1409.6,6.0,0.4257,24412.67,3456733.002
600519.SH,2025-07-04,1415.7,1431.89,1410.01,1422.22,1415.6,6.62,0.4676,28766.91,4086547.268
600519.SH,2025-07-07,1422.28,1423.5,1410.01,1410.7,1422.22,-11.52,-0.81,23854.67,3370562.659
600519.SH,2025-07-08,1410.71,1420.0,1410.7,1416.11,1410.7,5.41,0.3835,18673.7,2643302.691
600519.SH,2025-07-09,1415.0,1429.97,1414.17,1418.88,1416.11,2.77,0.1956,27745.32,3950810.723
600519.SH,2025-07-10,1418.97,1436.18,1410.4,1426.5,1418.88,7.62,0.537,38725.03,5503329.754
600519.SH,2025-07-11,1423.16,1458.0,1423.16,1427.0,1426.5,0.5,0.0351,57243.35,8239010.39
600519.SH,2025-07-14,1430.0,1434.98,1421.6,1423.6,1427.0,-3.4,-0.2383,27780.94,3961736.006
600519.SH,2025-07-15,1420.98,1422.93,1408.32,1411.0,1423.6,-12.6,-0.8851,35405.78,5005150.165
600519.SH,2025-07-16,1410.01,1417.49,1409.95,1411.03,1411.0,0.03,0.0021,21286.05,3006882.579
600519.SH,2025-07-17,1413.98,1423.01,1412.88,1416.35,1411.03,5.32,0.377,23105.54,3273100.406
600519.SH,2025-07-18,1420.0,1437.81,1416.38,1437.0,1416.35,20.65,1.458,41823.41,5984949.774
600519.SH,2025-07-21,1436.99,1446.8,1435.0,1443.0,1437.0,6.0,0.4175,26203.31,3779891.829
600519.SH,2025-07-22,1444.0,1466.6,1440.68,1464.98,1443.0,21.98,1.5232,42118.98,6127636.851
600519.SH,2025-07-23,1469.0,1495.0,1468.95,1475.5,1464.98,10.52,0.7181,45044.84,6676301.462
600519.SH,2025-07-24,1476.0,1499.0,1475.0,1491.5,1475.5,16.0,1.0844,38803.64,5786337.377
600519.SH,2025-07-25,1491.4,1491.4,1453.0,1455.0,1491.5,-36.5,-2.4472,41911.26,6140078.741
600519.SH,2025-07-28,1453.0,1454.99,1436.3,1438.66,1455.0,-16.34,-1.123,38586.32,5560966.386
600519.SH,2025-07-29,1439.6,1448.79,1435.01,1439.0,1438.66,0.34,0.0236,26304.08,3785848.102
600519.SH,2025-07-30,1444.0,1457.16,1437.0,1449.44,1439.0,10.44,0.7255,31867.71,4612883.04
600519.SH,2025-07-31,1443.0,1444.87,1418.0,1421.67,1449.44,-27.77,-1.9159,51797.51,7386302.758
600519.SH,2025-08-01,1421.87,1425.96,1414.0,1417.0,1421.67,-4.67,-0.3285,29635.59,4200850.79
600519.SH,2025-08-04,1415.0,1419.8,1414.0,1419.0,1417.0,2.0,0.1411,18687.95,2647105.74
600519.SH,2025-08-05,1421.0,1429.94,1417.11,1427.74,1419.0,8.74,0.6159,25342.27,3607931.488
600519.SH,2025-08-06,1429.0,1429.0,1419.3,1423.88,1427.74,-3.86,-0.2704,23699.28,3372334.94
600519.SH,2025-08-07,1423.88,1427.7,1420.06,1422.35,1423.88,-1.53,-0.1075,28001.34,3988765.795
600519.SH,2025-08-08,1423.05,1426.5,1418.0,1420.97,1422.35,-1.38,-0.097,18655.28,2651478.118
600519.SH,2025-08-11,1423.5,1451.99,1423.0,1445.0,1420.97,24.03,1.6911,47159.07,6794034.09
600519.SH,2025-08-12,1449.0,1465.07,1436.0,1437.04,1445.0,-7.96,-0.5509,42019.23,6095342.036
600519.SH,2025-08-13,1425.0,1433.68,1420.0,1420.05,1437.04,-16.99,-1.1823,65527.54,9325460.101
600519.SH,2025-08-14,1420.94,1447.51,1420.94,1426.99,1420.05,6.94,0.4887,48129.3,6897535.33
600519.SH,2025-08-15,1426.01,1428.66,1420.22,1422.08,1426.99,-4.91,-0.3441,47581.65,6772436.997
600519.SH,2025-08-18,1426.99,1436.64,1423.1,1428.5,1422.08,6.42,0.4515,47377.98,6773477.871
600519.SH,2025-08-19,1433.5,1446.66,1432.0,1438.0,1428.5,9.5,0.665,46371.86,6678541.001
600519.SH,2025-08-20,1438.0,1452.8,1430.02,1450.0,1438.0,12.0,0.8345,45804.66,6623095.725
600519.SH,2025-08-21,1453.45,1454.99,1443.65,1448.25,1450.0,-1.75,-0.1207,30890.57,4470441.662
600519.SH,2025-08-22,1448.88,1464.0,1444.77,1463.95,1448.25,15.7,1.0841,44970.58,6544867.368
600519.SH,2025-08-25,1470.01,1496.0,1466.0,1490.33,1463.95,26.38,1.802,65324.55,9676719.498
600519.SH,2025-08-26,1490.32,1494.23,1480.01,1481.61,1490.33,-8.72,-0.5851,39602.13,5883917.0
600519.SH,2025-08-27,1481.88,1484.93,1448.0,1448.0,1481.61,-33.61,-2.2685,56006.09,8184169.113
600519.SH,2025-08-28,1447.97,1456.1,1438.77,1446.1,1448.0,-1.9,-0.1312,39281.77,5683673.273
600519.SH,2025-08-29,1453.0,1482.58,1452.0,1480.0,1446.1,33.9,2.3442,62256.48,9159701.454
600519.SH,2025-09-01,1482.2,1488.0,1465.7,1476.1,1480.0,-3.9,-0.2635,45123.38,6658918.555
600519.SH,2025-09-02,1478.66,1509.0,1478.0,1491.3,1476.1,15.2,1.0297,56688.37,8470012.816
600519.SH,2025-09-03,1491.0,1503.5,1466.0,1480.55,1491.3,-10.75,-0.7208,45045.03,6656011.145
600519.SH,2025-09-04,1472.0,1479.3,1460.47,1472.66,1480.55,-7.89,-0.5329,47746.76,7017084.75
600519.SH,2025-09-05,1471.0,1486.97,1464.0,1483.0,1472.66,10.34,0.7021,37388.48,5519312.163
600519.SH,2025-09-08,1483.0,1506.44,1477.5,1501.23,1483.0,18.23,1.2293,51382.98,7682065.696
600519.SH,2025-09-09,1505.0,1509.95,1493.42,1505.0,1501.23,3.77,0.2511,35742.77,5366650.005
600519.SH,2025-09-10,1506.66,1529.95,1496.0,1522.01,1505.0,17.01,1.1302,49663.31,7541460.049
600519.SH,2025-09-11,1522.01,1526.02,1508.5,1523.5,1522.01,1.49,0.0979,37238.96,5642778.456
600519.SH,2025-09-12,1526.0,1538.02,1510.53,1516.0,1523.5,-7.5,-0.4923,33722.09,5132184.935
600519.SH,2025-09-15,1515.87,1517.48,1501.5,1515.1,1516.0,-0.9,-0.0594,25827.03,3901929.718
600519.SH,2025-09-16,1515.1,1520.99,1496.21,1499.98,1515.1,-15.12,-0.998,32717.89,4928374.478
600519.SH,2025-09-17,1499.99,1510.28,1490.01,1493.0,1499.98,-6.98,-0.4653,30330.54,4534770.634
600519.SH,2025-09-18,1492.0,1497.8,1463.5,1467.96,1493.0,-25.04,-1.6772,49721.25,7347477.479
600519.SH,2025-09-19,1467.99,1475.5,1457.01,1467.97,1467.96,0.01,0.0007,32636.62,4784528.851
600519.SH,2025-09-22,1465.09,1467.97,1450.01,1453.35,1467.97,-14.62,-0.9959,34947.08,5085057.536
600519.SH,2025-09-23,1450.5,1457.5,1440.0,1447.42,1453.35,-5.93,-0.408,38663.0,5588384.388
600519.SH,2025-09-24,1434.07,1456.78,1434.07,1442.0,1447.42,-5.42,-0.3745,30743.5,4443052.872
600519.SH,2025-09-25,1442.83,1445.21,1436.0,1439.0,1442.0,-3.0,-0.208,33869.73,4873274.661
600519.SH,2025-09-26,1441.18,1447.11,1428.01,1435.0,1439.0,-4.0,-0.278,45120.71,6480889.597
600519.SH,2025-09-29,1439.38,1469.99,1435.0,1460.86,1435.0,25.86,1.8021,53684.03,7798434.586
600519.SH,2025-09-30,1460.0,1460.76,1440.0,1443.99,1460.86,-16.87,-1.1548,39363.62,5687474.876
600519.SH,2025-10-09,1436.0,1439.38,1420.0,1436.78,1443.99,-7.21,-0.4993,54918.12,7845448.947
600519.SH,2025-10-10,1437.6,1439.94,1427.5,1430.0,1436.78,-6.78,-0.4719,36001.44,5157459.262
600519.SH,2025-10-13,1415.7,1422.85,1415.12,1419.2,1430.0,-10.8,-0.7552,46068.8,6533147.458
600519.SH,2025-10-14,1429.99,1464.0,1429.99,1451.02,1419.2,31.82,2.2421,66672.33,9639484.605
600519.SH,2025-10-15,1450.98,1463.0,1445.08,1462.0,1451.02,10.98,0.7567,42785.4,6233407.482
600519.SH,2025-10-16,1461.92,1484.95,1458.88,1484.91,1462.0,22.91,1.567,45730.15,6749162.949
600519.SH,2025-10-17,1483.1,1488.0,1454.03,1455.0,1484.91,-29.91,-2.0143,38085.89,5594724.9
600519.SH,2025-10-20,1455.0,1469.5,1454.88,1457.93,1455.0,2.93,0.2014,25949.88,3793283.759
600519.SH,2025-10-21,1459.0,1469.94,1455.5,1462.26,1457.93,4.33,0.297,25442.67,3727984.13
600519.SH,2025-10-22,1462.08,1465.73,1456.0,1458.7,1462.26,-3.56,-0.2435,18194.92,2657486.636
600519.SH,2025-10-23,1455.0,1468.8,1447.2,1467.98,1458.7,9.28,0.6362,29322.35,4274652.09
600519.SH,2025-10-24,1467.95,1478.88,1449.34,1450.0,1467.98,-17.98,-1.2248,38225.83,5578603.148
600519.SH,2025-10-27,1440.0,1452.49,1435.99,1440.41,1450.0,-9.59,-0.6614,37102.39,5352667.152
600519.SH,2025-10-28,1442.0,1451.2,1441.1,1445.0,1440.41,4.59,0.3187,27124.33,3923817.14
600519.SH,2025-10-29,1440.02,1446.55,1430.04,1431.9,1445.0,-13.1,-0.9066,33937.11,4868780.319
600519.SH,2025-10-30,1421.81,1436.63,1421.81,1426.74,1431.9,-5.16,-0.3604,47456.1,6768821.311
600519.SH,2025-10-31,1422.0,1435.98,1420.11,1430.01,1426.74,3.27,0.2292,35693.77,5109623.861
600519.SH,2025-11-03,1431.0,1448.0,1420.1,1435.0,1430.01,4.99,0.3489,34547.66,4945310.83
600519.SH,2025-11-04,1435.1,1435.78,1423.78,1429.0,1435.0,-6.0,-0.4181,26565.72,3793892.903
600519.SH,2025-11-05,1425.89,1430.99,1420.01,1420.08,1429.0,-8.92,-0.6242,34475.27,4908475.373
600519.SH,2025-11-06,1430.0,1441.45,1429.99,1435.13,1420.08,15.05,1.0598,38347.82,5505960.415
600519.SH,2025-11-07,1435.11,1439.78,1431.11,1433.33,1435.13,-1.8,-0.1254,18861.39,2704995.856
600519.SH,2025-11-10,1435.0,1463.69,1434.98,1462.3,1433.33,28.97,2.0212,49451.54,7181246.441
600519.SH,2025-11-11,1462.0,1462.18,1447.0,1458.99,1462.3,-3.31,-0.2264,26691.56,3882776.772
600519.SH,2025-11-12,1459.98,1478.36,1459.21,1465.15,1458.99,6.16,0.4222,32992.1,4849073.051
600519.SH,2025-11-13,1462.12,1473.58,1458.0,1470.38,1465.15,5.23,0.357,31179.23,4569178.269
600519.SH,2025-11-14,1470.0,1478.95,1456.3,1456.6,1470.38,-13.78,-0.9372,27473.06,4031007.106
600519.SH,2025-11-17,1454.0,1473.0,1445.79,1471.0,1456.6,14.4,0.9886,34462.21,5035780.027
600519.SH,2025-11-18,1470.7,1486.07,1469.0,1476.0,1471.0,5.0,0.3399,34204.78,5055675.474
600519.SH,2025-11-19,1474.0,1479.53,1469.96,1471.01,1476.0,-4.99,-0.3381,22045.37,3249449.214
600519.SH,2025-11-20,1472.0,1479.9,1465.03,1467.11,1471.01,-3.9,-0.2651,24002.32,3531653.943
600519.SH,2025-11-21,1470.5,1480.0,1456.0,1466.6,1467.11,-0.51,-0.0348,42607.2,6259873.433
600519.SH,2025-11-24,1467.0,1471.0,1451.13,1452.0,1466.6,-14.6,-0.9955,33607.44,4901903.705
600519.SH,2025-11-25,1458.0,1458.0,1444.5,1444.65,1452.0,-7.35,-0.5062,28440.69,4119930.011
600519.SH,2025-11-26,1448.88,1453.49,1443.58,1449.15,1444.65,4.5,0.3115,20306.16,2938818.095
600519.SH,2025-11-27,1449.5,1450.0,1439.04,1447.3,1449.15,-1.85,-0.1277,22286.89,3216797.187
600519.SH,2025-11-28,1446.5,1455.5,1443.0,1450.5,1447.3,3.2,0.2211,23211.21,3366696.622
600519.SH,2025-12-01,1451.0,1462.27,1442.0,1448.0,1450.5,-2.5,-0.1724,27333.42,3961994.999
600519.SH,2025-12-02,1448.0,1451.92,1435.02,1436.03,1448.0,-11.97,-0.8267,25047.26,3607543.825
600519.SH,2025-12-03,1435.81,1435.97,1428.0,1429.1,1436.03,-6.93,-0.4826,23572.79,3370080.066
600519.SH,2025-12-04,1429.1,1432.5,1418.38,1423.98,1429.1,-5.12,-0.3583,29075.39,4134921.902
600519.SH,2025-12-05,1423.98,1433.09,1419.5,1430.01,1423.98,6.03,0.4235,25401.66,3622681.597
600519.SH,2025-12-08,1429.2,1436.67,1418.0,1418.22,1430.01,-11.79,-0.8245,33602.8,4789155.77
600519.SH,2025-12-09,1418.23,1421.0,1400.05,1401.01,1418.22,-17.21,-1.2135,42634.43,5995722.121
600519.SH,2025-12-10,1400.0,1402.8,1383.18,1402.8,1401.01,1.79,0.1278,33133.47,4625906.139
600519.SH,2025-12-04,1429.1,1432.5,1418.38,1423.98,1429.1,-5.12,-0.3583,29075.39,4134921.902
600519.SH,2025-12-05,1423.98,1433.09,1419.5,1430.01,1423.98,6.03,0.4235,25401.66,3622681.597
600519.SH,2025-12-08,1429.2,1436.67,1418.0,1418.22,1430.01,-11.79,-0.8245,33602.8,4789155.77
600519.SH,2025-12-09,1418.23,1421.0,1400.05,1401.01,1418.22,-17.21,-1.2135,42634.43,5995722.121
600519.SH,2025-12-10,1400.0,1402.8,1383.18,1402.8,1401.01,1.79,0.1278,33133.47,4625906.139
600519.SH,2025-12-11,1406.66,1411.99,1401.55,1411.99,1402.8,9.19,0.6551,22385.01,3149974.074
600519.SH,2025-12-04,1429.1,1432.5,1418.38,1423.98,1429.1,-5.12,-0.3583,29075.39,4134921.902
600519.SH,2025-12-05,1423.98,1433.09,1419.5,1430.01,1423.98,6.03,0.4235,25401.66,3622681.597
600519.SH,2025-12-08,1429.2,1436.67,1418.0,1418.22,1430.01,-11.79,-0.8245,33602.8,4789155.77
600519.SH,2025-12-09,1418.23,1421.0,1400.05,1401.01,1418.22,-17.21,-1.2135,42634.43,5995722.121
600519.SH,2025-12-10,1400.0,1402.8,1383.18,1402.8,1401.01,1.79,0.1278,33133.47,4625906.139
600519.SH,2025-12-11,1406.66,1411.99,1401.55,1411.99,1402.8,9.19,0.6551,22385.01,3149974.074
600519.SH,2025-12-05,1423.98,1433.09,1419.5,1430.01,1423.98,6.03,0.4235,25401.66,3622681.597
600519.SH,2025-12-08,1429.2,1436.67,1418.0,1418.22,1430.01,-11.79,-0.8245,33602.8,4789155.77
600519.SH,2025-12-09,1418.23,1421.0,1400.05,1401.01,1418.22,-17.21,-1.2135,42634.43,5995722.121
600519.SH,2025-12-10,1400.0,1402.8,1383.18,1402.8,1401.01,1.79,0.1278,33133.47,4625906.139
600519.SH,2025-12-11,1406.66,1411.99,1401.55,1411.99,1402.8,9.19,0.6551,22385.01,3149974.074
600519.SH,2025-12-12,1418.0,1425.0,1413.57,1420.65,1411.99,8.66,0.6133,37159.19,5273563.274
600519.SH,2025-12-08,1429.2,1436.67,1418.0,1418.22,1430.01,-11.79,-0.8245,33602.8,4789155.77
600519.SH,2025-12-09,1418.23,1421.0,1400.05,1401.01,1418.22,-17.21,-1.2135,42634.43,5995722.121
600519.SH,2025-12-10,1400.0,1402.8,1383.18,1402.8,1401.01,1.79,0.1278,33133.47,4625906.139
600519.SH,2025-12-11,1406.66,1411.99,1401.55,1411.99,1402.8,9.19,0.6551,22385.01,3149974.074
600519.SH,2025-12-12,1418.0,1425.0,1413.57,1420.65,1411.99,8.66,0.6133,37159.19,5273563.274
600519.SH,2025-12-11,1406.66,1411.99,1401.55,1411.99,1402.8,9.19,0.6551,22385.01,3149974.074
600519.SH,2025-12-12,1418.0,1425.0,1413.57,1420.65,1411.99,8.66,0.6133,37159.19,5273563.274
600519.SH,2025-12-15,1439.59,1439.99,1425.57,1426.0,1420.65,5.35,0.3766,33358.79,4774362.06
600519.SH,2025-12-15,1439.59,1439.99,1425.57,1426.0,1420.65,5.35,0.3766,33358.79,4774362.06
600519.SH,2025-12-16,1426.2,1428.78,1415.0,1422.0,1426.0,-4.0,-0.2805,23963.67,3403139.194
600519.SH,2025-12-15,1439.59,1439.99,1425.57,1426.0,1420.65,5.35,0.3766,33358.79,4774362.06
600519.SH,2025-12-16,1426.2,1428.78,1415.0,1422.0,1426.0,-4.0,-0.2805,23963.67,3403139.194
600519.SH,2025-12-17,1425.0,1439.94,1417.68,1433.1,1422.0,11.1,0.7806,31382.49,4489482.138
600519.SH,2025-12-16,1426.2,1428.78,1415.0,1422.0,1426.0,-4.0,-0.2805,23963.67,3403139.194
600519.SH,2025-12-17,1425.0,1439.94,1417.68,1433.1,1422.0,11.1,0.7806,31382.49,4489482.138
600519.SH,2025-12-18,1433.5,1438.88,1426.11,1431.0,1433.1,-2.1,-0.1465,17829.95,2551177.659
600519.SH,2025-12-17,1425.0,1439.94,1417.68,1433.1,1422.0,11.1,0.7806,31382.49,4489482.138
600519.SH,2025-12-18,1433.5,1438.88,1426.11,1431.0,1433.1,-2.1,-0.1465,17829.95,2551177.659
600519.SH,2025-12-19,1410.0,1412.45,1401.01,1410.0,1407.04,2.96,0.2104,26508.68,3733028.357
600519.SH,2025-12-18,1433.5,1438.88,1426.11,1431.0,1433.1,-2.1,-0.1465,17829.95,2551177.659
600519.SH,2025-12-19,1410.0,1412.45,1401.01,1410.0,1407.04,2.96,0.2104,26508.68,3733028.357
600519.SH,2025-12-18,1433.5,1438.88,1426.11,1431.0,1433.1,-2.1,-0.1465,17829.95,2551177.659
600519.SH,2025-12-19,1410.0,1412.45,1401.01,1410.0,1407.04,2.96,0.2104,26508.68,3733028.357
600519.SH,2025-12-22,1410.0,1414.14,1406.58,1408.26,1410.0,-1.74,-0.1234,20425.65,2881636.856
